SA2_CODE_2021,SA2_NAME_2021,SED_CODE_2024,SED_NAME_2024,RATIO_FROM_TO,INDIV_TO_REGION_QLTY_INDICATOR,OVERALL_QUALITY_INDICATOR,BMOS_NULL_FLAG
101021007,Braidwood,10031,Goulburn,0.0704371,Good,Acceptable,0
101021007,Braidwood,10053,Monaro,0.9295629,Good,Acceptable,0
101021008,Karabar,10053,Monaro,1,Good,Acceptable,0
101021009,Queanbeyan,10053,Monaro,1,Good,Acceptable,0
101021010,Queanbeyan - East,10053,Monaro,1,Good,Acceptable,0
101021012,Queanbeyan West - Jerrabomberra,10053,Monaro,1,Good,Acceptable,0
101021610,Googong,10053,Monaro,1,Good,Acceptable,0
101021611,Queanbeyan Surrounds,10031,Goulburn,0.022922,Good,Acceptable,0
101021611,Queanbeyan Surrounds,10053,Monaro,0.977078,Good,Acceptable,0
101031013,Bombala,10009,Bega,4.10E-06,Good,Acceptable,1
101031013,Bombala,10053,Monaro,0.9999959,Good,Acceptable,0
101031014,Cooma,10053,Monaro,1,Good,Acceptable,0
101031015,Cooma Surrounds,10053,Monaro,1,Good,Acceptable,0
101031016,Jindabyne - Berridale,10053,Monaro,1,Good,Acceptable,0
101041017,Batemans Bay,10009,Bega,1,Good,Acceptable,0
101041018,Batemans Bay - South,10009,Bega,1,Good,Acceptable,0
101041019,Bega - Tathra,10009,Bega,1,Good,Acceptable,0
101041020,Bega-Eden Hinterland,10009,Bega,1,Good,Acceptable,0
101041021,Broulee - Tomakin,10009,Bega,1,Good,Acceptable,0
101041022,Deua - Wadbilliga,10009,Bega,1,Good,Acceptable,0
101041023,Eden,10009,Bega,1,Good,Acceptable,0
101041024,Eurobodalla Hinterland,10074,South Coast,0.0565403,Good,Acceptable,0
101041024,Eurobodalla Hinterland,10009,Bega,0.9434597,Good,Acceptable,0
101041025,Merimbula - Tura Beach,10009,Bega,1,Good,Acceptable,0
101041026,Moruya - Tuross Head,10009,Bega,1,Good,Acceptable,0
101041027,Narooma - Bermagui,10009,Bega,1,Good,Acceptable,0
101051539,Goulburn,10031,Goulburn,1,Good,Acceptable,0
101051540,Goulburn Surrounds,10053,Monaro,0.0107603,Good,Acceptable,0
101051540,Goulburn Surrounds,10031,Goulburn,0.9892397,Good,Acceptable,0
101061541,Yass,10031,Goulburn,1,Good,Acceptable,0
101061542,Yass Surrounds,10022,Cootamundra,0.0447121,Good,Acceptable,0
101061542,Yass Surrounds,10031,Goulburn,0.9552879,Good,Acceptable,0
101061543,Young,10022,Cootamundra,1,Good,Acceptable,0
101061544,Young Surrounds,10022,Cootamundra,1,Good,Acceptable,0
102011028,Avoca Beach - Copacabana,10080,Terrigal,1,Good,Acceptable,0
102011029,Box Head - MacMasters Beach,10080,Terrigal,1,Good,Acceptable,0
102011030,Calga - Kulnura,10030,Gosford,1,Good,Acceptable,0
102011031,Erina - Green Point,10080,Terrigal,1,Good,Acceptable,0
102011032,Gosford - Springfield,10080,Terrigal,0.2032546,Good,Acceptable,0
102011032,Gosford - Springfield,10030,Gosford,0.7967454,Good,Acceptable,0
102011033,Kariong,10030,Gosford,1,Good,Acceptable,0
102011034,Kincumber - Picketts Valley,10080,Terrigal,1,Good,Acceptable,0
102011035,Narara,10081,The Entrance,0.2714442,Good,Acceptable,0
102011035,Narara,10030,Gosford,0.7285558,Good,Acceptable,0
102011036,Niagara Park - Lisarow,10080,Terrigal,0.0024302,Good,Acceptable,1
102011036,Niagara Park - Lisarow,10081,The Entrance,0.9975698,Good,Acceptable,0
102011037,Point Clare - Koolewong,10030,Gosford,1,Good,Acceptable,0
102011038,Saratoga - Davistown,10080,Terrigal,1,Good,Acceptable,0
102011039,Terrigal - North Avoca,10080,Terrigal,1,Good,Acceptable,0
102011040,Umina - Booker Bay - Patonga,10030,Gosford,1,Good,Acceptable,0
102011041,Wamberal - Forresters Beach,10081,The Entrance,0.0308907,Good,Acceptable,0
102011041,Wamberal - Forresters Beach,10080,Terrigal,0.9691093,Good,Acceptable,0
102011042,Woy Woy - Blackwall,10030,Gosford,1,Good,Acceptable,0
102011043,Wyoming,10081,The Entrance,1,Good,Acceptable,0
102021044,Bateau Bay - Killarney Vale,10081,The Entrance,1,Good,Acceptable,0
102021045,Blue Haven - San Remo,10077,Swansea,0.4187812,Good,Acceptable,0
102021045,Blue Haven - San Remo,10093,Wyong,0.5812188,Good,Acceptable,0
102021046,Budgewoi - Buff Point - Halekulani,10077,Swansea,1,Good,Acceptable,0
102021047,Chittaway Bay - Tumbi Umbi,10093,Wyong,0.1758168,Good,Acceptable,0
102021047,Chittaway Bay - Tumbi Umbi,10081,The Entrance,0.8241832,Good,Acceptable,0
102021048,Gorokan - Kanwal - Charmhaven,10093,Wyong,1,Good,Acceptable,0
102021049,Jilliby - Yarramalong,10093,Wyong,1,Good,Acceptable,0
102021050,Lake Munmorah - Mannering Park,10077,Swansea,1,Good,Acceptable,0
102021051,Ourimbah - Fountaindale,10093,Wyong,0.0935037,Good,Acceptable,0
102021051,Ourimbah - Fountaindale,10081,The Entrance,0.9064963,Good,Acceptable,0
102021052,Summerland Point - Gwandalan,10077,Swansea,1,Good,Acceptable,0
102021053,The Entrance,10081,The Entrance,1,Good,Acceptable,0
102021054,Toukley - Norah Head,10093,Wyong,1,Good,Acceptable,0
102021055,Tuggerah - Kangy Angy,10081,The Entrance,0.2107583,Good,Acceptable,0
102021055,Tuggerah - Kangy Angy,10093,Wyong,0.7892417,Good,Acceptable,0
102021056,Warnervale - Wadalba,10093,Wyong,1,Good,Acceptable,0
102021057,Wyong,10093,Wyong,1,Good,Acceptable,0
103011059,Bathurst - East,10008,Bathurst,1,Good,Acceptable,0
103011060,Bathurst Surrounds,10008,Bathurst,1,Good,Acceptable,0
103011061,Oberon,10008,Bathurst,1,Good,Acceptable,0
103011612,Bathurst - South,10008,Bathurst,1,Good,Acceptable,0
103011613,Bathurst - West,10008,Bathurst,1,Good,Acceptable,0
103021062,Condobolin,10062,Orange,0.0571056,Good,Acceptable,0
103021062,Condobolin,10007,Barwon,0.9428944,Good,Acceptable,0
103021063,Cowra,10022,Cootamundra,1,Good,Acceptable,0
103021064,Cowra Surrounds,10062,Orange,0.4004412,Good,Acceptable,0
103021064,Cowra Surrounds,10022,Cootamundra,0.5995588,Good,Acceptable,0
103021065,Forbes,10022,Cootamundra,0.0014007,Good,Acceptable,1
103021065,Forbes,10007,Barwon,0.0020016,Good,Acceptable,1
103021065,Forbes,10062,Orange,0.9965976,Good,Acceptable,0
103021066,Grenfell,10022,Cootamundra,1,Good,Acceptable,0
103021067,Parkes (NSW),10062,Orange,1,Good,Acceptable,0
103021068,Parkes Surrounds,10062,Orange,1,Good,Acceptable,0
103021069,West Wyalong,10022,Cootamundra,1,Good,Acceptable,0
103031070,Lithgow,10008,Bathurst,1,Good,Acceptable,0
103031071,Lithgow Surrounds,10008,Bathurst,1,Good,Acceptable,0
103031072,Mudgee,10026,Dubbo,1,Good,Acceptable,0
103031073,Mudgee Surrounds - East,10008,Bathurst,1,Good,Acceptable,0
103031074,Mudgee Surrounds - West,10083,Upper Hunter,0.0002731,Good,Acceptable,1
103031074,Mudgee Surrounds - West,10008,Bathurst,0.0006369,Good,Acceptable,1
103031074,Mudgee Surrounds - West,10007,Barwon,0.1187906,Good,Acceptable,0
103031074,Mudgee Surrounds - West,10026,Dubbo,0.8802994,Good,Acceptable,0
103031075,Wollangambe - Wollemi,10011,Blue Mountains,0.05,Good,Acceptable,0
103031075,Wollangambe - Wollemi,10083,Upper Hunter,0.05,Good,Acceptable,0
103031075,Wollangambe - Wollemi,10008,Bathurst,0.9,Good,Acceptable,0
103041076,Blayney,10022,Cootamundra,0.0021314,Good,Acceptable,1
103041076,Blayney,10008,Bathurst,0.9978686,Good,Acceptable,0
103041077,Orange,10062,Orange,1,Good,Acceptable,0
103041078,Orange - North,10062,Orange,1,Good,Acceptable,0
103041079,Orange Surrounds,10026,Dubbo,0.0026237,Good,Acceptable,1
103041079,Orange Surrounds,10062,Orange,0.9973763,Good,Acceptable,0
104011080,Grafton,10019,Clarence,1,Good,Acceptable,0
104011081,Grafton Surrounds,10019,Clarence,1,Good,Acceptable,0
104011082,Maclean - Yamba - Iluka,10019,Clarence,1,Good,Acceptable,0
104021083,Bellingen,10063,Oxley,1,Good,Acceptable,0
104021084,Coffs Harbour - North,10020,Coffs Harbour,1,Good,Acceptable,0
104021085,Coffs Harbour - South,10020,Coffs Harbour,1,Good,Acceptable,0
104021086,Coramba - Nana Glen - Bucca,10020,Coffs Harbour,1,Good,Acceptable,0
104021087,Dorrigo,10019,Clarence,0.137947,Good,Acceptable,0
104021087,Dorrigo,10020,Coffs Harbour,0.192496,Good,Acceptable,0
104021087,Dorrigo,10063,Oxley,0.669557,Good,Acceptable,0
104021088,Korora - Emerald Beach,10020,Coffs Harbour,1,Good,Acceptable,0
104021089,Sawtell - Boambee,10020,Coffs Harbour,1,Good,Acceptable,0
104021090,Urunga,10063,Oxley,1,Good,Acceptable,0
104021091,Woolgoolga - Arrawarra,10020,Coffs Harbour,1,Good,Acceptable,0
105011092,Bourke - Brewarrina,10007,Barwon,1,Good,Acceptable,0
105011093,Cobar,10007,Barwon,1,Good,Acceptable,0
105011094,Coonamble,10007,Barwon,1,Good,Acceptable,0
105011095,Nyngan - Warren,10007,Barwon,1,Good,Acceptable,0
105011096,Walgett - Lightning Ridge,10007,Barwon,1,Good,Acceptable,0
105021097,Broken Hill,10007,Barwon,1,Good,Acceptable,0
105021098,Far West,10007,Barwon,1,Good,Acceptable,0
105031099,Coonabarabran,10007,Barwon,1,Good,Acceptable,0
105031100,Dubbo - East,10026,Dubbo,1,Good,Acceptable,0
105031101,Dubbo - South,10026,Dubbo,1,Good,Acceptable,0
105031102,Dubbo - West,10026,Dubbo,1,Good,Acceptable,0
105031103,Dubbo Surrounds,10062,Orange,0.0158121,Good,Acceptable,0
105031103,Dubbo Surrounds,10026,Dubbo,0.9841879,Good,Acceptable,0
105031104,Gilgandra,10007,Barwon,1,Good,Acceptable,0
105031105,Narromine,10007,Barwon,0.0148311,Good,Acceptable,0
105031105,Narromine,10026,Dubbo,0.9851689,Good,Acceptable,0
105031106,Wellington,10062,Orange,0.0389104,Good,Acceptable,0
105031106,Wellington,10026,Dubbo,0.9610896,Good,Acceptable,0
106011107,Branxton - Greta - Pokolbin,10049,Maitland,0.0194754,Good,Acceptable,0
106011107,Branxton - Greta - Pokolbin,10083,Upper Hunter,0.3925057,Good,Acceptable,0
106011107,Branxton - Greta - Pokolbin,10017,Cessnock,0.5880189,Good,Acceptable,0
106011108,Cessnock,10017,Cessnock,1,Good,Acceptable,0
106011109,Cessnock Surrounds,10017,Cessnock,1,Good,Acceptable,0
106011110,Dungog,10068,Port Stephens,0.0017786,Good,Acceptable,1
106011110,Dungog,10083,Upper Hunter,0.9982214,Good,Acceptable,0
106011111,Kurri Kurri - Abermain,10049,Maitland,0.0011156,Good,Acceptable,1
106011111,Kurri Kurri - Abermain,10017,Cessnock,0.9988844,Good,Acceptable,0
106011112,Singleton,10083,Upper Hunter,1,Good,Acceptable,0
106011113,Singleton Surrounds,10083,Upper Hunter,1,Good,Acceptable,0
106021114,Maitland,10049,Maitland,1,Good,Acceptable,0
106021116,Maitland - North,10083,Upper Hunter,1,Good,Acceptable,0
106021614,East Maitland - Metford,10049,Maitland,1,Good,Acceptable,0
106021615,Rutherford (North) - Aberglasslyn,10083,Upper Hunter,0.029319,Good,Acceptable,0
106021615,Rutherford (North) - Aberglasslyn,10049,Maitland,0.970681,Good,Acceptable,0
106021616,Rutherford (South) - Telarah,10017,Cessnock,0.0095182,Good,Acceptable,1
106021616,Rutherford (South) - Telarah,10049,Maitland,0.9904818,Good,Acceptable,0
106021617,Tenambit - East Maitland,10049,Maitland,1,Good,Acceptable,0
106021618,Thornton - Millers Forest,10049,Maitland,1,Good,Acceptable,0
106031119,Anna Bay,10068,Port Stephens,1,Good,Acceptable,0
106031120,Lemon Tree Passage - Tanilba Bay,10068,Port Stephens,1,Good,Acceptable,0
106031121,Nelson Bay Peninsula,10068,Port Stephens,1,Good,Acceptable,0
106031122,Raymond Terrace,10068,Port Stephens,1,Good,Acceptable,0
106031123,Seaham - Woodville,10068,Port Stephens,1,Good,Acceptable,0
106031124,Tea Gardens - Hawks Nest,10068,Port Stephens,1,Good,Acceptable,0
106031125,Williamtown - Medowie - Karuah,10068,Port Stephens,1,Good,Acceptable,0
106041126,Muswellbrook,10083,Upper Hunter,1,Good,Acceptable,0
106041127,Muswellbrook Surrounds,10083,Upper Hunter,1,Good,Acceptable,0
106041128,Scone,10083,Upper Hunter,1,Good,Acceptable,0
106041129,Scone Surrounds,10083,Upper Hunter,1,Good,Acceptable,0
107011131,Dapto - Avondale,10040,Kiama,0.0073139,Good,Acceptable,1
107011131,Dapto - Avondale,10092,Wollongong,0.2577761,Acceptable,Acceptable,0
107011131,Dapto - Avondale,10073,Shellharbour,0.73491,Good,Acceptable,0
107011132,Horsley - Kembla Grange,10038,Keira,0.1189507,Acceptable,Acceptable,0
107011132,Horsley - Kembla Grange,10073,Shellharbour,0.8810493,Good,Acceptable,0
107011133,Port Kembla Industrial,10092,Wollongong,1,Acceptable,Acceptable,0
107011134,Unanderra - Mount Kembla,10092,Wollongong,0.0007227,Acceptable,Acceptable,1
107011134,Unanderra - Mount Kembla,10038,Keira,0.9992773,Acceptable,Acceptable,0
107011545,Berkeley - Lake Heights - Cringila,10092,Wollongong,1,Acceptable,Acceptable,0
107011546,Port Kembla - Warrawong,10092,Wollongong,1,Acceptable,Acceptable,0
107011547,Windang - Primbee,10092,Wollongong,1,Acceptable,Acceptable,0
107021135,Illawarra Catchment Reserve,10073,Shellharbour,1.98E-05,Good,Acceptable,1
107021135,Illawarra Catchment Reserve,10038,Keira,0.0040658,Acceptable,Acceptable,1
107021135,Illawarra Catchment Reserve,10091,Wollondilly,0.0040757,Good,Acceptable,1
107021135,Illawarra Catchment Reserve,10034,Heathcote,0.9918386,Acceptable,Acceptable,0
107031136,Albion Park - Macquarie Pass,10040,Kiama,1,Good,Acceptable,0
107031137,Albion Park Rail,10073,Shellharbour,0.3181812,Good,Acceptable,0
107031137,Albion Park Rail,10040,Kiama,0.6818188,Good,Acceptable,0
107031138,Kiama,10040,Kiama,1,Good,Acceptable,0
107031139,Kiama Downs - Minnamurra,10040,Kiama,1,Good,Acceptable,0
107031140,Kiama Hinterland - Gerringong,10040,Kiama,1,Good,Acceptable,0
107031141,Shellharbour - Flinders,10040,Kiama,0.0101314,Good,Acceptable,0
107031141,Shellharbour - Flinders,10073,Shellharbour,0.9898686,Good,Acceptable,0
107031142,Shellharbour - Oak Flats,10073,Shellharbour,1,Good,Acceptable,0
107031143,Warilla,10073,Shellharbour,1,Good,Acceptable,0
107041144,Balgownie - Fairy Meadow,10092,Wollongong,0.3402857,Acceptable,Acceptable,0
107041144,Balgownie - Fairy Meadow,10038,Keira,0.6597143,Acceptable,Acceptable,0
107041145,Corrimal - Tarrawanna - Bellambi,10092,Wollongong,0.2139238,Acceptable,Acceptable,0
107041145,Corrimal - Tarrawanna - Bellambi,10038,Keira,0.7860762,Acceptable,Acceptable,0
107041146,Figtree - Keiraville,10092,Wollongong,0.0792106,Acceptable,Acceptable,0
107041146,Figtree - Keiraville,10038,Keira,0.9207894,Acceptable,Acceptable,0
107041147,Helensburgh,10034,Heathcote,1,Acceptable,Acceptable,0
107041148,Thirroul - Austinmer - Coalcliff,10034,Heathcote,1,Acceptable,Acceptable,0
107041150,Woonona - Bulli - Russell Vale,10034,Heathcote,0.2868758,Acceptable,Acceptable,0
107041150,Woonona - Bulli - Russell Vale,10038,Keira,0.7131242,Acceptable,Acceptable,0
107041548,Wollongong - East,10092,Wollongong,1,Acceptable,Acceptable,0
107041549,Wollongong - West,10092,Wollongong,1,Acceptable,Acceptable,0
108011151,Bulahdelah - Stroud,10068,Port Stephens,0.0030519,Good,Acceptable,1
108011151,Bulahdelah - Stroud,10056,Myall Lakes,0.4343294,Good,Acceptable,0
108011151,Bulahdelah - Stroud,10083,Upper Hunter,0.5626187,Good,Acceptable,0
108011152,Forster,10056,Myall Lakes,1,Good,Acceptable,0
108011153,Forster-Tuncurry Surrounds,10056,Myall Lakes,1,Good,Acceptable,0
108011154,Tuncurry,10056,Myall Lakes,1,Good,Acceptable,0
108021155,Kempsey,10063,Oxley,1,Good,Acceptable,0
108021156,Kempsey Surrounds,10060,Northern Tablelands,0.0065422,Good,Acceptable,1
108021156,Kempsey Surrounds,10063,Oxley,0.9934578,Good,Acceptable,0
108021157,Macksville - Scotts Head,10063,Oxley,1,Good,Acceptable,0
108021158,Nambucca Heads,10063,Oxley,1,Good,Acceptable,0
108021159,Nambucca Heads Surrounds,10063,Oxley,1,Good,Acceptable,0
108021160,South West Rocks,10063,Oxley,1,Good,Acceptable,0
108031161,Lord Howe Island,10067,Port Macquarie,1,Good,Acceptable,0
108041162,Laurieton - Bonny Hills,10063,Oxley,5.00E-07,Good,Acceptable,1
108041162,Laurieton - Bonny Hills,10067,Port Macquarie,0.9999995,Good,Acceptable,0
108041164,Port Macquarie - West,10067,Port Macquarie,1,Good,Acceptable,0
108041165,Port Macquarie Surrounds,10056,Myall Lakes,0.0029965,Good,Acceptable,1
108041165,Port Macquarie Surrounds,10067,Port Macquarie,0.1329126,Good,Acceptable,0
108041165,Port Macquarie Surrounds,10063,Oxley,0.8640909,Good,Acceptable,0
108041166,Wauchope,10067,Port Macquarie,0.1105984,Good,Acceptable,0
108041166,Wauchope,10063,Oxley,0.8894016,Good,Acceptable,0
108041619,Port Macquarie - East,10067,Port Macquarie,1,Good,Acceptable,0
108041620,Port Macquarie - South,10067,Port Macquarie,1,Good,Acceptable,0
108051167,Gloucester,10083,Upper Hunter,1,Good,Acceptable,0
108051168,Old Bar - Manning Point - Red Head,10056,Myall Lakes,1,Good,Acceptable,0
108051169,Taree,10056,Myall Lakes,1,Good,Acceptable,0
108051170,Taree Surrounds,10083,Upper Hunter,0.0004586,Good,Acceptable,1
108051170,Taree Surrounds,10067,Port Macquarie,0.4320712,Good,Acceptable,0
108051170,Taree Surrounds,10056,Myall Lakes,0.5674702,Good,Acceptable,0
108051171,Wingham,10056,Myall Lakes,1,Good,Acceptable,0
109011172,Albury - East,10001,Albury,1,Good,Acceptable,0
109011173,Albury - North,10001,Albury,1,Good,Acceptable,0
109011174,Albury - South,10001,Albury,1,Good,Acceptable,0
109011175,Albury Surrounds,10085,Wagga Wagga,0.0006406,Good,Acceptable,1
109011175,Albury Surrounds,10001,Albury,0.9993594,Good,Acceptable,0
109011176,Lavington,10001,Albury,1,Good,Acceptable,0
109021177,Hay,10055,Murray,1,Good,Acceptable,0
109021178,Wentworth - Buronga,10055,Murray,1,Good,Acceptable,0
109021179,Wentworth-Balranald Region,10055,Murray,1,Good,Acceptable,0
109031180,Corowa,10001,Albury,1,Good,Acceptable,0
109031181,Corowa Surrounds,10001,Albury,1,Good,Acceptable,0
109031182,Deniliquin,10055,Murray,1,Good,Acceptable,0
109031183,Deniliquin Surrounds,10055,Murray,1,Good,Acceptable,0
109031184,Moama,10055,Murray,1,Good,Acceptable,0
109031185,Tocumwal - Finley - Jerilderie,10055,Murray,1,Good,Acceptable,0
110011186,Armidale,10060,Northern Tablelands,1,Good,Acceptable,0
110011187,Armidale Surrounds - North,10060,Northern Tablelands,1,Good,Acceptable,0
110011188,Armidale Surrounds - South,10079,Tamworth,0.0044131,Good,Acceptable,1
110011188,Armidale Surrounds - South,10060,Northern Tablelands,0.9955869,Good,Acceptable,0
110011189,Walcha,10079,Tamworth,0.041439,Good,Acceptable,0
110011189,Walcha,10060,Northern Tablelands,0.958561,Good,Acceptable,0
110021190,Glen Innes,10060,Northern Tablelands,1,Good,Acceptable,0
110021191,Inverell,10060,Northern Tablelands,1,Good,Acceptable,0
110021192,Inverell Surrounds - East,10079,Tamworth,0.0023052,Good,Acceptable,1
110021192,Inverell Surrounds - East,10060,Northern Tablelands,0.9976948,Good,Acceptable,0
110021193,Inverell Surrounds - West,10060,Northern Tablelands,1,Good,Acceptable,0
110021194,Tenterfield,10045,Lismore,1,Good,Acceptable,0
110031195,Moree,10060,Northern Tablelands,1,Good,Acceptable,0
110031196,Moree Surrounds,10060,Northern Tablelands,1,Good,Acceptable,0
110031197,Narrabri,10007,Barwon,1,Good,Acceptable,0
110031198,Narrabri Surrounds,10007,Barwon,1,Good,Acceptable,0
110041199,Gunnedah,10079,Tamworth,1,Good,Acceptable,0
110041200,Gunnedah Surrounds,10007,Barwon,0.2728727,Good,Acceptable,0
110041200,Gunnedah Surrounds,10079,Tamworth,0.7271273,Good,Acceptable,0
110041201,Quirindi,10079,Tamworth,1,Good,Acceptable,0
110041202,Tamworth - East,10079,Tamworth,1,Good,Acceptable,0
110041203,Tamworth - North,10079,Tamworth,1,Good,Acceptable,0
110041204,Tamworth - West,10079,Tamworth,1,Good,Acceptable,0
110041205,Tamworth Surrounds,10060,Northern Tablelands,0.000369,Good,Acceptable,1
110041205,Tamworth Surrounds,10079,Tamworth,0.999631,Good,Acceptable,0
111011206,Belmont - Bennetts Green,10018,Charlestown,0.0168073,Acceptable,Acceptable,0
111011206,Belmont - Bennetts Green,10077,Swansea,0.9831927,Good,Acceptable,0
111011207,Belmont South - Blacksmiths,10077,Swansea,1,Good,Acceptable,0
111011208,Charlestown - Dudley,10018,Charlestown,1,Acceptable,Acceptable,0
111011209,Glendale - Cardiff - Hillsborough,10042,Lake Macquarie,0.2344671,Acceptable,Acceptable,0
111011209,Glendale - Cardiff - Hillsborough,10018,Charlestown,0.3078517,Acceptable,Acceptable,0
111011209,Glendale - Cardiff - Hillsborough,10088,Wallsend,0.4576812,Acceptable,Acceptable,0
111011210,Mount Hutton - Windale,10018,Charlestown,1,Acceptable,Acceptable,0
111011211,Redhead,10018,Charlestown,0.0532594,Acceptable,Acceptable,0
111011211,Redhead,10077,Swansea,0.9467406,Good,Acceptable,0
111011212,Swansea - Caves Beach,10077,Swansea,1,Good,Acceptable,0
111011213,Valentine - Eleebana,10018,Charlestown,0.4900814,Acceptable,Acceptable,0
111011213,Valentine - Eleebana,10077,Swansea,0.5099186,Good,Acceptable,0
111011214,Warners Bay - Boolaroo,10018,Charlestown,0.4797485,Acceptable,Acceptable,0
111011214,Warners Bay - Boolaroo,10042,Lake Macquarie,0.5202515,Acceptable,Acceptable,0
111021215,Bolton Point - Teralba,10042,Lake Macquarie,1,Acceptable,Acceptable,0
111021216,Bonnells Bay - Silverwater,10042,Lake Macquarie,1,Acceptable,Acceptable,0
111021217,Edgeworth - Cameron Park,10017,Cessnock,1,Good,Acceptable,0
111021218,Morisset - Cooranbong,10042,Lake Macquarie,1,Acceptable,Acceptable,0
111021219,Toronto - Awaba,10042,Lake Macquarie,1,Acceptable,Acceptable,0
111021220,Wangi Wangi - Rathmines,10042,Lake Macquarie,1,Acceptable,Acceptable,0
111021221,West Wallsend - Barnsley - Killingworth,10042,Lake Macquarie,0.1150614,Acceptable,Acceptable,0
111021221,West Wallsend - Barnsley - Killingworth,10017,Cessnock,0.8849386,Good,Acceptable,0
111031222,Adamstown - Kotara,10057,Newcastle,0.0995929,Good,Acceptable,0
111031222,Adamstown - Kotara,10018,Charlestown,0.9004071,Acceptable,Acceptable,0
111031223,Beresfield - Hexham,10057,Newcastle,0.0180427,Good,Acceptable,0
111031223,Beresfield - Hexham,10049,Maitland,0.3534592,Good,Acceptable,0
111031223,Beresfield - Hexham,10088,Wallsend,0.6284981,Acceptable,Acceptable,0
111031224,Hamilton - Broadmeadow,10057,Newcastle,1,Good,Acceptable,0
111031225,Lambton - New Lambton,10088,Wallsend,0.4679169,Acceptable,Acceptable,0
111031225,Lambton - New Lambton,10018,Charlestown,0.5320831,Acceptable,Acceptable,0
111031226,Maryland - Fletcher - Minmi,10088,Wallsend,1,Acceptable,Acceptable,0
111031227,Mayfield - Warabrook,10057,Newcastle,1,Good,Acceptable,0
111031228,Merewether - The Junction,10018,Charlestown,0.1158055,Acceptable,Acceptable,0
111031228,Merewether - The Junction,10057,Newcastle,0.8841945,Good,Acceptable,0
111031229,Newcastle - Cooks Hill,10057,Newcastle,1,Good,Acceptable,0
111031230,Newcastle Port - Kooragang,10057,Newcastle,1,Good,Acceptable,0
111031231,Shortland - Jesmond,10057,Newcastle,0.0221534,Good,Acceptable,0
111031231,Shortland - Jesmond,10088,Wallsend,0.9778466,Acceptable,Acceptable,0
111031232,Stockton - Fullerton Cove,10057,Newcastle,1,Good,Acceptable,0
111031233,Wallsend - Elermore Vale,10088,Wallsend,1,Acceptable,Acceptable,0
111031234,Waratah - North Lambton,10057,Newcastle,0.1662148,Good,Acceptable,0
111031234,Waratah - North Lambton,10088,Wallsend,0.8337852,Acceptable,Acceptable,0
111031235,Wickham - Carrington - Tighes Hill,10057,Newcastle,1,Good,Acceptable,0
112011236,Ballina,10004,Ballina,1,Good,Acceptable,0
112011237,Ballina Surrounds,10004,Ballina,1,Good,Acceptable,0
112011238,Bangalow,10045,Lismore,0.2011181,Good,Acceptable,0
112011238,Bangalow,10004,Ballina,0.7988819,Good,Acceptable,0
112011239,Brunswick Heads - Ocean Shores,10004,Ballina,1,Good,Acceptable,0
112011240,Byron Bay,10004,Ballina,1,Good,Acceptable,0
112011241,Evans Head,10019,Clarence,1,Good,Acceptable,0
112011242,Lennox Head - Skennars Head,10004,Ballina,1,Good,Acceptable,0
112011243,Mullumbimby,10045,Lismore,0.1199062,Good,Acceptable,0
112011243,Mullumbimby,10004,Ballina,0.8800938,Good,Acceptable,0
112021244,Casino,10019,Clarence,1,Good,Acceptable,0
112021245,Casino Surrounds,10045,Lismore,0.228118,Good,Acceptable,0
112021245,Casino Surrounds,10019,Clarence,0.771882,Good,Acceptable,0
112021246,Goonellabah,10045,Lismore,1,Good,Acceptable,0
112021247,Kyogle,10045,Lismore,1,Good,Acceptable,0
112021248,Lismore,10045,Lismore,1,Good,Acceptable,0
112021249,Lismore Surrounds,10019,Clarence,0.0043148,Good,Acceptable,1
112021249,Lismore Surrounds,10004,Ballina,0.0061547,Good,Acceptable,1
112021249,Lismore Surrounds,10045,Lismore,0.9895304,Good,Acceptable,0
112031250,Kingscliff - Fingal Head,10082,Tweed,1,Good,Acceptable,0
112031251,Murwillumbah,10082,Tweed,0.0297416,Good,Acceptable,0
112031251,Murwillumbah,10045,Lismore,0.9702584,Good,Acceptable,0
112031252,Murwillumbah Surrounds,10082,Tweed,0.3230291,Good,Acceptable,0
112031252,Murwillumbah Surrounds,10045,Lismore,0.6769709,Good,Acceptable,0
112031253,Pottsville,10082,Tweed,1,Good,Acceptable,0
112031254,Tweed Heads,10082,Tweed,1,Good,Acceptable,0
112031550,Banora Point,10082,Tweed,1,Good,Acceptable,0
112031551,Terranora - North Tumbulgum,10082,Tweed,1,Good,Acceptable,0
112031552,Tweed Heads South,10082,Tweed,1,Good,Acceptable,0
113011256,Griffith (NSW),10055,Murray,1,Good,Acceptable,0
113011257,Griffith Surrounds,10022,Cootamundra,0.007139,Good,Acceptable,1
113011257,Griffith Surrounds,10055,Murray,0.992861,Good,Acceptable,0
113011258,Leeton,10055,Murray,1,Good,Acceptable,0
113011259,Narrandera,10055,Murray,0.0114341,Good,Acceptable,0
113011259,Narrandera,10001,Albury,0.0339833,Good,Acceptable,0
113011259,Narrandera,10022,Cootamundra,0.9545826,Good,Acceptable,0
113021260,Tumbarumba,10001,Albury,1,Good,Acceptable,0
113021261,Tumut,10085,Wagga Wagga,1,Good,Acceptable,0
113021262,Tumut Surrounds,10031,Goulburn,2.10E-06,Good,Acceptable,1
113021262,Tumut Surrounds,10001,Albury,0.0033875,Good,Acceptable,1
113021262,Tumut Surrounds,10085,Wagga Wagga,0.9966104,Good,Acceptable,0
113031263,Cootamundra,10022,Cootamundra,1,Good,Acceptable,0
113031264,Gundagai,10022,Cootamundra,1,Good,Acceptable,0
113031265,Junee,10022,Cootamundra,1,Good,Acceptable,0
113031266,Temora,10022,Cootamundra,1,Good,Acceptable,0
113031267,Wagga Wagga - East,10085,Wagga Wagga,1,Good,Acceptable,0
113031268,Wagga Wagga - North,10085,Wagga Wagga,1,Good,Acceptable,0
113031269,Wagga Wagga - South,10085,Wagga Wagga,1,Good,Acceptable,0
113031270,Wagga Wagga - West,10085,Wagga Wagga,1,Good,Acceptable,0
113031271,Wagga Wagga Surrounds,10022,Cootamundra,0.2183454,Good,Acceptable,0
113031271,Wagga Wagga Surrounds,10085,Wagga Wagga,0.7816546,Good,Acceptable,0
114011272,Berry - Kangaroo Valley,10040,Kiama,1,Good,Acceptable,0
114011273,Callala Bay - Currarong,10074,South Coast,1,Good,Acceptable,0
114011274,Culburra Beach,10074,South Coast,1,Good,Acceptable,0
114011275,Ettrema - Sassafras - Budawang,10074,South Coast,0.4909227,Good,Acceptable,0
114011275,Ettrema - Sassafras - Budawang,10040,Kiama,0.5090773,Good,Acceptable,0
114011276,Huskisson - Vincentia,10074,South Coast,1,Good,Acceptable,0
114011277,North Nowra - Bomaderry,10040,Kiama,1,Good,Acceptable,0
114011278,Nowra,10040,Kiama,0.21708,Good,Acceptable,0
114011278,Nowra,10074,South Coast,0.78292,Good,Acceptable,0
114011279,St Georges Basin - Erowal Bay,10074,South Coast,1,Good,Acceptable,0
114011280,Sussex Inlet - Berrara,10074,South Coast,1,Good,Acceptable,0
114011281,Tomerong - Wandandian - Woollamia,10040,Kiama,0.3690065,Good,Acceptable,0
114011281,Tomerong - Wandandian - Woollamia,10074,South Coast,0.6309935,Good,Acceptable,0
114011282,Ulladulla,10074,South Coast,1,Good,Acceptable,0
114011283,Ulladulla Surrounds,10074,South Coast,1,Good,Acceptable,0
114021284,Bowral,10091,Wollondilly,1,Good,Acceptable,0
114021285,Hill Top - Colo Vale,10091,Wollondilly,1,Good,Acceptable,0
114021286,Mittagong,10091,Wollondilly,1,Good,Acceptable,0
114021287,Moss Vale - Berrima,10031,Goulburn,1,Good,Acceptable,0
114021288,Robertson - Fitzroy Falls,10040,Kiama,0.0241679,Good,Acceptable,0
114021288,Robertson - Fitzroy Falls,10091,Wollondilly,0.0296177,Good,Acceptable,0
114021288,Robertson - Fitzroy Falls,10031,Goulburn,0.9462144,Good,Acceptable,0
114021289,Southern Highlands,10091,Wollondilly,0.0334817,Good,Acceptable,0
114021289,Southern Highlands,10031,Goulburn,0.9665183,Good,Acceptable,0
115011290,Baulkham Hills - East,10016,Castle Hill,1,Good,Acceptable,0
115011291,Baulkham Hills (West) - Bella Vista,10016,Castle Hill,0.0001851,Good,Acceptable,1
115011291,Baulkham Hills (West) - Bella Vista,10039,Kellyville,0.9998149,Good,Acceptable,0
115011294,Glenhaven,10037,Hornsby,0.0593058,Acceptable,Acceptable,0
115011294,Glenhaven,10016,Castle Hill,0.9406942,Good,Acceptable,0
115011296,West Pennant Hills,10016,Castle Hill,1,Good,Acceptable,0
115011553,Castle Hill - Central,10016,Castle Hill,1,Good,Acceptable,0
115011554,Castle Hill - East,10016,Castle Hill,1,Good,Acceptable,0
115011555,Castle Hill - North,10016,Castle Hill,1,Good,Acceptable,0
115011556,Castle Hill - South,10016,Castle Hill,1,Good,Acceptable,0
115011557,Castle Hill - West,10039,Kellyville,1,Good,Acceptable,0
115011558,Cherrybrook,10037,Hornsby,1,Acceptable,Acceptable,0
115011621,Kellyville - East,10039,Kellyville,1,Good,Acceptable,0
115011622,Kellyville - West,10039,Kellyville,1,Good,Acceptable,0
115021297,Dural - Kenthurst - Wisemans Ferry,10033,Hawkesbury,0.2152549,Good,Acceptable,0
115021297,Dural - Kenthurst - Wisemans Ferry,10037,Hornsby,0.3355502,Acceptable,Acceptable,0
115021297,Dural - Kenthurst - Wisemans Ferry,10016,Castle Hill,0.4491949,Good,Acceptable,0
115021298,Galston - Laughtondale,10037,Hornsby,1,Acceptable,Acceptable,0
115031299,Bilpin - Colo - St Albans,10011,Blue Mountains,0.0612536,Good,Acceptable,0
115031299,Bilpin - Colo - St Albans,10033,Hawkesbury,0.9387464,Good,Acceptable,0
115031300,Kurrajong Heights - Ebenezer,10033,Hawkesbury,1,Good,Acceptable,0
115041301,Pitt Town - McGraths Hill,10033,Hawkesbury,1,Good,Acceptable,0
115041623,Box Hill - Nelson,10033,Hawkesbury,1,Good,Acceptable,0
115041624,North Kellyville,10039,Kellyville,1,Good,Acceptable,0
115041625,Rouse Hill - Beaumont Hills,10033,Hawkesbury,0.000455,Good,Acceptable,1
115041625,Rouse Hill - Beaumont Hills,10039,Kellyville,0.999545,Good,Acceptable,0
116011303,Blacktown (East) - Kings Park,10090,Winston Hills,0.4413553,Good,Acceptable,0
116011303,Blacktown (East) - Kings Park,10010,Blacktown,0.5586447,Good,Acceptable,0
116011304,Blacktown (North) - Marayong,10010,Blacktown,1,Good,Acceptable,0
116011306,Doonside - Woodcroft,10010,Blacktown,1,Good,Acceptable,0
116011307,Lalor Park - Kings Langley,10090,Winston Hills,1,Good,Acceptable,0
116011560,Blacktown - South,10069,Prospect,0.0829378,Acceptable,Acceptable,0
116011560,Blacktown - South,10010,Blacktown,0.9170622,Good,Acceptable,0
116011561,Blacktown - West,10010,Blacktown,1,Good,Acceptable,0
116011626,Seven Hills - Prospect,10069,Prospect,1,Acceptable,Acceptable,0
116011627,Toongabbie - West,10069,Prospect,1,Acceptable,Acceptable,0
116021309,Glenwood,10090,Winston Hills,1,Good,Acceptable,0
116021562,Acacia Gardens,10070,Riverstone,1,Good,Acceptable,0
116021563,Quakers Hill,10070,Riverstone,1,Good,Acceptable,0
116021628,Kellyville Ridge - The Ponds,10070,Riverstone,1,Good,Acceptable,0
116021629,Marsden Park - Shanes Park,10047,Londonderry,1,Acceptable,Acceptable,0
116021630,Riverstone,10047,Londonderry,0.0934317,Acceptable,Acceptable,0
116021630,Riverstone,10070,Riverstone,0.9065683,Good,Acceptable,0
116021631,Schofields (West) - Colebee,10047,Londonderry,0.0414735,Acceptable,Acceptable,0
116021631,Schofields (West) - Colebee,10070,Riverstone,0.468447,Good,Acceptable,0
116021631,Schofields (West) - Colebee,10010,Blacktown,0.4900794,Good,Acceptable,0
116021632,Schofields - East,10070,Riverstone,1,Good,Acceptable,0
116021633,Stanhope Gardens - Parklea,10070,Riverstone,1,Good,Acceptable,0
116031313,Bidwill - Hebersham - Emerton,10054,Mount Druitt,1,Good,Acceptable,0
116031314,Glendenning - Dean Park,10010,Blacktown,1,Good,Acceptable,0
116031315,Hassall Grove - Plumpton,10054,Mount Druitt,1,Good,Acceptable,0
116031316,Lethbridge Park - Tregear,10047,Londonderry,0.3376515,Acceptable,Acceptable,0
116031316,Lethbridge Park - Tregear,10054,Mount Druitt,0.6623485,Good,Acceptable,0
116031317,Mount Druitt - Whalan,10054,Mount Druitt,1,Good,Acceptable,0
116031318,Prospect Reservoir,10003,Badgerys Creek,0.0032573,Good,Acceptable,1
116031318,Prospect Reservoir,10069,Prospect,0.0065147,Acceptable,Acceptable,1
116031318,Prospect Reservoir,10010,Blacktown,0.990228,Good,Acceptable,0
116031319,Rooty Hill - Minchinbury,10054,Mount Druitt,1,Good,Acceptable,0
117011320,Banksmeadow,10051,Maroubra,1,Good,Acceptable,0
117011321,Botany,10051,Maroubra,1,Good,Acceptable,0
117011323,Pagewood - Hillsdale - Daceyville,10051,Maroubra,1,Good,Acceptable,0
117011324,Port Botany Industrial,10051,Maroubra,1,Good,Acceptable,0
117011325,Sydney Airport,10035,Heffron,1,Acceptable,Acceptable,0
117011634,Eastlakes,10051,Maroubra,1.10E-06,Good,Acceptable,1
117011634,Eastlakes,10035,Heffron,0.9999989,Acceptable,Acceptable,0
117011635,Mascot,10035,Heffron,1,Acceptable,Acceptable,0
117021327,Petersham - Stanmore,10058,Newtown,1,Acceptable,Acceptable,0
117021328,Sydenham - Tempe - St Peters,10035,Heffron,1,Acceptable,Acceptable,0
117021636,Marrickville - North,10058,Newtown,0.2772427,Acceptable,Acceptable,0
117021636,Marrickville - North,10076,Summer Hill,0.7227573,Acceptable,Acceptable,0
117021637,Marrickville - South,10076,Summer Hill,1,Acceptable,Acceptable,0
117031329,Darlinghurst,10078,Sydney,1,Good,Acceptable,0
117031330,Erskineville - Alexandria,10035,Heffron,0.3845391,Acceptable,Acceptable,0
117031330,Erskineville - Alexandria,10058,Newtown,0.6154609,Acceptable,Acceptable,0
117031331,Glebe - Forest Lodge,10005,Balmain,1,Good,Acceptable,0
117031333,Potts Point - Woolloomooloo,10078,Sydney,1,Good,Acceptable,0
117031336,Surry Hills,10078,Sydney,1,Good,Acceptable,0
117031638,Camperdown - Darlington,10058,Newtown,1,Acceptable,Acceptable,0
117031639,Chippendale,10058,Newtown,1,Acceptable,Acceptable,0
117031640,Newtown (NSW),10058,Newtown,1,Acceptable,Acceptable,0
117031641,Pyrmont,10005,Balmain,0.0284429,Good,Acceptable,0
117031641,Pyrmont,10078,Sydney,0.9715571,Good,Acceptable,0
117031642,Redfern,10058,Newtown,1,Acceptable,Acceptable,0
117031643,Rosebery - Beaconsfield,10035,Heffron,1,Acceptable,Acceptable,0
117031644,Sydney (North) - Millers Point,10078,Sydney,1,Good,Acceptable,0
117031645,Sydney (South) - Haymarket,10058,Newtown,0.0022831,Acceptable,Acceptable,1
117031645,Sydney (South) - Haymarket,10078,Sydney,0.9977169,Good,Acceptable,0
117031646,Ultimo,10078,Sydney,0.1576736,Good,Acceptable,0
117031646,Ultimo,10005,Balmain,0.8423264,Good,Acceptable,0
117031647,Waterloo,10058,Newtown,0.0156528,Acceptable,Acceptable,0
117031647,Waterloo,10035,Heffron,0.9843472,Acceptable,Acceptable,0
117031648,Zetland,10035,Heffron,1,Acceptable,Acceptable,0
118011339,Bondi - Tamarama - Bronte,10084,Vaucluse,0.3273422,Good,Acceptable,0
118011339,Bondi - Tamarama - Bronte,10021,Coogee,0.6726578,Acceptable,Acceptable,0
118011340,Bondi Beach - North Bondi,10084,Vaucluse,1,Good,Acceptable,0
118011341,Bondi Junction - Waverly,10084,Vaucluse,0.089833,Good,Acceptable,0
118011341,Bondi Junction - Waverly,10021,Coogee,0.910167,Acceptable,Acceptable,0
118011342,Centennial Park,10078,Sydney,1,Good,Acceptable,0
118011344,Dover Heights,10084,Vaucluse,1,Good,Acceptable,0
118011345,Paddington - Moore Park,10078,Sydney,1,Good,Acceptable,0
118011346,Rose Bay - Vaucluse - Watsons Bay,10084,Vaucluse,1,Good,Acceptable,0
118011347,Woollahra,10084,Vaucluse,1,Good,Acceptable,0
118011649,Bellevue Hill,10084,Vaucluse,1,Good,Acceptable,0
118011650,Double Bay - Darling Point,10078,Sydney,0.014876,Good,Acceptable,0
118011650,Double Bay - Darling Point,10084,Vaucluse,0.985124,Good,Acceptable,0
118021564,Kensington (NSW),10021,Coogee,0.3563357,Acceptable,Acceptable,0
118021564,Kensington (NSW),10035,Heffron,0.6436643,Acceptable,Acceptable,0
118021565,Kingsford,10035,Heffron,0.3202241,Acceptable,Acceptable,0
118021565,Kingsford,10051,Maroubra,0.3374536,Good,Acceptable,0
118021565,Kingsford,10021,Coogee,0.3423224,Acceptable,Acceptable,0
118021566,Maroubra - North,10051,Maroubra,1,Good,Acceptable,0
118021567,Maroubra - South,10051,Maroubra,1,Good,Acceptable,0
118021568,Maroubra - West,10051,Maroubra,1,Good,Acceptable,0
118021569,Randwick - North,10021,Coogee,1,Acceptable,Acceptable,0
118021570,Randwick - South,10021,Coogee,1,Acceptable,Acceptable,0
118021651,Coogee - Clovelly,10021,Coogee,1,Acceptable,Acceptable,0
118021652,Malabar - La Perouse,10051,Maroubra,1,Good,Acceptable,0
118021653,Matraville - Chifley,10051,Maroubra,1,Good,Acceptable,0
118021654,South Coogee,10051,Maroubra,0.1626318,Good,Acceptable,0
118021654,South Coogee,10021,Coogee,0.8373682,Acceptable,Acceptable,0
119011354,Bass Hill - Georges Hall,10002,Auburn,0.1943234,Acceptable,Acceptable,0
119011354,Bass Hill - Georges Hall,10027,East Hills,0.2801394,Acceptable,Acceptable,0
119011354,Bass Hill - Georges Hall,10029,Fairfield,0.5255372,Acceptable,Acceptable,0
119011355,Chullora,10006,Bankstown,0.0130803,Acceptable,Acceptable,0
119011355,Chullora,10002,Auburn,0.9869197,Acceptable,Acceptable,0
119011356,Condell Park,10027,East Hills,1,Acceptable,Acceptable,0
119011358,Padstow,10027,East Hills,1,Acceptable,Acceptable,0
119011360,Revesby,10027,East Hills,1,Acceptable,Acceptable,0
119011361,Yagoona - Birrong,10006,Bankstown,0.1408517,Acceptable,Acceptable,0
119011361,Yagoona - Birrong,10027,East Hills,0.1676443,Acceptable,Acceptable,0
119011361,Yagoona - Birrong,10002,Auburn,0.691504,Acceptable,Acceptable,0
119011571,Bankstown - North,10027,East Hills,0.0354548,Acceptable,Acceptable,0
119011571,Bankstown - North,10006,Bankstown,0.9645452,Acceptable,Acceptable,0
119011572,Bankstown - South,10027,East Hills,0.1026979,Acceptable,Acceptable,0
119011572,Bankstown - South,10006,Bankstown,0.8973021,Acceptable,Acceptable,0
119011655,Greenacre - North,10006,Bankstown,1,Acceptable,Acceptable,0
119011656,Greenacre - South,10006,Bankstown,1,Acceptable,Acceptable,0
119011657,Panania (North) - Milperra,10027,East Hills,1,Acceptable,Acceptable,0
119011658,Panania (South) - Picnic Point,10027,East Hills,1,Acceptable,Acceptable,0
119021362,Belmore - Belfield,10075,Strathfield,0.3219647,Acceptable,Acceptable,0
119021362,Belmore - Belfield,10015,Canterbury,0.6780353,Acceptable,Acceptable,0
119021366,Punchbowl,10006,Bankstown,1,Acceptable,Acceptable,0
119021367,Roselands,10006,Bankstown,0.4124219,Acceptable,Acceptable,0
119021367,Roselands,10015,Canterbury,0.5875781,Acceptable,Acceptable,0
119021573,Lakemba,10006,Bankstown,0.0008207,Acceptable,Acceptable,1
119021573,Lakemba,10015,Canterbury,0.9991793,Acceptable,Acceptable,0
119021574,Wiley Park,10015,Canterbury,0.3728168,Acceptable,Acceptable,0
119021574,Wiley Park,10006,Bankstown,0.6271832,Acceptable,Acceptable,0
119021659,Campsie - North,10075,Strathfield,0.4667185,Acceptable,Acceptable,0
119021659,Campsie - North,10015,Canterbury,0.5332815,Acceptable,Acceptable,0
119021660,Campsie - South,10015,Canterbury,1,Acceptable,Acceptable,0
119021661,Canterbury - South,10015,Canterbury,1,Acceptable,Acceptable,0
119021662,Earlwood,10015,Canterbury,1,Acceptable,Acceptable,0
119021663,Kingsgrove - North,10015,Canterbury,1,Acceptable,Acceptable,0
119031370,Narwee - Beverly Hills,10041,Kogarah,0.2644929,Acceptable,Acceptable,0
119031370,Narwee - Beverly Hills,10061,Oatley,0.7355071,Good,Acceptable,0
119031371,Oatley - Hurstville Grove,10061,Oatley,1,Good,Acceptable,0
119031372,Peakhurst - Lugarno,10061,Oatley,1,Good,Acceptable,0
119031373,Riverwood,10061,Oatley,1,Good,Acceptable,0
119031374,South Hurstville - Blakehurst,10061,Oatley,0.2465589,Good,Acceptable,0
119031374,South Hurstville - Blakehurst,10041,Kogarah,0.7534411,Acceptable,Acceptable,0
119031664,Hurstville - Central,10041,Kogarah,1,Acceptable,Acceptable,0
119031665,Hurstville - North,10041,Kogarah,1,Acceptable,Acceptable,0
119031666,Mortdale - Oatley,10061,Oatley,1,Good,Acceptable,0
119031667,Penshurst,10061,Oatley,1,Good,Acceptable,0
119041377,Kingsgrove (South) - Bardwell Park,10071,Rockdale,0.2683094,Acceptable,Acceptable,0
119041377,Kingsgrove (South) - Bardwell Park,10041,Kogarah,0.7316906,Acceptable,Acceptable,0
119041378,Kogarah,10071,Rockdale,0.4952728,Acceptable,Acceptable,0
119041378,Kogarah,10041,Kogarah,0.5047272,Acceptable,Acceptable,0
119041379,Kogarah Bay - Carlton - Allawah,10071,Rockdale,0.1628512,Acceptable,Acceptable,0
119041379,Kogarah Bay - Carlton - Allawah,10041,Kogarah,0.8371488,Acceptable,Acceptable,0
119041380,Monterey - Brighton-le-Sands - Kyeemagh,10071,Rockdale,1,Acceptable,Acceptable,0
119041381,Rockdale - Banksia,10071,Rockdale,1,Acceptable,Acceptable,0
119041382,Sans Souci - Ramsgate,10071,Rockdale,1,Acceptable,Acceptable,0
119041668,Arncliffe - Bardwell Valley,10071,Rockdale,1,Acceptable,Acceptable,0
119041669,Bexley - North,10071,Rockdale,0.1548312,Acceptable,Acceptable,0
119041669,Bexley - North,10041,Kogarah,0.8451688,Acceptable,Acceptable,0
119041670,Bexley - South,10041,Kogarah,1,Acceptable,Acceptable,0
119041671,Wolli Creek,10071,Rockdale,1,Acceptable,Acceptable,0
120011383,Concord - Mortlake - Cabarita,10025,Drummoyne,1,Good,Acceptable,0
120011385,Drummoyne - Rodd Point,10025,Drummoyne,1,Good,Acceptable,0
120011386,Five Dock - Abbotsford,10025,Drummoyne,1,Good,Acceptable,0
120011672,Concord West - North Strathfield,10025,Drummoyne,1,Good,Acceptable,0
120011673,Rhodes,10025,Drummoyne,1,Good,Acceptable,0
120021387,Balmain,10005,Balmain,1,Good,Acceptable,0
120021389,Lilyfield - Rozelle,10005,Balmain,1,Good,Acceptable,0
120021674,Annandale (NSW),10005,Balmain,1,Good,Acceptable,0
120021675,Leichhardt,10005,Balmain,1,Good,Acceptable,0
120031392,Canterbury (North) - Ashbury,10075,Strathfield,0.0069019,Acceptable,Acceptable,1
120031392,Canterbury (North) - Ashbury,10015,Canterbury,0.3518176,Acceptable,Acceptable,0
120031392,Canterbury (North) - Ashbury,10076,Summer Hill,0.6412805,Acceptable,Acceptable,0
120031393,Croydon Park - Enfield,10076,Summer Hill,0.0323986,Acceptable,Acceptable,0
120031393,Croydon Park - Enfield,10075,Strathfield,0.9676014,Acceptable,Acceptable,0
120031394,Dulwich Hill - Lewisham,10058,Newtown,0.2232776,Acceptable,Acceptable,0
120031394,Dulwich Hill - Lewisham,10076,Summer Hill,0.7767224,Acceptable,Acceptable,0
120031395,Haberfield - Summer Hill,10076,Summer Hill,1,Acceptable,Acceptable,0
120031396,Homebush,10025,Drummoyne,0.0556507,Good,Acceptable,0
120031396,Homebush,10075,Strathfield,0.9443493,Acceptable,Acceptable,0
120031576,Strathfield South,10075,Strathfield,1,Acceptable,Acceptable,0
120031676,Ashfield - North,10075,Strathfield,0.1331458,Acceptable,Acceptable,0
120031676,Ashfield - North,10076,Summer Hill,0.8668542,Acceptable,Acceptable,0
120031677,Ashfield - South,10075,Strathfield,0.02246,Acceptable,Acceptable,0
120031677,Ashfield - South,10076,Summer Hill,0.97754,Acceptable,Acceptable,0
120031678,Burwood (NSW),10075,Strathfield,1,Acceptable,Acceptable,0
120031679,Croydon,10075,Strathfield,1,Acceptable,Acceptable,0
120031680,Strathfield - East,10075,Strathfield,1,Acceptable,Acceptable,0
120031681,Strathfield - West,10075,Strathfield,1,Acceptable,Acceptable,0
121011399,Chatswood (West) - Lane Cove North,10043,Lane Cove,0.4490707,Acceptable,Acceptable,0
121011399,Chatswood (West) - Lane Cove North,10089,Willoughby,0.5509293,Acceptable,Acceptable,0
121011401,St Leonards - Naremburn,10059,North Shore,0.3228158,Acceptable,Acceptable,0
121011401,St Leonards - Naremburn,10089,Willoughby,0.6771842,Acceptable,Acceptable,0
121011682,Artarmon,10089,Willoughby,1,Acceptable,Acceptable,0
121011683,Castle Cove - Northbridge,10089,Willoughby,1,Acceptable,Acceptable,0
121011684,Chatswood - East,10089,Willoughby,1,Acceptable,Acceptable,0
121011685,Greenwich - Riverview,10043,Lane Cove,1,Acceptable,Acceptable,0
121011686,Lane Cove,10043,Lane Cove,1,Acceptable,Acceptable,0
121011687,Willoughby,10089,Willoughby,1,Acceptable,Acceptable,0
121021403,Asquith - Mount Colah,10037,Hornsby,1,Acceptable,Acceptable,0
121021404,Berowra - Brooklyn - Cowan,10037,Hornsby,1,Acceptable,Acceptable,0
121021406,Normanhurst - Thornleigh - Westleigh,10086,Wahroonga,1,Acceptable,Acceptable,0
121021577,Hornsby - East,10086,Wahroonga,0.3938073,Acceptable,Acceptable,0
121021577,Hornsby - East,10037,Hornsby,0.6061927,Acceptable,Acceptable,0
121021578,Hornsby - West,10037,Hornsby,1,Acceptable,Acceptable,0
121021579,Wahroonga (West) - Waitara,10086,Wahroonga,1,Acceptable,Acceptable,0
121031407,Gordon - Killara,10024,Davidson,1,Acceptable,Acceptable,0
121031408,Lindfield - Roseville,10089,Willoughby,0.0174643,Acceptable,Acceptable,0
121031408,Lindfield - Roseville,10024,Davidson,0.9825357,Acceptable,Acceptable,0
121031409,Pymble,10024,Davidson,0.0807358,Acceptable,Acceptable,0
121031409,Pymble,10086,Wahroonga,0.9192642,Acceptable,Acceptable,0
121031410,St Ives,10086,Wahroonga,0.0015229,Acceptable,Acceptable,1
121031410,St Ives,10024,Davidson,0.9984771,Acceptable,Acceptable,0
121031411,Turramurra,10024,Davidson,0.3113511,Acceptable,Acceptable,0
121031411,Turramurra,10086,Wahroonga,0.6886489,Acceptable,Acceptable,0
121031412,Wahroonga (East) - Warrawee,10086,Wahroonga,1,Acceptable,Acceptable,0
121041413,Cremorne - Cammeray,10059,North Shore,0.3186404,Acceptable,Acceptable,0
121041413,Cremorne - Cammeray,10089,Willoughby,0.6813596,Acceptable,Acceptable,0
121041414,Crows Nest - Waverton,10089,Willoughby,0.3096276,Acceptable,Acceptable,0
121041414,Crows Nest - Waverton,10059,North Shore,0.6903724,Acceptable,Acceptable,0
121041416,Neutral Bay - Kirribilli,10089,Willoughby,0.0763806,Acceptable,Acceptable,0
121041416,Neutral Bay - Kirribilli,10059,North Shore,0.9236194,Acceptable,Acceptable,0
121041417,North Sydney - Lavender Bay,10059,North Shore,1,Acceptable,Acceptable,0
121041688,Mosman - North,10059,North Shore,1,Acceptable,Acceptable,0
121041689,Mosman - South,10059,North Shore,1,Acceptable,Acceptable,0
122011418,Balgowlah - Clontarf - Seaforth,10050,Manly,1,Acceptable,Acceptable,0
122011419,Manly - Fairlight,10050,Manly,1,Acceptable,Acceptable,0
122021420,Avalon - Palm Beach,10066,Pittwater,1,Good,Acceptable,0
122021421,Bayview - Elanora Heights,10066,Pittwater,1,Good,Acceptable,0
122021422,Newport - Bilgola,10066,Pittwater,1,Good,Acceptable,0
122021690,Mona Vale - Warriewood (North),10066,Pittwater,1,Good,Acceptable,0
122021691,North Narrabeen - Warriewood (South),10066,Pittwater,1,Good,Acceptable,0
122031424,Beacon Hill - Narraweena,10087,Wakehurst,1,Acceptable,Acceptable,0
122031425,Cromer,10087,Wakehurst,1,Acceptable,Acceptable,0
122031427,Forestville - Killarney Heights,10087,Wakehurst,1,Acceptable,Acceptable,0
122031429,Freshwater - Brookvale,10087,Wakehurst,0.154847,Acceptable,Acceptable,0
122031429,Freshwater - Brookvale,10050,Manly,0.845153,Acceptable,Acceptable,0
122031430,Manly Vale - Allambie Heights,10087,Wakehurst,0.4185796,Acceptable,Acceptable,0
122031430,Manly Vale - Allambie Heights,10050,Manly,0.5814204,Acceptable,Acceptable,0
122031432,Terrey Hills - Duffys Forest,10087,Wakehurst,0.0015902,Acceptable,Acceptable,1
122031432,Terrey Hills - Duffys Forest,10066,Pittwater,0.9984098,Good,Acceptable,0
122031692,Belrose,10087,Wakehurst,0.3069184,Acceptable,Acceptable,0
122031692,Belrose,10024,Davidson,0.6930816,Acceptable,Acceptable,0
122031693,Collaroy - Collaroy Plateau,10087,Wakehurst,1,Acceptable,Acceptable,0
122031694,Dee Why (South) - North Curl Curl,10050,Manly,1,Acceptable,Acceptable,0
122031695,Dee Why - North,10087,Wakehurst,0.487639,Acceptable,Acceptable,0
122031695,Dee Why - North,10050,Manly,0.512361,Acceptable,Acceptable,0
122031696,Frenchs Forest - Oxford Falls,10024,Davidson,0.454961,Acceptable,Acceptable,0
122031696,Frenchs Forest - Oxford Falls,10087,Wakehurst,0.545039,Acceptable,Acceptable,0
122031697,Narrabeen - Wheeler Heights,10087,Wakehurst,0.2875761,Acceptable,Acceptable,0
122031697,Narrabeen - Wheeler Heights,10066,Pittwater,0.7124239,Good,Acceptable,0
123011433,Camden - Ellis Lane,10013,Camden,1,Good,Acceptable,0
123011698,Currans Hill,10013,Camden,1,Good,Acceptable,0
123011699,Elderslie - Narellan,10013,Camden,1,Good,Acceptable,0
123011700,Harrington Park,10013,Camden,1,Good,Acceptable,0
123011701,Mount Annan,10013,Camden,1,Good,Acceptable,0
123011702,Spring Farm,10013,Camden,1,Good,Acceptable,0
123021436,Bradbury - Wedderburn,10014,Campbelltown,1,Good,Acceptable,0
123021437,Campbelltown - Woodbine,10014,Campbelltown,1,Good,Acceptable,0
123021438,Claymore - Eagle Vale - Raby,10014,Campbelltown,0.1503589,Good,Acceptable,0
123021438,Claymore - Eagle Vale - Raby,10044,Leppington,0.8496411,Acceptable,Acceptable,0
123021439,Holsworthy Military Area,10014,Campbelltown,1,Good,Acceptable,0
123021441,Leumeah - Minto Heights,10048,Macquarie Fields,0.0227904,Good,Acceptable,0
123021441,Leumeah - Minto Heights,10014,Campbelltown,0.9772096,Good,Acceptable,0
123021443,Minto - St Andrews,10048,Macquarie Fields,1,Good,Acceptable,0
123021444,Rosemeadow - Glen Alpine,10014,Campbelltown,1,Good,Acceptable,0
123021703,Denham Court - Bardia,10048,Macquarie Fields,0.4949994,Good,Acceptable,0
123021703,Denham Court - Bardia,10044,Leppington,0.5050006,Acceptable,Acceptable,0
123021704,Glenfield,10048,Macquarie Fields,1,Good,Acceptable,0
123021705,Ingleburn,10048,Macquarie Fields,1,Good,Acceptable,0
123021706,Macquarie Fields,10048,Macquarie Fields,1,Good,Acceptable,0
123031445,Bargo,10091,Wollondilly,1,Good,Acceptable,0
123031446,Douglas Park - Appin,10013,Camden,0.0028825,Good,Acceptable,1
123031446,Douglas Park - Appin,10014,Campbelltown,0.2899825,Good,Acceptable,0
123031446,Douglas Park - Appin,10091,Wollondilly,0.707135,Good,Acceptable,0
123031447,Picton - Tahmoor - Buxton,10091,Wollondilly,1,Good,Acceptable,0
123031448,The Oaks - Oakdale,10091,Wollondilly,1,Good,Acceptable,0
124011449,Blackheath - Megalong Valley,10011,Blue Mountains,1,Good,Acceptable,0
124011450,Blaxland - Warrimoo - Lapstone,10011,Blue Mountains,1,Good,Acceptable,0
124011451,Blue Mountains - North,10033,Hawkesbury,0.0014245,Good,Acceptable,1
124011451,Blue Mountains - North,10011,Blue Mountains,0.9985755,Good,Acceptable,0
124011452,Katoomba - Leura,10011,Blue Mountains,1,Good,Acceptable,0
124011453,Lawson - Hazelbrook - Linden,10011,Blue Mountains,1,Good,Acceptable,0
124011454,Springwood - Winmalee,10011,Blue Mountains,1,Good,Acceptable,0
124011455,Wentworth Falls,10011,Blue Mountains,1,Good,Acceptable,0
124021456,Blue Mountains - South,10011,Blue Mountains,1.00E-07,Good,Acceptable,1
124021456,Blue Mountains - South,10091,Wollondilly,0.9999999,Good,Acceptable,0
124031457,Cambridge Park,10047,Londonderry,0.2367237,Acceptable,Acceptable,0
124031457,Cambridge Park,10065,Penrith,0.7632763,Acceptable,Acceptable,0
124031459,Emu Plains - Leonay,10065,Penrith,1,Acceptable,Acceptable,0
124031460,Glenmore Park - Regentville,10003,Badgerys Creek,1,Good,Acceptable,0
124031461,Jamisontown - South Penrith,10065,Penrith,1,Acceptable,Acceptable,0
124031462,Kingswood - Werrington,10065,Penrith,0.3617708,Acceptable,Acceptable,0
124031462,Kingswood - Werrington,10047,Londonderry,0.6382292,Acceptable,Acceptable,0
124031463,Mulgoa - Luddenham - Orchard Hills,10047,Londonderry,0.0356232,Acceptable,Acceptable,0
124031463,Mulgoa - Luddenham - Orchard Hills,10003,Badgerys Creek,0.9643768,Good,Acceptable,0
124031464,Penrith,10065,Penrith,1,Acceptable,Acceptable,0
124031465,Warragamba - Silverdale,10091,Wollondilly,1,Good,Acceptable,0
124031707,Cranebrook - Castlereagh,10047,Londonderry,0.1030306,Acceptable,Acceptable,0
124031707,Cranebrook - Castlereagh,10065,Penrith,0.8969694,Acceptable,Acceptable,0
124031708,Jordan Springs - Llandilo,10047,Londonderry,1,Acceptable,Acceptable,0
124041466,Richmond - Clarendon,10033,Hawkesbury,1,Good,Acceptable,0
124041467,Windsor - Bligh Park,10033,Hawkesbury,1,Good,Acceptable,0
124041468,Yarramundi - Londonderry,10033,Hawkesbury,0.1226068,Good,Acceptable,0
124041468,Yarramundi - Londonderry,10047,Londonderry,0.8773932,Acceptable,Acceptable,0
124051469,Erskine Park,10003,Badgerys Creek,1,Good,Acceptable,0
124051470,St Clair,10003,Badgerys Creek,1,Good,Acceptable,0
124051580,Colyton - Oxley Park,10047,Londonderry,1,Acceptable,Acceptable,0
124051581,St Marys - North St Marys,10047,Londonderry,1,Acceptable,Acceptable,0
125011475,Rookwood Cemetery,10002,Auburn,1,Acceptable,Acceptable,0
125011582,Auburn - Central,10002,Auburn,1,Acceptable,Acceptable,0
125011583,Auburn - North,10002,Auburn,1,Acceptable,Acceptable,0
125011584,Auburn - South,10002,Auburn,1,Acceptable,Acceptable,0
125011585,Berala,10002,Auburn,1,Acceptable,Acceptable,0
125011586,Lidcombe,10002,Auburn,1,Acceptable,Acceptable,0
125011587,Regents Park,10002,Auburn,1,Acceptable,Acceptable,0
125011709,Silverwater - Newington,10064,Parramatta,1,Good,Acceptable,0
125011710,Wentworth Point - Sydney Olympic Park,10064,Parramatta,1,Good,Acceptable,0
125021477,Ermington - Rydalmere,10064,Parramatta,1,Good,Acceptable,0
125021478,Oatlands - Dundas Valley,10028,Epping,1,Acceptable,Acceptable,0
125021711,Carlingford - East,10072,Ryde,0.1802526,Acceptable,Acceptable,0
125021711,Carlingford - East,10028,Epping,0.8197474,Acceptable,Acceptable,0
125021712,Carlingford - West,10028,Epping,1,Acceptable,Acceptable,0
125031479,Chester Hill - Sefton,10029,Fairfield,0.3284359,Acceptable,Acceptable,0
125031479,Chester Hill - Sefton,10002,Auburn,0.6715641,Acceptable,Acceptable,0
125031480,Fairfield - East,10029,Fairfield,1,Acceptable,Acceptable,0
125031481,Granville - Clyde,10064,Parramatta,0.1499067,Good,Acceptable,0
125031481,Granville - Clyde,10032,Granville,0.8500933,Good,Acceptable,0
125031483,Guildford - South Granville,10032,Granville,1,Good,Acceptable,0
125031484,Guildford West - Merrylands West,10032,Granville,1,Good,Acceptable,0
125031486,Smithfield Industrial,10032,Granville,0.0019882,Good,Acceptable,1
125031486,Smithfield Industrial,10069,Prospect,0.9980118,Acceptable,Acceptable,0
125031487,Yennora Industrial,10032,Granville,1,Good,Acceptable,0
125031713,Greystanes - South,10069,Prospect,1,Acceptable,Acceptable,0
125031714,Merrylands - Holroyd,10032,Granville,1,Good,Acceptable,0
125031715,Pemulwuy - Greystanes (North),10069,Prospect,1,Acceptable,Acceptable,0
125031716,South Wentworthville,10032,Granville,1,Good,Acceptable,0
125041489,North Parramatta,10028,Epping,0.0092449,Acceptable,Acceptable,1
125041489,North Parramatta,10064,Parramatta,0.9907551,Good,Acceptable,0
125041490,North Rocks,10028,Epping,1,Acceptable,Acceptable,0
125041491,Northmead,10064,Parramatta,0.4028563,Good,Acceptable,0
125041491,Northmead,10090,Winston Hills,0.5971437,Good,Acceptable,0
125041493,Toongabbie - Constitution Hill,10090,Winston Hills,1,Good,Acceptable,0
125041494,Winston Hills,10090,Winston Hills,1,Good,Acceptable,0
125041588,Pendle Hill - Girraween,10069,Prospect,1,Acceptable,Acceptable,0
125041589,Wentworthville - Westmead,10064,Parramatta,0.0189974,Good,Acceptable,0
125041589,Wentworthville - Westmead,10069,Prospect,0.3522254,Acceptable,Acceptable,0
125041589,Wentworthville - Westmead,10032,Granville,0.6287772,Good,Acceptable,0
125041717,Parramatta - North,10032,Granville,0.0772201,Good,Acceptable,0
125041717,Parramatta - North,10064,Parramatta,0.9227799,Good,Acceptable,0
125041718,Parramatta - South,10064,Parramatta,1,Good,Acceptable,0
125041719,Rosehill - Harris Park,10064,Parramatta,1,Good,Acceptable,0
126011496,Pennant Hills - Cheltenham,10037,Hornsby,0.2337009,Acceptable,Acceptable,0
126011496,Pennant Hills - Cheltenham,10086,Wahroonga,0.3005054,Acceptable,Acceptable,0
126011496,Pennant Hills - Cheltenham,10028,Epping,0.4657937,Acceptable,Acceptable,0
126011720,Epping (East) - North Epping,10028,Epping,1,Acceptable,Acceptable,0
126011721,Epping (NSW) - West,10072,Ryde,0.1608031,Acceptable,Acceptable,0
126011721,Epping (NSW) - West,10028,Epping,0.8391969,Acceptable,Acceptable,0
126021498,Gladesville - Huntleys Point,10043,Lane Cove,1,Acceptable,Acceptable,0
126021499,Hunters Hill - Woolwich,10043,Lane Cove,1,Acceptable,Acceptable,0
126021500,Macquarie Park - Marsfield,10043,Lane Cove,0.0303993,Acceptable,Acceptable,0
126021500,Macquarie Park - Marsfield,10072,Ryde,0.9696007,Acceptable,Acceptable,0
126021501,North Ryde - East Ryde,10072,Ryde,0.4076169,Acceptable,Acceptable,0
126021501,North Ryde - East Ryde,10043,Lane Cove,0.5923831,Acceptable,Acceptable,0
126021503,West Ryde - Meadowbank,10072,Ryde,1,Acceptable,Acceptable,0
126021590,Putney,10043,Lane Cove,1,Acceptable,Acceptable,0
126021722,Denistone,10072,Ryde,1,Acceptable,Acceptable,0
126021723,Eastwood,10072,Ryde,1,Acceptable,Acceptable,0
126021724,Ryde - North,10043,Lane Cove,0.1575339,Acceptable,Acceptable,0
126021724,Ryde - North,10072,Ryde,0.8424661,Acceptable,Acceptable,0
126021725,Ryde - South,10043,Lane Cove,0.3866966,Acceptable,Acceptable,0
126021725,Ryde - South,10072,Ryde,0.6133034,Acceptable,Acceptable,0
127011504,Ashcroft - Busby - Miller,10046,Liverpool,1,Acceptable,Acceptable,0
127011505,Austral - Greendale,10003,Badgerys Creek,0.1884978,Good,Acceptable,0
127011505,Austral - Greendale,10044,Leppington,0.8115022,Acceptable,Acceptable,0
127011592,Badgerys Creek,10003,Badgerys Creek,1,Good,Acceptable,0
127011593,Cecil Hills,10046,Liverpool,1,Acceptable,Acceptable,0
127011594,Green Valley,10046,Liverpool,1,Acceptable,Acceptable,0
127011595,Hinchinbrook,10046,Liverpool,1,Acceptable,Acceptable,0
127011596,Hoxton Park - Carnes Hill - Horningsea Park,10044,Leppington,1,Acceptable,Acceptable,0
127011597,West Hoxton - Middleton Grange,10044,Leppington,1,Acceptable,Acceptable,0
127011726,Cobbitty - Bringelly,10013,Camden,0.309406,Good,Acceptable,0
127011726,Cobbitty - Bringelly,10003,Badgerys Creek,0.690594,Good,Acceptable,0
127011727,Gledswood Hills - Gregory Hills,10013,Camden,1,Good,Acceptable,0
127011728,Leppington - Catherine Field,10003,Badgerys Creek,0.0842223,Good,Acceptable,0
127011728,Leppington - Catherine Field,10044,Leppington,0.9157777,Acceptable,Acceptable,0
127011729,Oran Park,10003,Badgerys Creek,1,Good,Acceptable,0
127021509,Bonnyrigg Heights - Bonnyrigg,10012,Cabramatta,0.2620323,Acceptable,Acceptable,0
127021509,Bonnyrigg Heights - Bonnyrigg,10046,Liverpool,0.7379677,Acceptable,Acceptable,0
127021510,Bossley Park - Abbotsbury,10012,Cabramatta,1,Acceptable,Acceptable,0
127021511,Cabramatta - Lansvale,10012,Cabramatta,1,Acceptable,Acceptable,0
127021512,Cabramatta West - Mount Pritchard,10046,Liverpool,0.1019425,Acceptable,Acceptable,0
127021512,Cabramatta West - Mount Pritchard,10012,Cabramatta,0.8980575,Acceptable,Acceptable,0
127021513,Canley Vale - Canley Heights,10012,Cabramatta,0.3241121,Acceptable,Acceptable,0
127021513,Canley Vale - Canley Heights,10029,Fairfield,0.6758879,Acceptable,Acceptable,0
127021514,Edensor Park,10012,Cabramatta,1,Acceptable,Acceptable,0
127021515,Fairfield,10029,Fairfield,1,Acceptable,Acceptable,0
127021516,Fairfield - West,10069,Prospect,0.0428363,Acceptable,Acceptable,0
127021516,Fairfield - West,10029,Fairfield,0.9571637,Acceptable,Acceptable,0
127021517,Greenfield Park - Prairiewood,10029,Fairfield,0.0147987,Acceptable,Acceptable,0
127021517,Greenfield Park - Prairiewood,10069,Prospect,0.3763043,Acceptable,Acceptable,0
127021517,Greenfield Park - Prairiewood,10012,Cabramatta,0.6088971,Acceptable,Acceptable,0
127021518,Horsley Park - Kemps Creek,10069,Prospect,0.0027734,Acceptable,Acceptable,1
127021518,Horsley Park - Kemps Creek,10003,Badgerys Creek,0.9972266,Good,Acceptable,0
127021519,Smithfield - Wetherill Park,10029,Fairfield,0.2894935,Acceptable,Acceptable,0
127021519,Smithfield - Wetherill Park,10069,Prospect,0.7105065,Acceptable,Acceptable,0
127021520,St Johns Park - Wakeley,10029,Fairfield,0.4367573,Acceptable,Acceptable,0
127021520,St Johns Park - Wakeley,10012,Cabramatta,0.5632427,Acceptable,Acceptable,0
127021521,Wetherill Park Industrial,10069,Prospect,1,Acceptable,Acceptable,0
127031522,Casula,10036,Holsworthy,0.3621055,Poor,Acceptable,0
127031522,Casula,10048,Macquarie Fields,0.6378945,Good,Acceptable,0
127031523,Chipping Norton - Moorebank,10036,Holsworthy,1,Poor,Acceptable,0
127031524,Holsworthy - Wattle Grove,10036,Holsworthy,1,Poor,Acceptable,0
127031599,Lurnea - Cartwright,10046,Liverpool,0.2059893,Acceptable,Acceptable,0
127031599,Lurnea - Cartwright,10036,Holsworthy,0.7940107,Poor,Acceptable,0
127031601,Warwick Farm,10046,Liverpool,1,Acceptable,Acceptable,0
127031730,Edmondson Park,10048,Macquarie Fields,1,Good,Acceptable,0
127031731,Liverpool - East,10036,Holsworthy,0.4093151,Poor,Acceptable,0
127031731,Liverpool - East,10046,Liverpool,0.5906849,Acceptable,Acceptable,0
127031732,Liverpool - West,10036,Holsworthy,0.2995498,Poor,Acceptable,0
127031732,Liverpool - West,10046,Liverpool,0.7004502,Acceptable,Acceptable,0
127031733,Prestons,10046,Liverpool,6.00E-07,Acceptable,Acceptable,1
127031733,Prestons,10036,Holsworthy,0.1872714,Poor,Acceptable,0
127031733,Prestons,10044,Leppington,0.8127279,Acceptable,Acceptable,0
128011529,Gymea - Grays Point,10052,Miranda,0.3364801,Poor,Acceptable,0
128011529,Gymea - Grays Point,10023,Cronulla,0.6635199,Acceptable,Acceptable,0
128011530,Miranda - Yowie Bay,10023,Cronulla,0.2443176,Acceptable,Acceptable,0
128011530,Miranda - Yowie Bay,10052,Miranda,0.7556824,Poor,Acceptable,0
128011531,Sylvania - Taren Point,10052,Miranda,1,Poor,Acceptable,0
128011602,Caringbah,10052,Miranda,0.2216906,Poor,Acceptable,0
128011602,Caringbah,10023,Cronulla,0.7783094,Acceptable,Acceptable,0
128011603,Caringbah South,10023,Cronulla,1,Acceptable,Acceptable,0
128011604,Cronulla - Kurnell - Bundeena,10034,Heathcote,0.1090089,Acceptable,Acceptable,0
128011604,Cronulla - Kurnell - Bundeena,10023,Cronulla,0.8909911,Acceptable,Acceptable,0
128011605,Lilli Pilli - Port Hacking - Dolans Bay,10023,Cronulla,1,Acceptable,Acceptable,0
128011606,Woolooware - Burraneer,10023,Cronulla,1,Acceptable,Acceptable,0
128021533,Heathcote - Waterfall,10034,Heathcote,1,Acceptable,Acceptable,0
128021534,Illawong - Alfords Point,10036,Holsworthy,0.2955776,Poor,Acceptable,0
128021534,Illawong - Alfords Point,10052,Miranda,0.7044224,Poor,Acceptable,0
128021535,Menai - Lucas Heights - Woronora,10034,Heathcote,0.0396865,Acceptable,Acceptable,0
128021535,Menai - Lucas Heights - Woronora,10052,Miranda,0.3520015,Poor,Acceptable,0
128021535,Menai - Lucas Heights - Woronora,10036,Holsworthy,0.6083119,Poor,Acceptable,0
128021536,Oyster Bay - Como - Jannali,10052,Miranda,1,Poor,Acceptable,0
128021537,Royal National Park,10034,Heathcote,1,Acceptable,Acceptable,0
128021538,Sutherland - Kirrawee,10023,Cronulla,0.182192,Acceptable,Acceptable,0
128021538,Sutherland - Kirrawee,10052,Miranda,0.2080761,Poor,Acceptable,0
128021538,Sutherland - Kirrawee,10034,Heathcote,0.6097318,Acceptable,Acceptable,0
128021607,Engadine,10034,Heathcote,1,Acceptable,Acceptable,0
128021608,Loftus - Yarrawarrah,10034,Heathcote,1,Acceptable,Acceptable,0
128021609,Woronora Heights,10034,Heathcote,1,Acceptable,Acceptable,0
197979799,Migratory - Offshore - Shipping (NSW),19797,Migratory - Offshore - Shipping (NSW),1,Good,Good,0
199999499,No usual address (NSW),19494,No usual address (NSW),1,Good,Good,0
201011001,Alfredton,27308,Ripon (Western Victoria),0.297078,Acceptable,Acceptable,0
201011001,Alfredton,28508,Wendouree (Western Victoria),0.702922,Acceptable,Acceptable,0
201011002,Ballarat,22608,Eureka (Western Victoria),0.0139933,Good,Acceptable,0
201011002,Ballarat,28508,Wendouree (Western Victoria),0.9860067,Acceptable,Acceptable,0
201011005,Buninyong,22608,Eureka (Western Victoria),1,Good,Acceptable,0
201011006,Delacombe,27308,Ripon (Western Victoria),0.0701949,Acceptable,Acceptable,0
201011006,Delacombe,28508,Wendouree (Western Victoria),0.9298051,Acceptable,Acceptable,0
201011007,Smythes Creek,27308,Ripon (Western Victoria),1,Acceptable,Acceptable,0
201011008,Wendouree - Miners Rest,27308,Ripon (Western Victoria),0.326422,Acceptable,Acceptable,0
201011008,Wendouree - Miners Rest,28508,Wendouree (Western Victoria),0.673578,Acceptable,Acceptable,0
201011481,Ballarat East - Warrenheip,22608,Eureka (Western Victoria),1,Good,Acceptable,0
201011482,Ballarat North - Invermay,27308,Ripon (Western Victoria),0.0765377,Acceptable,Acceptable,0
201011482,Ballarat North - Invermay,22608,Eureka (Western Victoria),0.1452838,Good,Acceptable,0
201011482,Ballarat North - Invermay,28508,Wendouree (Western Victoria),0.7781785,Acceptable,Acceptable,0
201011483,Canadian - Mount Clear,22608,Eureka (Western Victoria),1,Good,Acceptable,0
201011484,Sebastopol - Redan,28508,Wendouree (Western Victoria),1,Acceptable,Acceptable,0
201021009,Bacchus Marsh Surrounds,24504,Macedon (Northern Victoria),0.1251081,Good,Acceptable,0
201021009,Bacchus Marsh Surrounds,22608,Eureka (Western Victoria),0.8748919,Good,Acceptable,0
201021010,Creswick - Clunes,22608,Eureka (Western Victoria),0.0045881,Good,Acceptable,1
201021010,Creswick - Clunes,27308,Ripon (Western Victoria),0.9954119,Acceptable,Acceptable,0
201021011,Daylesford,27308,Ripon (Western Victoria),0.0620993,Acceptable,Acceptable,0
201021011,Daylesford,24504,Macedon (Northern Victoria),0.9379007,Good,Acceptable,0
201021012,Gordon (Vic.),27308,Ripon (Western Victoria),0.0111393,Acceptable,Acceptable,0
201021012,Gordon (Vic.),22608,Eureka (Western Victoria),0.9888607,Good,Acceptable,0
201031013,Avoca,27308,Ripon (Western Victoria),1,Acceptable,Acceptable,0
201031014,Beaufort,27308,Ripon (Western Victoria),1,Acceptable,Acceptable,0
201031015,Golden Plains - North,22608,Eureka (Western Victoria),0.2959829,Good,Acceptable,0
201031015,Golden Plains - North,27308,Ripon (Western Victoria),0.7040171,Acceptable,Acceptable,0
201031016,Maryborough (Vic.),27308,Ripon (Western Victoria),1,Acceptable,Acceptable,0
201031017,Maryborough Surrounds,20804,Bendigo West (Northern Victoria),0.0021858,Acceptable,Acceptable,1
201031017,Maryborough Surrounds,27308,Ripon (Western Victoria),0.9978142,Acceptable,Acceptable,0
202011018,Bendigo,20704,Bendigo East (Northern Victoria),0.1426325,Acceptable,Acceptable,0
202011018,Bendigo,20804,Bendigo West (Northern Victoria),0.8573675,Acceptable,Acceptable,0
202011019,California Gully - Eaglehawk,20804,Bendigo West (Northern Victoria),0.2079371,Acceptable,Acceptable,0
202011019,California Gully - Eaglehawk,20704,Bendigo East (Northern Victoria),0.7920629,Acceptable,Acceptable,0
202011020,East Bendigo - Kennington,20704,Bendigo East (Northern Victoria),1,Acceptable,Acceptable,0
202011021,Flora Hill - Spring Gully,20704,Bendigo East (Northern Victoria),1,Acceptable,Acceptable,0
202011022,Kangaroo Flat - Golden Square,20704,Bendigo East (Northern Victoria),0.0840024,Acceptable,Acceptable,0
202011022,Kangaroo Flat - Golden Square,20804,Bendigo West (Northern Victoria),0.9159976,Acceptable,Acceptable,0
202011023,Maiden Gully,20804,Bendigo West (Northern Victoria),1,Acceptable,Acceptable,0
202011024,Strathfieldsaye,20704,Bendigo East (Northern Victoria),1,Acceptable,Acceptable,0
202011025,White Hills - Ascot,20704,Bendigo East (Northern Victoria),1,Acceptable,Acceptable,0
202021026,Bendigo Surrounds - South,24504,Macedon (Northern Victoria),0.0016797,Good,Acceptable,1
202021026,Bendigo Surrounds - South,27308,Ripon (Western Victoria),0.0045571,Acceptable,Acceptable,1
202021026,Bendigo Surrounds - South,22704,Euroa (Northern Victoria),0.0112722,Good,Acceptable,0
202021026,Bendigo Surrounds - South,20704,Bendigo East (Northern Victoria),0.4101913,Acceptable,Acceptable,0
202021026,Bendigo Surrounds - South,20804,Bendigo West (Northern Victoria),0.5722997,Acceptable,Acceptable,0
202021027,Castlemaine,20804,Bendigo West (Northern Victoria),1,Acceptable,Acceptable,0
202021028,Castlemaine Surrounds,27308,Ripon (Western Victoria),0.0009794,Acceptable,Acceptable,1
202021028,Castlemaine Surrounds,20704,Bendigo East (Northern Victoria),0.0171389,Acceptable,Acceptable,0
202021028,Castlemaine Surrounds,22704,Euroa (Northern Victoria),0.0211542,Good,Acceptable,0
202021028,Castlemaine Surrounds,24504,Macedon (Northern Victoria),0.2303084,Good,Acceptable,0
202021028,Castlemaine Surrounds,20804,Bendigo West (Northern Victoria),0.7304191,Acceptable,Acceptable,0
202021029,Heathcote,20704,Bendigo East (Northern Victoria),0.1714833,Acceptable,Acceptable,0
202021029,Heathcote,22704,Euroa (Northern Victoria),0.8285167,Good,Acceptable,0
202021030,Kyneton,24504,Macedon (Northern Victoria),1,Good,Acceptable,0
202021031,Woodend,24504,Macedon (Northern Victoria),1,Good,Acceptable,0
202031032,Bendigo Surrounds - North,27308,Ripon (Western Victoria),0.0101774,Acceptable,Acceptable,0
202031032,Bendigo Surrounds - North,20804,Bendigo West (Northern Victoria),0.1162169,Acceptable,Acceptable,0
202031032,Bendigo Surrounds - North,20704,Bendigo East (Northern Victoria),0.8736057,Acceptable,Acceptable,0
202031033,Loddon,20704,Bendigo East (Northern Victoria),0.0831012,Acceptable,Acceptable,0
202031033,Loddon,25604,Murray Plains (Northern Victoria),0.3476816,Good,Acceptable,0
202031033,Loddon,27308,Ripon (Western Victoria),0.5692172,Acceptable,Acceptable,0
203011034,Bannockburn,23108,Geelong (Western Victoria),1,Acceptable,Acceptable,0
203011035,Golden Plains - South,23108,Geelong (Western Victoria),0.0159135,Acceptable,Acceptable,0
203011035,Golden Plains - South,22608,Eureka (Western Victoria),0.9840865,Good,Acceptable,0
203011036,Winchelsea,27708,South Barwon (Western Victoria),0.2917066,Acceptable,Acceptable,0
203011036,Winchelsea,26808,Polwarth (Western Victoria),0.7082934,Good,Acceptable,0
203021037,Belmont,27708,South Barwon (Western Victoria),0.3331987,Acceptable,Acceptable,0
203021037,Belmont,23108,Geelong (Western Victoria),0.6668013,Acceptable,Acceptable,0
203021039,Geelong,23108,Geelong (Western Victoria),1,Acceptable,Acceptable,0
203021040,Geelong West - Hamlyn Heights,24208,Lara (Western Victoria),0.307836,Good,Acceptable,0
203021040,Geelong West - Hamlyn Heights,23108,Geelong (Western Victoria),0.692164,Acceptable,Acceptable,0
203021042,Highton,27708,South Barwon (Western Victoria),1,Acceptable,Acceptable,0
203021043,Lara,24208,Lara (Western Victoria),1,Good,Acceptable,0
203021044,Leopold,20508,Bellarine (Western Victoria),1,Good,Acceptable,0
203021045,Newcomb - Moolap,23108,Geelong (Western Victoria),1,Acceptable,Acceptable,0
203021046,Newtown (Vic.),23108,Geelong (Western Victoria),1,Acceptable,Acceptable,0
203021047,North Geelong - Bell Park,24208,Lara (Western Victoria),1,Good,Acceptable,0
203021485,Charlemont,27708,South Barwon (Western Victoria),1,Acceptable,Acceptable,0
203021486,Corio - Lovely Banks,24208,Lara (Western Victoria),1,Good,Acceptable,0
203021487,Grovedale - Mount Duneed,27708,South Barwon (Western Victoria),1,Acceptable,Acceptable,0
203021488,Norlane,24208,Lara (Western Victoria),1,Good,Acceptable,0
203031048,Clifton Springs,20508,Bellarine (Western Victoria),1,Good,Acceptable,0
203031049,Lorne - Anglesea,26808,Polwarth (Western Victoria),1,Good,Acceptable,0
203031051,Portarlington,20508,Bellarine (Western Victoria),1,Good,Acceptable,0
203031052,Point Lonsdale - Queenscliff,20508,Bellarine (Western Victoria),1,Good,Acceptable,0
203031053,Torquay,27708,South Barwon (Western Victoria),0.0171673,Acceptable,Acceptable,0
203031053,Torquay,26808,Polwarth (Western Victoria),0.9828327,Good,Acceptable,0
203031489,Barwon Heads - Armstrong Creek,20508,Bellarine (Western Victoria),0.441282,Good,Acceptable,0
203031489,Barwon Heads - Armstrong Creek,27708,South Barwon (Western Victoria),0.558718,Acceptable,Acceptable,0
203031490,Ocean Grove,20508,Bellarine (Western Victoria),1,Good,Acceptable,0
204011054,Alexandra,22304,Eildon (Northern Victoria),1,Good,Acceptable,0
204011055,Euroa,22304,Eildon (Northern Victoria),0.001445,Good,Acceptable,1
204011055,Euroa,22704,Euroa (Northern Victoria),0.998555,Good,Acceptable,0
204011056,Kilmore - Broadford,22704,Euroa (Northern Victoria),1,Good,Acceptable,0
204011057,Mansfield (Vic.),22304,Eildon (Northern Victoria),1,Good,Acceptable,0
204011058,Nagambie,22704,Euroa (Northern Victoria),1,Good,Acceptable,0
204011059,Seymour,22704,Euroa (Northern Victoria),1,Good,Acceptable,0
204011060,Seymour Surrounds,22704,Euroa (Northern Victoria),1,Good,Acceptable,0
204011061,Upper Yarra Valley,22304,Eildon (Northern Victoria),1,Good,Acceptable,0
204011062,Yea,22704,Euroa (Northern Victoria),0.0078976,Good,Acceptable,1
204011062,Yea,22304,Eildon (Northern Victoria),0.9921024,Good,Acceptable,0
204021063,Benalla,22704,Euroa (Northern Victoria),1,Good,Acceptable,0
204021064,Benalla Surrounds,27604,Shepparton (Northern Victoria),0.0115971,Good,Acceptable,0
204021064,Benalla Surrounds,22704,Euroa (Northern Victoria),0.9884029,Good,Acceptable,0
204021065,Rutherglen,20604,Benambra (Northern Victoria),1,Good,Acceptable,0
204021066,Wangaratta,26404,Ovens Valley (Northern Victoria),1,Good,Acceptable,0
204021067,Wangaratta Surrounds,26404,Ovens Valley (Northern Victoria),1,Good,Acceptable,0
204031068,Beechworth,20604,Benambra (Northern Victoria),1,Good,Acceptable,0
204031069,Bright - Mount Beauty,26404,Ovens Valley (Northern Victoria),1,Good,Acceptable,0
204031070,Chiltern - Indigo Valley,20604,Benambra (Northern Victoria),1,Good,Acceptable,0
204031071,Myrtleford,26404,Ovens Valley (Northern Victoria),1,Good,Acceptable,0
204031072,Towong,20604,Benambra (Northern Victoria),1,Good,Acceptable,0
204031073,West Wodonga,20604,Benambra (Northern Victoria),1,Good,Acceptable,0
204031075,Yackandandah,26404,Ovens Valley (Northern Victoria),0.0076566,Good,Acceptable,1
204031075,Yackandandah,20604,Benambra (Northern Victoria),0.9923434,Good,Acceptable,0
204031491,Baranduda - Leneva,20604,Benambra (Northern Victoria),1,Good,Acceptable,0
204031492,Wodonga,20604,Benambra (Northern Victoria),1,Good,Acceptable,0
205011076,Drouin,25701,Narracan (Eastern Victoria),1,Good,Acceptable,0
205011077,Mount Baw Baw Region,25401,Morwell (Eastern Victoria),0.0338859,Good,Acceptable,0
205011077,Mount Baw Baw Region,25701,Narracan (Eastern Victoria),0.9661141,Good,Acceptable,0
205011078,Trafalgar (Vic.),25401,Morwell (Eastern Victoria),1.20E-06,Good,Acceptable,1
205011078,Trafalgar (Vic.),23301,Gippsland South (Eastern Victoria),0.0020332,Good,Acceptable,1
205011078,Trafalgar (Vic.),25701,Narracan (Eastern Victoria),0.9979656,Good,Acceptable,0
205011079,Warragul,25701,Narracan (Eastern Victoria),1,Good,Acceptable,0
205021080,Alps - East,23201,Gippsland East (Eastern Victoria),1,Good,Acceptable,0
205021081,Bairnsdale,23201,Gippsland East (Eastern Victoria),1,Good,Acceptable,0
205021082,Bruthen - Omeo,23201,Gippsland East (Eastern Victoria),1,Good,Acceptable,0
205021083,Lake King,23201,Gippsland East (Eastern Victoria),1,Good,Acceptable,0
205021084,Lakes Entrance,23201,Gippsland East (Eastern Victoria),1,Good,Acceptable,0
205021085,Orbost,23201,Gippsland East (Eastern Victoria),1,Good,Acceptable,0
205021086,Paynesville,23201,Gippsland East (Eastern Victoria),1,Good,Acceptable,0
205031087,Foster,23301,Gippsland South (Eastern Victoria),1,Good,Acceptable,0
205031088,French Island,23601,Hastings (Eastern Victoria),1,Good,Acceptable,0
205031089,Korumburra,25701,Narracan (Eastern Victoria),0.0068125,Good,Acceptable,1
205031089,Korumburra,20301,Bass (Eastern Victoria),0.0244916,Good,Acceptable,0
205031089,Korumburra,23301,Gippsland South (Eastern Victoria),0.9686958,Good,Acceptable,0
205031090,Leongatha,25701,Narracan (Eastern Victoria),0.0009588,Good,Acceptable,1
205031090,Leongatha,23301,Gippsland South (Eastern Victoria),0.9990412,Good,Acceptable,0
205031091,Phillip Island,20301,Bass (Eastern Victoria),1,Good,Acceptable,0
205031092,Wilsons Promontory,23301,Gippsland South (Eastern Victoria),1,Good,Acceptable,0
205031093,Wonthaggi - Inverloch,23301,Gippsland South (Eastern Victoria),0.0020905,Good,Acceptable,1
205031093,Wonthaggi - Inverloch,20301,Bass (Eastern Victoria),0.9979095,Good,Acceptable,0
205041094,Churchill,23301,Gippsland South (Eastern Victoria),0.3184457,Good,Acceptable,0
205041094,Churchill,25401,Morwell (Eastern Victoria),0.6815543,Good,Acceptable,0
205041095,Moe - Newborough,25701,Narracan (Eastern Victoria),0.0010936,Good,Acceptable,1
205041095,Moe - Newborough,25401,Morwell (Eastern Victoria),0.9989064,Good,Acceptable,0
205041096,Morwell,25401,Morwell (Eastern Victoria),1,Good,Acceptable,0
205041098,Yallourn North - Glengarry,25701,Narracan (Eastern Victoria),0.0070107,Good,Acceptable,1
205041098,Yallourn North - Glengarry,23301,Gippsland South (Eastern Victoria),0.2268474,Good,Acceptable,0
205041098,Yallourn North - Glengarry,25401,Morwell (Eastern Victoria),0.7661419,Good,Acceptable,0
205041493,Traralgon - East,25401,Morwell (Eastern Victoria),1,Good,Acceptable,0
205041494,Traralgon - West,25401,Morwell (Eastern Victoria),1,Good,Acceptable,0
205051099,Alps - West,23201,Gippsland East (Eastern Victoria),1,Good,Acceptable,0
205051100,Longford - Loch Sport,23201,Gippsland East (Eastern Victoria),0.086452,Good,Acceptable,0
205051100,Longford - Loch Sport,23301,Gippsland South (Eastern Victoria),0.913548,Good,Acceptable,0
205051101,Maffra,23301,Gippsland South (Eastern Victoria),0.0098311,Good,Acceptable,1
205051101,Maffra,23201,Gippsland East (Eastern Victoria),0.9901689,Good,Acceptable,0
205051102,Rosedale,23301,Gippsland South (Eastern Victoria),1,Good,Acceptable,0
205051103,Sale,23301,Gippsland South (Eastern Victoria),1,Good,Acceptable,0
205051104,Yarram,23301,Gippsland South (Eastern Victoria),1,Good,Acceptable,0
206011106,Brunswick East,21403,Brunswick (Northern Metropolitan),1,Good,Acceptable,0
206011107,Brunswick West,26603,Pascoe Vale (Northern Metropolitan),0.3572408,Good,Acceptable,0
206011107,Brunswick West,21403,Brunswick (Northern Metropolitan),0.6427592,Good,Acceptable,0
206011109,Pascoe Vale South,26603,Pascoe Vale (Northern Metropolitan),1,Good,Acceptable,0
206011495,Brunswick - North,21403,Brunswick (Northern Metropolitan),1,Good,Acceptable,0
206011496,Brunswick - South,21403,Brunswick (Northern Metropolitan),1,Good,Acceptable,0
206011497,Coburg - East,26603,Pascoe Vale (Northern Metropolitan),1,Good,Acceptable,0
206011498,Coburg - West,26603,Pascoe Vale (Northern Metropolitan),1,Good,Acceptable,0
206021110,Alphington - Fairfield,26203,Northcote (Northern Metropolitan),1,Acceptable,Acceptable,0
206021112,Thornbury,26203,Northcote (Northern Metropolitan),1,Acceptable,Acceptable,0
206021499,Northcote - East,26203,Northcote (Northern Metropolitan),1,Acceptable,Acceptable,0
206021500,Northcote - West,26203,Northcote (Northern Metropolitan),1,Acceptable,Acceptable,0
206031113,Ascot Vale,22503,Essendon (Northern Metropolitan),1,Good,Acceptable,0
206031115,Flemington,22503,Essendon (Northern Metropolitan),1,Good,Acceptable,0
206031116,Moonee Ponds,26107,Niddrie (Western Metropolitan),0.0230277,Acceptable,Acceptable,0
206031116,Moonee Ponds,22503,Essendon (Northern Metropolitan),0.9769723,Good,Acceptable,0
206031501,Essendon (West) - Aberfeldie,22503,Essendon (Northern Metropolitan),0.4823541,Good,Acceptable,0
206031501,Essendon (West) - Aberfeldie,26107,Niddrie (Western Metropolitan),0.5176459,Acceptable,Acceptable,0
206031502,Essendon - East,22503,Essendon (Northern Metropolitan),1,Good,Acceptable,0
206041117,Carlton,24703,Melbourne (Northern Metropolitan),1,Good,Acceptable,0
206041118,Docklands,20106,Albert Park (Southern Metropolitan),0.1394124,Acceptable,Acceptable,0
206041118,Docklands,24703,Melbourne (Northern Metropolitan),0.8605876,Good,Acceptable,0
206041119,East Melbourne,24703,Melbourne (Northern Metropolitan),1,Good,Acceptable,0
206041120,Flemington Racecourse,22503,Essendon (Northern Metropolitan),1,Good,Acceptable,0
206041121,Kensington (Vic.),24703,Melbourne (Northern Metropolitan),1,Good,Acceptable,0
206041124,Parkville,24703,Melbourne (Northern Metropolitan),1,Good,Acceptable,0
206041125,South Yarra - West,26906,Prahran (Southern Metropolitan),1,Acceptable,Acceptable,0
206041127,West Melbourne - Industrial,20106,Albert Park (Southern Metropolitan),3.30E-06,Acceptable,Acceptable,1
206041127,West Melbourne - Industrial,24703,Melbourne (Northern Metropolitan),0.9999967,Good,Acceptable,0
206041503,Melbourne CBD - East,24703,Melbourne (Northern Metropolitan),1,Good,Acceptable,0
206041504,Melbourne CBD - North,24703,Melbourne (Northern Metropolitan),1,Good,Acceptable,0
206041505,Melbourne CBD - West,24703,Melbourne (Northern Metropolitan),1,Good,Acceptable,0
206041506,North Melbourne,24703,Melbourne (Northern Metropolitan),1,Good,Acceptable,0
206041507,Royal Botanic Gardens Victoria,26906,Prahran (Southern Metropolitan),1,Acceptable,Acceptable,0
206041508,Southbank (West) - South Wharf,20106,Albert Park (Southern Metropolitan),1,Acceptable,Acceptable,0
206041509,Southbank - East,26906,Prahran (Southern Metropolitan),0.2469432,Acceptable,Acceptable,0
206041509,Southbank - East,20106,Albert Park (Southern Metropolitan),0.7530568,Acceptable,Acceptable,0
206041510,West Melbourne - Residential,24703,Melbourne (Northern Metropolitan),1,Good,Acceptable,0
206051128,Albert Park,26906,Prahran (Southern Metropolitan),0.3624593,Acceptable,Acceptable,0
206051128,Albert Park,20106,Albert Park (Southern Metropolitan),0.6375407,Acceptable,Acceptable,0
206051129,Elwood,21206,Brighton (Southern Metropolitan),1,Good,Acceptable,0
206051130,Port Melbourne,20106,Albert Park (Southern Metropolitan),1,Acceptable,Acceptable,0
206051134,St Kilda East,26906,Prahran (Southern Metropolitan),0.2594331,Acceptable,Acceptable,0
206051134,St Kilda East,21806,Caulfield (Southern Metropolitan),0.7405669,Good,Acceptable,0
206051511,Port Melbourne Industrial,20106,Albert Park (Southern Metropolitan),1,Acceptable,Acceptable,0
206051512,South Melbourne,26906,Prahran (Southern Metropolitan),0.2528274,Acceptable,Acceptable,0
206051512,South Melbourne,20106,Albert Park (Southern Metropolitan),0.7471726,Acceptable,Acceptable,0
206051513,St Kilda - Central,26906,Prahran (Southern Metropolitan),0.4973904,Acceptable,Acceptable,0
206051513,St Kilda - Central,20106,Albert Park (Southern Metropolitan),0.5026096,Acceptable,Acceptable,0
206051514,St Kilda - West,26906,Prahran (Southern Metropolitan),0.2464564,Acceptable,Acceptable,0
206051514,St Kilda - West,20106,Albert Park (Southern Metropolitan),0.7535436,Acceptable,Acceptable,0
206061135,Armadale,24606,Malvern (Southern Metropolitan),1,Good,Acceptable,0
206061136,Prahran - Windsor,26906,Prahran (Southern Metropolitan),1,Acceptable,Acceptable,0
206061138,Toorak,24606,Malvern (Southern Metropolitan),1,Good,Acceptable,0
206061515,South Yarra - North,26906,Prahran (Southern Metropolitan),1,Acceptable,Acceptable,0
206061516,South Yarra - South,26906,Prahran (Southern Metropolitan),1,Acceptable,Acceptable,0
206071139,Abbotsford,27103,Richmond (Northern Metropolitan),1,Good,Acceptable,0
206071140,Carlton North - Princes Hill,21403,Brunswick (Northern Metropolitan),1,Good,Acceptable,0
206071141,Collingwood,27103,Richmond (Northern Metropolitan),1,Good,Acceptable,0
206071142,Fitzroy,27103,Richmond (Northern Metropolitan),1,Good,Acceptable,0
206071143,Fitzroy North,27103,Richmond (Northern Metropolitan),0.0014839,Good,Acceptable,1
206071143,Fitzroy North,21403,Brunswick (Northern Metropolitan),0.9985161,Good,Acceptable,0
206071145,Clifton Hill - Alphington,26203,Northcote (Northern Metropolitan),0.3201241,Acceptable,Acceptable,0
206071145,Clifton Hill - Alphington,27103,Richmond (Northern Metropolitan),0.6798759,Good,Acceptable,0
206071517,Richmond (South) - Cremorne,27103,Richmond (Northern Metropolitan),1,Good,Acceptable,0
206071518,Richmond - North,27103,Richmond (Northern Metropolitan),1,Good,Acceptable,0
207011146,Ashburton (Vic.),20206,Ashwood (Southern Metropolitan),1,Acceptable,Acceptable,0
207011147,Balwyn,24006,Kew (Southern Metropolitan),1,Good,Acceptable,0
207011148,Balwyn North,24006,Kew (Southern Metropolitan),1,Good,Acceptable,0
207011149,Camberwell,23706,Hawthorn (Southern Metropolitan),1,Good,Acceptable,0
207011150,Glen Iris - East,23706,Hawthorn (Southern Metropolitan),0.0631612,Good,Acceptable,0
207011150,Glen Iris - East,20206,Ashwood (Southern Metropolitan),0.9368388,Acceptable,Acceptable,0
207011152,Hawthorn East,23706,Hawthorn (Southern Metropolitan),1,Good,Acceptable,0
207011154,Kew East,24006,Kew (Southern Metropolitan),1,Good,Acceptable,0
207011155,Surrey Hills (West) - Canterbury,24006,Kew (Southern Metropolitan),0.3173359,Good,Acceptable,0
207011155,Surrey Hills (West) - Canterbury,23706,Hawthorn (Southern Metropolitan),0.6826641,Good,Acceptable,0
207011519,Hawthorn - North,23706,Hawthorn (Southern Metropolitan),1,Good,Acceptable,0
207011520,Hawthorn - South,23706,Hawthorn (Southern Metropolitan),1,Good,Acceptable,0
207011521,Kew - South,24006,Kew (Southern Metropolitan),1,Good,Acceptable,0
207011522,Kew - West,24006,Kew (Southern Metropolitan),1,Good,Acceptable,0
207021156,Bulleen,21502,Bulleen (North-Eastern Metropolitan),1,Good,Acceptable,0
207021157,Doncaster,21502,Bulleen (North-Eastern Metropolitan),1,Good,Acceptable,0
207021159,Templestowe,28402,Warrandyte (North-Eastern Metropolitan),0.0086704,Acceptable,Acceptable,1
207021159,Templestowe,21502,Bulleen (North-Eastern Metropolitan),0.9913296,Good,Acceptable,0
207021160,Templestowe Lower,21502,Bulleen (North-Eastern Metropolitan),1,Good,Acceptable,0
207021424,Doncaster East - North,21502,Bulleen (North-Eastern Metropolitan),0.4961543,Good,Acceptable,0
207021424,Doncaster East - North,28402,Warrandyte (North-Eastern Metropolitan),0.5038457,Acceptable,Acceptable,0
207021425,Doncaster East - South,28402,Warrandyte (North-Eastern Metropolitan),1,Acceptable,Acceptable,0
207031161,Blackburn,27202,Ringwood (North-Eastern Metropolitan),0.3388227,Acceptable,Acceptable,0
207031161,Blackburn,21102,Box Hill (North-Eastern Metropolitan),0.6611773,Acceptable,Acceptable,0
207031162,Blackburn South,23402,Glen Waverley (North-Eastern Metropolitan),0.1303157,Acceptable,Acceptable,0
207031162,Blackburn South,21102,Box Hill (North-Eastern Metropolitan),0.8696843,Acceptable,Acceptable,0
207031163,Box Hill,21102,Box Hill (North-Eastern Metropolitan),1,Acceptable,Acceptable,0
207031164,Box Hill North,24006,Kew (Southern Metropolitan),0.0059008,Good,Acceptable,1
207031164,Box Hill North,21102,Box Hill (North-Eastern Metropolitan),0.9940992,Acceptable,Acceptable,0
207031165,Burwood (Vic.),20206,Ashwood (Southern Metropolitan),0.4020617,Acceptable,Acceptable,0
207031165,Burwood (Vic.),21102,Box Hill (North-Eastern Metropolitan),0.5979383,Acceptable,Acceptable,0
207031166,Burwood East,21102,Box Hill (North-Eastern Metropolitan),0.2231953,Acceptable,Acceptable,0
207031166,Burwood East,20206,Ashwood (Southern Metropolitan),0.3482579,Acceptable,Acceptable,0
207031166,Burwood East,23402,Glen Waverley (North-Eastern Metropolitan),0.4285467,Acceptable,Acceptable,0
207031167,Surrey Hills (East) - Mont Albert,21102,Box Hill (North-Eastern Metropolitan),1,Acceptable,Acceptable,0
208011168,Beaumaris,27506,Sandringham (Southern Metropolitan),1,Acceptable,Acceptable,0
208011169,Brighton (Vic.),21206,Brighton (Southern Metropolitan),1,Good,Acceptable,0
208011170,Brighton East,21206,Brighton (Southern Metropolitan),1,Good,Acceptable,0
208011171,Highett (West) - Cheltenham,27506,Sandringham (Southern Metropolitan),1,Acceptable,Acceptable,0
208011172,Hampton,27506,Sandringham (Southern Metropolitan),0.343172,Acceptable,Acceptable,0
208011172,Hampton,21206,Brighton (Southern Metropolitan),0.656828,Good,Acceptable,0
208011173,Sandringham - Black Rock,27506,Sandringham (Southern Metropolitan),1,Acceptable,Acceptable,0
208021174,Bentleigh - McKinnon,20906,Bentleigh (Southern Metropolitan),1,Acceptable,Acceptable,0
208021176,Carnegie,26306,Oakleigh (Southern Metropolitan),1,Good,Acceptable,0
208021177,Caulfield - North,21806,Caulfield (Southern Metropolitan),1,Good,Acceptable,0
208021178,Caulfield - South,21806,Caulfield (Southern Metropolitan),1,Good,Acceptable,0
208021179,Elsternwick,21806,Caulfield (Southern Metropolitan),1,Good,Acceptable,0
208021180,Hughesdale,26306,Oakleigh (Southern Metropolitan),1,Good,Acceptable,0
208021181,Murrumbeena,26306,Oakleigh (Southern Metropolitan),1,Good,Acceptable,0
208021182,Ormond - Glen Huntly,26306,Oakleigh (Southern Metropolitan),0.1486598,Good,Acceptable,0
208021182,Ormond - Glen Huntly,20906,Bentleigh (Southern Metropolitan),0.3095522,Acceptable,Acceptable,0
208021182,Ormond - Glen Huntly,21806,Caulfield (Southern Metropolitan),0.541788,Good,Acceptable,0
208021426,Bentleigh East - North,20906,Bentleigh (Southern Metropolitan),1,Acceptable,Acceptable,0
208021427,Bentleigh East - South,20906,Bentleigh (Southern Metropolitan),1,Acceptable,Acceptable,0
208031183,Aspendale Gardens - Waterways,25205,Mordialloc (South-Eastern Metropolitan),1,Good,Acceptable,0
208031184,Braeside,21905,Clarinda (South-Eastern Metropolitan),0.003295,Acceptable,Acceptable,1
208031184,Braeside,25205,Mordialloc (South-Eastern Metropolitan),0.996705,Good,Acceptable,0
208031185,Carrum - Patterson Lakes,21705,Carrum (South-Eastern Metropolitan),1,Acceptable,Acceptable,0
208031186,Chelsea - Bonbeach,21705,Carrum (South-Eastern Metropolitan),0.4495405,Acceptable,Acceptable,0
208031186,Chelsea - Bonbeach,25205,Mordialloc (South-Eastern Metropolitan),0.5504595,Good,Acceptable,0
208031187,Chelsea Heights,25205,Mordialloc (South-Eastern Metropolitan),1,Good,Acceptable,0
208031188,Highett (East) - Cheltenham,27506,Sandringham (Southern Metropolitan),0.1897493,Acceptable,Acceptable,0
208031188,Highett (East) - Cheltenham,21905,Clarinda (South-Eastern Metropolitan),0.355117,Acceptable,Acceptable,0
208031188,Highett (East) - Cheltenham,20906,Bentleigh (Southern Metropolitan),0.4551337,Acceptable,Acceptable,0
208031189,Edithvale - Aspendale,25205,Mordialloc (South-Eastern Metropolitan),1,Good,Acceptable,0
208031190,Mentone,25205,Mordialloc (South-Eastern Metropolitan),0.0167244,Good,Acceptable,0
208031190,Mentone,21905,Clarinda (South-Eastern Metropolitan),0.359326,Acceptable,Acceptable,0
208031190,Mentone,27506,Sandringham (Southern Metropolitan),0.6239496,Acceptable,Acceptable,0
208031191,Moorabbin - Heatherton,27506,Sandringham (Southern Metropolitan),0.0296099,Acceptable,Acceptable,0
208031191,Moorabbin - Heatherton,21905,Clarinda (South-Eastern Metropolitan),0.3105705,Acceptable,Acceptable,0
208031191,Moorabbin - Heatherton,20906,Bentleigh (Southern Metropolitan),0.6598196,Acceptable,Acceptable,0
208031192,Moorabbin Airport,21905,Clarinda (South-Eastern Metropolitan),1,Acceptable,Acceptable,0
208031193,Mordialloc - Parkdale,25205,Mordialloc (South-Eastern Metropolitan),1,Good,Acceptable,0
208041194,Malvern - Glen Iris,24606,Malvern (Southern Metropolitan),1,Good,Acceptable,0
208041195,Malvern East,24606,Malvern (Southern Metropolitan),1,Good,Acceptable,0
209011196,Bundoora - East,21602,Bundoora (North-Eastern Metropolitan),1,Acceptable,Acceptable,0
209011197,Greensborough,22402,Eltham (North-Eastern Metropolitan),0.4206682,Acceptable,Acceptable,0
209011197,Greensborough,21602,Bundoora (North-Eastern Metropolitan),0.5793318,Acceptable,Acceptable,0
209011198,Heidelberg - Rosanna,23802,Ivanhoe (North-Eastern Metropolitan),1,Good,Acceptable,0
209011199,Heidelberg West,23802,Ivanhoe (North-Eastern Metropolitan),1,Good,Acceptable,0
209011200,Ivanhoe,23802,Ivanhoe (North-Eastern Metropolitan),1,Good,Acceptable,0
209011201,Ivanhoe East - Eaglemont,23802,Ivanhoe (North-Eastern Metropolitan),1,Good,Acceptable,0
209011202,Montmorency - Briar Hill,21602,Bundoora (North-Eastern Metropolitan),0.0447102,Acceptable,Acceptable,0
209011202,Montmorency - Briar Hill,22402,Eltham (North-Eastern Metropolitan),0.9552898,Acceptable,Acceptable,0
209011203,Viewbank - Yallambie,21602,Bundoora (North-Eastern Metropolitan),0.1915859,Acceptable,Acceptable,0
209011203,Viewbank - Yallambie,23802,Ivanhoe (North-Eastern Metropolitan),0.8084141,Good,Acceptable,0
209011204,Watsonia,21602,Bundoora (North-Eastern Metropolitan),1,Acceptable,Acceptable,0
209021205,Kingsbury,21602,Bundoora (North-Eastern Metropolitan),1,Acceptable,Acceptable,0
209021428,Preston - East,26203,Northcote (Northern Metropolitan),0.3275566,Acceptable,Acceptable,0
209021428,Preston - East,27003,Preston (Northern Metropolitan),0.6724434,Good,Acceptable,0
209021429,Preston - West,26203,Northcote (Northern Metropolitan),0.3115112,Acceptable,Acceptable,0
209021429,Preston - West,27003,Preston (Northern Metropolitan),0.6884888,Good,Acceptable,0
209021523,Reservoir - North East,27003,Preston (Northern Metropolitan),1,Good,Acceptable,0
209021524,Reservoir - North West,27003,Preston (Northern Metropolitan),1,Good,Acceptable,0
209021525,Reservoir - South East,27003,Preston (Northern Metropolitan),1,Good,Acceptable,0
209021526,Reservoir - South West,27003,Preston (Northern Metropolitan),1,Good,Acceptable,0
209031209,Eltham,22402,Eltham (North-Eastern Metropolitan),1,Acceptable,Acceptable,0
209031210,Hurstbridge,22304,Eildon (Northern Victoria),1,Good,Acceptable,0
209031211,Kinglake,22304,Eildon (Northern Victoria),1,Good,Acceptable,0
209031212,Panton Hill - St Andrews,28804,Yan Yean (Northern Victoria),0.0694442,Acceptable,Acceptable,0
209031212,Panton Hill - St Andrews,22304,Eildon (Northern Victoria),0.9305558,Good,Acceptable,0
209031213,Plenty - Yarrambat,22402,Eltham (North-Eastern Metropolitan),0.1277822,Acceptable,Acceptable,0
209031213,Plenty - Yarrambat,21602,Bundoora (North-Eastern Metropolitan),0.4308282,Acceptable,Acceptable,0
209031213,Plenty - Yarrambat,28804,Yan Yean (Northern Victoria),0.4413895,Acceptable,Acceptable,0
209031214,Research - North Warrandyte,22304,Eildon (Northern Victoria),0.1748431,Good,Acceptable,0
209031214,Research - North Warrandyte,22402,Eltham (North-Eastern Metropolitan),0.3889802,Acceptable,Acceptable,0
209031214,Research - North Warrandyte,28402,Warrandyte (North-Eastern Metropolitan),0.4361767,Acceptable,Acceptable,0
209031215,Wattle Glen - Diamond Creek,22402,Eltham (North-Eastern Metropolitan),1,Acceptable,Acceptable,0
209041216,Bundoora - North,21602,Bundoora (North-Eastern Metropolitan),1,Acceptable,Acceptable,0
209041217,Bundoora - West,21602,Bundoora (North-Eastern Metropolitan),1,Acceptable,Acceptable,0
209041220,Mill Park - North,25002,Mill Park (North-Eastern Metropolitan),1,Acceptable,Acceptable,0
209041221,Mill Park - South,25002,Mill Park (North-Eastern Metropolitan),0.4744997,Acceptable,Acceptable,0
209041221,Mill Park - South,21602,Bundoora (North-Eastern Metropolitan),0.5255003,Acceptable,Acceptable,0
209041223,Thomastown,28303,Thomastown (Northern Metropolitan),1,Good,Acceptable,0
209041224,Wallan,22704,Euroa (Northern Victoria),0.0472407,Good,Acceptable,0
209041224,Wallan,28804,Yan Yean (Northern Victoria),0.2223119,Acceptable,Acceptable,0
209041224,Wallan,23903,Kalkallo (Northern Metropolitan),0.7304474,Acceptable,Acceptable,0
209041225,Whittlesea,22304,Eildon (Northern Victoria),0.0116773,Good,Acceptable,0
209041225,Whittlesea,28804,Yan Yean (Northern Victoria),0.9883227,Acceptable,Acceptable,0
209041431,Epping - East,25002,Mill Park (North-Eastern Metropolitan),1,Acceptable,Acceptable,0
209041432,Epping - South,28303,Thomastown (Northern Metropolitan),0.4168279,Good,Acceptable,0
209041432,Epping - South,25002,Mill Park (North-Eastern Metropolitan),0.5831721,Acceptable,Acceptable,0
209041433,Epping (Vic.) - West,28303,Thomastown (Northern Metropolitan),1,Good,Acceptable,0
209041435,South Morang - North,28804,Yan Yean (Northern Victoria),0.2332862,Acceptable,Acceptable,0
209041435,South Morang - North,25002,Mill Park (North-Eastern Metropolitan),0.7667138,Acceptable,Acceptable,0
209041436,South Morang - South,25002,Mill Park (North-Eastern Metropolitan),1,Acceptable,Acceptable,0
209041437,Wollert,28804,Yan Yean (Northern Victoria),0.0008201,Acceptable,Acceptable,1
209041437,Wollert,25002,Mill Park (North-Eastern Metropolitan),0.2359609,Acceptable,Acceptable,0
209041437,Wollert,28303,Thomastown (Northern Metropolitan),0.7632191,Good,Acceptable,0
209041527,Doreen - North,28804,Yan Yean (Northern Victoria),1,Acceptable,Acceptable,0
209041528,Doreen - South,28804,Yan Yean (Northern Victoria),1,Acceptable,Acceptable,0
209041529,Lalor - East,28303,Thomastown (Northern Metropolitan),1,Good,Acceptable,0
209041530,Lalor - West,28303,Thomastown (Northern Metropolitan),1,Good,Acceptable,0
209041531,Mernda - North,28804,Yan Yean (Northern Victoria),1,Acceptable,Acceptable,0
209041532,Mernda - South,28804,Yan Yean (Northern Victoria),1,Acceptable,Acceptable,0
210011226,Airport West,26107,Niddrie (Western Metropolitan),1,Acceptable,Acceptable,0
210011227,Essendon Airport,22503,Essendon (Northern Metropolitan),1,Good,Acceptable,0
210011228,Keilor,28007,Sunbury (Western Metropolitan),3.50E-06,Good,Acceptable,1
210011228,Keilor,26107,Niddrie (Western Metropolitan),0.9999965,Acceptable,Acceptable,0
210011230,Niddrie - Essendon West,26107,Niddrie (Western Metropolitan),1,Acceptable,Acceptable,0
210011231,Strathmore,26107,Niddrie (Western Metropolitan),0.0077816,Acceptable,Acceptable,1
210011231,Strathmore,22503,Essendon (Northern Metropolitan),0.9922184,Good,Acceptable,0
210011533,Avondale Heights,26107,Niddrie (Western Metropolitan),1,Acceptable,Acceptable,0
210011534,Keilor East,26107,Niddrie (Western Metropolitan),1,Acceptable,Acceptable,0
210021232,Gisborne,24504,Macedon (Northern Victoria),1,Good,Acceptable,0
210021233,Macedon,24504,Macedon (Northern Victoria),1,Good,Acceptable,0
210021234,Riddells Creek,24504,Macedon (Northern Victoria),1,Good,Acceptable,0
210021235,Romsey,24504,Macedon (Northern Victoria),1,Good,Acceptable,0
210031236,Coburg North,26603,Pascoe Vale (Northern Metropolitan),1,Good,Acceptable,0
210031237,Fawkner,21303,Broadmeadows (Northern Metropolitan),1,Good,Acceptable,0
210031439,Gowanbrae,26107,Niddrie (Western Metropolitan),1,Acceptable,Acceptable,0
210031440,Hadfield,21303,Broadmeadows (Northern Metropolitan),1,Good,Acceptable,0
210031535,Glenroy - East,21303,Broadmeadows (Northern Metropolitan),1,Good,Acceptable,0
210031536,Glenroy - West,21303,Broadmeadows (Northern Metropolitan),1,Good,Acceptable,0
210031537,Oak Park,26603,Pascoe Vale (Northern Metropolitan),0.2271409,Good,Acceptable,0
210031537,Oak Park,21303,Broadmeadows (Northern Metropolitan),0.7728591,Good,Acceptable,0
210031538,Pascoe Vale,21303,Broadmeadows (Northern Metropolitan),0.0319102,Good,Acceptable,0
210031538,Pascoe Vale,26603,Pascoe Vale (Northern Metropolitan),0.9680898,Good,Acceptable,0
210041240,Sunbury,28007,Sunbury (Western Metropolitan),1,Good,Acceptable,0
210041539,Diggers Rest,28007,Sunbury (Western Metropolitan),1,Good,Acceptable,0
210041540,Sunbury - South,28007,Sunbury (Western Metropolitan),1,Good,Acceptable,0
210041541,Sunbury - West,28007,Sunbury (Western Metropolitan),1,Good,Acceptable,0
210051242,Broadmeadows,21303,Broadmeadows (Northern Metropolitan),1,Good,Acceptable,0
210051243,Campbellfield - Coolaroo,21303,Broadmeadows (Northern Metropolitan),1,Good,Acceptable,0
210051245,Gladstone Park - Westmeadows,23503,Greenvale (Northern Metropolitan),0.4009911,Acceptable,Acceptable,0
210051245,Gladstone Park - Westmeadows,28007,Sunbury (Western Metropolitan),0.5990089,Good,Acceptable,0
210051246,Greenvale - Bulla,23903,Kalkallo (Northern Metropolitan),0.0068318,Acceptable,Acceptable,1
210051246,Greenvale - Bulla,28007,Sunbury (Western Metropolitan),0.0303612,Good,Acceptable,0
210051246,Greenvale - Bulla,23503,Greenvale (Northern Metropolitan),0.9628069,Acceptable,Acceptable,0
210051247,Meadow Heights,23503,Greenvale (Northern Metropolitan),1,Acceptable,Acceptable,0
210051248,Melbourne Airport,28007,Sunbury (Western Metropolitan),1,Good,Acceptable,0
210051250,Tullamarine,28007,Sunbury (Western Metropolitan),1,Good,Acceptable,0
210051441,Craigieburn - Central,23903,Kalkallo (Northern Metropolitan),1,Acceptable,Acceptable,0
210051442,Craigieburn - North,23903,Kalkallo (Northern Metropolitan),1,Acceptable,Acceptable,0
210051443,Craigieburn - South,23503,Greenvale (Northern Metropolitan),0.4424495,Acceptable,Acceptable,0
210051443,Craigieburn - South,23903,Kalkallo (Northern Metropolitan),0.5575505,Acceptable,Acceptable,0
210051445,Mickleham - Yuroke,23903,Kalkallo (Northern Metropolitan),1,Acceptable,Acceptable,0
210051542,Craigieburn - North West,23903,Kalkallo (Northern Metropolitan),1,Acceptable,Acceptable,0
210051543,Craigieburn - West,23903,Kalkallo (Northern Metropolitan),1,Acceptable,Acceptable,0
210051544,Roxburgh Park (South) - Somerton,23503,Greenvale (Northern Metropolitan),1,Acceptable,Acceptable,0
210051545,Roxburgh Park - North,23503,Greenvale (Northern Metropolitan),1,Acceptable,Acceptable,0
211011251,Bayswater,20402,Bayswater (North-Eastern Metropolitan),1,Acceptable,Acceptable,0
211011254,Knoxfield - Scoresby,20402,Bayswater (North-Eastern Metropolitan),6.00E-07,Acceptable,Acceptable,1
211011254,Knoxfield - Scoresby,27405,Rowville (South-Eastern Metropolitan),0.9999994,Good,Acceptable,0
211011255,Lysterfield,25101,Monbulk (Eastern Victoria),0.0062358,Acceptable,Acceptable,1
211011255,Lysterfield,27405,Rowville (South-Eastern Metropolitan),0.9937642,Good,Acceptable,0
211011256,Rowville - Central,27405,Rowville (South-Eastern Metropolitan),1,Good,Acceptable,0
211011257,Rowville - North,27405,Rowville (South-Eastern Metropolitan),1,Good,Acceptable,0
211011258,Rowville - South,27405,Rowville (South-Eastern Metropolitan),1,Good,Acceptable,0
211011259,Wantirna,20402,Bayswater (North-Eastern Metropolitan),1,Acceptable,Acceptable,0
211011260,Wantirna South,20402,Bayswater (North-Eastern Metropolitan),0.2017527,Acceptable,Acceptable,0
211011260,Wantirna South,27405,Rowville (South-Eastern Metropolitan),0.7982473,Good,Acceptable,0
211011446,Boronia,25101,Monbulk (Eastern Victoria),0.0187493,Acceptable,Acceptable,0
211011446,Boronia,20402,Bayswater (North-Eastern Metropolitan),0.9812507,Acceptable,Acceptable,0
211011447,Ferntree Gully - North,25101,Monbulk (Eastern Victoria),0.4852177,Acceptable,Acceptable,0
211011447,Ferntree Gully - North,20402,Bayswater (North-Eastern Metropolitan),0.5147823,Acceptable,Acceptable,0
211011448,Ferntree Gully (South) - Upper Ferntree Gully,25101,Monbulk (Eastern Victoria),0.3590806,Acceptable,Acceptable,0
211011448,Ferntree Gully (South) - Upper Ferntree Gully,20402,Bayswater (North-Eastern Metropolitan),0.6409194,Acceptable,Acceptable,0
211011449,The Basin,20402,Bayswater (North-Eastern Metropolitan),0.4982738,Acceptable,Acceptable,0
211011449,The Basin,25101,Monbulk (Eastern Victoria),0.5017262,Acceptable,Acceptable,0
211021261,Donvale - Park Orchards,27202,Ringwood (North-Eastern Metropolitan),0.0885107,Acceptable,Acceptable,0
211021261,Donvale - Park Orchards,28402,Warrandyte (North-Eastern Metropolitan),0.9114893,Acceptable,Acceptable,0
211021262,Warrandyte - Wonga Park,28402,Warrandyte (North-Eastern Metropolitan),1,Acceptable,Acceptable,0
211031263,Bayswater North,22102,Croydon (North-Eastern Metropolitan),1,Acceptable,Acceptable,0
211031265,Croydon Hills - Warranwood,28402,Warrandyte (North-Eastern Metropolitan),0.2666664,Acceptable,Acceptable,0
211031265,Croydon Hills - Warranwood,22102,Croydon (North-Eastern Metropolitan),0.7333336,Acceptable,Acceptable,0
211031266,Ringwood,22102,Croydon (North-Eastern Metropolitan),0.019824,Acceptable,Acceptable,0
211031266,Ringwood,28402,Warrandyte (North-Eastern Metropolitan),0.1614699,Acceptable,Acceptable,0
211031266,Ringwood,27202,Ringwood (North-Eastern Metropolitan),0.818706,Acceptable,Acceptable,0
211031267,Ringwood East,27202,Ringwood (North-Eastern Metropolitan),1,Acceptable,Acceptable,0
211031268,Ringwood North,28402,Warrandyte (North-Eastern Metropolitan),1,Acceptable,Acceptable,0
211031450,Croydon - East,22102,Croydon (North-Eastern Metropolitan),1,Acceptable,Acceptable,0
211031451,Croydon - West,22102,Croydon (North-Eastern Metropolitan),1,Acceptable,Acceptable,0
211031452,Croydon South,27202,Ringwood (North-Eastern Metropolitan),0.0273909,Acceptable,Acceptable,0
211031452,Croydon South,22102,Croydon (North-Eastern Metropolitan),0.9726091,Acceptable,Acceptable,0
211041269,Forest Hill,27202,Ringwood (North-Eastern Metropolitan),0.2715893,Acceptable,Acceptable,0
211041269,Forest Hill,23402,Glen Waverley (North-Eastern Metropolitan),0.7284107,Acceptable,Acceptable,0
211041270,Mitcham (Vic.),27202,Ringwood (North-Eastern Metropolitan),1,Acceptable,Acceptable,0
211041271,Nunawading,27202,Ringwood (North-Eastern Metropolitan),1,Acceptable,Acceptable,0
211041272,Vermont,27202,Ringwood (North-Eastern Metropolitan),0.2402389,Acceptable,Acceptable,0
211041272,Vermont,23402,Glen Waverley (North-Eastern Metropolitan),0.7597611,Acceptable,Acceptable,0
211041273,Vermont South,23402,Glen Waverley (North-Eastern Metropolitan),1,Acceptable,Acceptable,0
211051274,Belgrave - Selby,25101,Monbulk (Eastern Victoria),1,Acceptable,Acceptable,0
211051275,Chirnside Park,28402,Warrandyte (North-Eastern Metropolitan),0.4022289,Acceptable,Acceptable,0
211051275,Chirnside Park,22801,Evelyn (Eastern Victoria),0.5977711,Acceptable,Acceptable,0
211051276,Healesville - Yarra Glen,22304,Eildon (Northern Victoria),1,Good,Acceptable,0
211051277,Kilsyth,25101,Monbulk (Eastern Victoria),0.0285044,Acceptable,Acceptable,0
211051277,Kilsyth,22102,Croydon (North-Eastern Metropolitan),0.9714956,Acceptable,Acceptable,0
211051278,Lilydale - Coldstream,22801,Evelyn (Eastern Victoria),1,Acceptable,Acceptable,0
211051279,Monbulk - Silvan,22801,Evelyn (Eastern Victoria),0.0451739,Acceptable,Acceptable,0
211051279,Monbulk - Silvan,25101,Monbulk (Eastern Victoria),0.9548261,Acceptable,Acceptable,0
211051280,Montrose,25101,Monbulk (Eastern Victoria),0.0982126,Acceptable,Acceptable,0
211051280,Montrose,22801,Evelyn (Eastern Victoria),0.9017874,Acceptable,Acceptable,0
211051281,Mooroolbark,22102,Croydon (North-Eastern Metropolitan),0.1876456,Acceptable,Acceptable,0
211051281,Mooroolbark,22801,Evelyn (Eastern Victoria),0.8123544,Acceptable,Acceptable,0
211051282,Mount Dandenong - Olinda,22801,Evelyn (Eastern Victoria),0.0014465,Acceptable,Acceptable,1
211051282,Mount Dandenong - Olinda,25101,Monbulk (Eastern Victoria),0.9985535,Acceptable,Acceptable,0
211051283,Mount Evelyn,22801,Evelyn (Eastern Victoria),1,Acceptable,Acceptable,0
211051284,Upwey - Tecoma,25101,Monbulk (Eastern Victoria),1,Acceptable,Acceptable,0
211051285,Wandin - Seville,25101,Monbulk (Eastern Victoria),0.0665995,Acceptable,Acceptable,0
211051285,Wandin - Seville,22801,Evelyn (Eastern Victoria),0.9334005,Acceptable,Acceptable,0
211051286,Yarra Valley,25101,Monbulk (Eastern Victoria),0.0054149,Acceptable,Acceptable,1
211051286,Yarra Valley,22304,Eildon (Northern Victoria),0.9945851,Good,Acceptable,0
212011289,Emerald - Cockatoo,25701,Narracan (Eastern Victoria),0.001021,Good,Acceptable,1
212011289,Emerald - Cockatoo,26501,Pakenham (Eastern Victoria),0.1006642,Acceptable,Acceptable,0
212011289,Emerald - Cockatoo,21005,Berwick (South-Eastern Metropolitan),0.1318944,Acceptable,Acceptable,0
212011289,Emerald - Cockatoo,25101,Monbulk (Eastern Victoria),0.7664203,Acceptable,Acceptable,0
212011546,Beaconsfield - Officer,21005,Berwick (South-Eastern Metropolitan),0.3032207,Acceptable,Acceptable,0
212011546,Beaconsfield - Officer,26501,Pakenham (Eastern Victoria),0.6967793,Acceptable,Acceptable,0
212011547,Bunyip - Garfield,25101,Monbulk (Eastern Victoria),0.0086983,Acceptable,Acceptable,1
212011547,Bunyip - Garfield,26501,Pakenham (Eastern Victoria),0.0176989,Acceptable,Acceptable,0
212011547,Bunyip - Garfield,25701,Narracan (Eastern Victoria),0.9736028,Good,Acceptable,0
212011548,Koo Wee Rup,26501,Pakenham (Eastern Victoria),0.1545249,Acceptable,Acceptable,0
212011548,Koo Wee Rup,20301,Bass (Eastern Victoria),0.8454751,Good,Acceptable,0
212011549,Pakenham - North East,25701,Narracan (Eastern Victoria),0.0013612,Good,Acceptable,1
212011549,Pakenham - North East,26501,Pakenham (Eastern Victoria),0.9986388,Acceptable,Acceptable,0
212011550,Pakenham - North West,26501,Pakenham (Eastern Victoria),1,Acceptable,Acceptable,0
212011551,Pakenham - South East,25701,Narracan (Eastern Victoria),0.0051244,Good,Acceptable,1
212011551,Pakenham - South East,26501,Pakenham (Eastern Victoria),0.9948756,Acceptable,Acceptable,0
212011552,Pakenham - South West,26501,Pakenham (Eastern Victoria),1,Acceptable,Acceptable,0
212021293,Berwick - North,25805,Narre Warren North (South-Eastern Metropolitan),0.2292208,Good,Acceptable,0
212021293,Berwick - North,21005,Berwick (South-Eastern Metropolitan),0.7707792,Acceptable,Acceptable,0
212021295,Doveton,22205,Dandenong (South-Eastern Metropolitan),1,Acceptable,Acceptable,0
212021297,Hallam,25805,Narre Warren North (South-Eastern Metropolitan),1,Good,Acceptable,0
212021299,Narre Warren North,21005,Berwick (South-Eastern Metropolitan),0.0964776,Acceptable,Acceptable,0
212021299,Narre Warren North,25805,Narre Warren North (South-Eastern Metropolitan),0.9035224,Good,Acceptable,0
212021453,Endeavour Hills - North,25805,Narre Warren North (South-Eastern Metropolitan),1,Good,Acceptable,0
212021454,Endeavour Hills - South,25805,Narre Warren North (South-Eastern Metropolitan),1,Good,Acceptable,0
212021455,Narre Warren - North East,25805,Narre Warren North (South-Eastern Metropolitan),1,Good,Acceptable,0
212021456,Narre Warren - South West,25805,Narre Warren North (South-Eastern Metropolitan),1,Good,Acceptable,0
212021553,Berwick - South East,21005,Berwick (South-Eastern Metropolitan),1,Acceptable,Acceptable,0
212021554,Berwick - South West,25905,Narre Warren South (South-Eastern Metropolitan),0.0943337,Good,Acceptable,0
212021554,Berwick - South West,21005,Berwick (South-Eastern Metropolitan),0.9056663,Acceptable,Acceptable,0
212031300,Cranbourne,22005,Cranbourne (South-Eastern Metropolitan),1,Good,Acceptable,0
212031303,Cranbourne South,20301,Bass (Eastern Victoria),0.4977151,Good,Acceptable,0
212031303,Cranbourne South,22005,Cranbourne (South-Eastern Metropolitan),0.5022849,Good,Acceptable,0
212031304,Cranbourne West,22005,Cranbourne (South-Eastern Metropolitan),1,Good,Acceptable,0
212031306,Lynbrook - Lyndhurst,21705,Carrum (South-Eastern Metropolitan),0.4938575,Acceptable,Acceptable,0
212031306,Lynbrook - Lyndhurst,25905,Narre Warren South (South-Eastern Metropolitan),0.5061425,Good,Acceptable,0
212031308,Pearcedale - Tooradin,20301,Bass (Eastern Victoria),1,Good,Acceptable,0
212031457,Narre Warren South - East,25905,Narre Warren South (South-Eastern Metropolitan),1,Good,Acceptable,0
212031458,Narre Warren South - West,25905,Narre Warren South (South-Eastern Metropolitan),1,Good,Acceptable,0
212031555,Clyde North - North,21005,Berwick (South-Eastern Metropolitan),1,Acceptable,Acceptable,0
212031556,Clyde North - South,21005,Berwick (South-Eastern Metropolitan),1,Acceptable,Acceptable,0
212031557,Cranbourne East - North,22005,Cranbourne (South-Eastern Metropolitan),1,Good,Acceptable,0
212031558,Cranbourne East - South,22005,Cranbourne (South-Eastern Metropolitan),1,Good,Acceptable,0
212031559,Cranbourne North - East,25905,Narre Warren South (South-Eastern Metropolitan),1,Good,Acceptable,0
212031560,Cranbourne North - West,25905,Narre Warren South (South-Eastern Metropolitan),1,Good,Acceptable,0
212031561,Hampton Park - East,25905,Narre Warren South (South-Eastern Metropolitan),1,Good,Acceptable,0
212031562,Hampton Park - West,25905,Narre Warren South (South-Eastern Metropolitan),1,Good,Acceptable,0
212041309,Clarinda - Oakleigh South,21905,Clarinda (South-Eastern Metropolitan),1,Acceptable,Acceptable,0
212041310,Clayton South,21905,Clarinda (South-Eastern Metropolitan),1,Acceptable,Acceptable,0
212041312,Dandenong North,25505,Mulgrave (South-Eastern Metropolitan),0.136643,Acceptable,Acceptable,0
212041312,Dandenong North,22205,Dandenong (South-Eastern Metropolitan),0.863357,Acceptable,Acceptable,0
212041313,Dingley Village,21905,Clarinda (South-Eastern Metropolitan),1,Acceptable,Acceptable,0
212041316,Noble Park North,25505,Mulgrave (South-Eastern Metropolitan),1,Acceptable,Acceptable,0
212041317,Springvale,25505,Mulgrave (South-Eastern Metropolitan),1,Acceptable,Acceptable,0
212041318,Springvale South,21905,Clarinda (South-Eastern Metropolitan),1,Acceptable,Acceptable,0
212041459,Noble Park - East,22205,Dandenong (South-Eastern Metropolitan),0.3258211,Acceptable,Acceptable,0
212041459,Noble Park - East,25505,Mulgrave (South-Eastern Metropolitan),0.6741789,Acceptable,Acceptable,0
212041460,Noble Park - West,25505,Mulgrave (South-Eastern Metropolitan),0.075489,Acceptable,Acceptable,0
212041460,Noble Park - West,21905,Clarinda (South-Eastern Metropolitan),0.2530049,Acceptable,Acceptable,0
212041460,Noble Park - West,22205,Dandenong (South-Eastern Metropolitan),0.6715061,Acceptable,Acceptable,0
212041563,Dandenong - North,22205,Dandenong (South-Eastern Metropolitan),1,Acceptable,Acceptable,0
212041564,Dandenong - South,21705,Carrum (South-Eastern Metropolitan),0.063931,Acceptable,Acceptable,0
212041564,Dandenong - South,22205,Dandenong (South-Eastern Metropolitan),0.936069,Acceptable,Acceptable,0
212041565,Keysborough - North,21905,Clarinda (South-Eastern Metropolitan),0.2938444,Acceptable,Acceptable,0
212041565,Keysborough - North,22205,Dandenong (South-Eastern Metropolitan),0.7061556,Acceptable,Acceptable,0
212041566,Keysborough - South,25205,Mordialloc (South-Eastern Metropolitan),1,Good,Acceptable,0
212051319,Ashwood - Chadstone,26306,Oakleigh (Southern Metropolitan),0.1352412,Good,Acceptable,0
212051319,Ashwood - Chadstone,20206,Ashwood (Southern Metropolitan),0.8647588,Acceptable,Acceptable,0
212051321,Glen Waverley - East,23402,Glen Waverley (North-Eastern Metropolitan),1,Acceptable,Acceptable,0
212051322,Glen Waverley - West,26306,Oakleigh (Southern Metropolitan),0.0409172,Good,Acceptable,0
212051322,Glen Waverley - West,23402,Glen Waverley (North-Eastern Metropolitan),0.9590828,Acceptable,Acceptable,0
212051323,Mount Waverley - North,20206,Ashwood (Southern Metropolitan),1,Acceptable,Acceptable,0
212051324,Mount Waverley - South,26306,Oakleigh (Southern Metropolitan),0.2114347,Good,Acceptable,0
212051324,Mount Waverley - South,20206,Ashwood (Southern Metropolitan),0.7885653,Acceptable,Acceptable,0
212051325,Mulgrave,25505,Mulgrave (South-Eastern Metropolitan),1,Acceptable,Acceptable,0
212051326,Oakleigh - Huntingdale,26306,Oakleigh (Southern Metropolitan),1,Good,Acceptable,0
212051327,Wheelers Hill,23402,Glen Waverley (North-Eastern Metropolitan),0.3089945,Acceptable,Acceptable,0
212051327,Wheelers Hill,25505,Mulgrave (South-Eastern Metropolitan),0.6910055,Acceptable,Acceptable,0
212051567,Clayton (North) - Notting Hill,26306,Oakleigh (Southern Metropolitan),1,Good,Acceptable,0
212051568,Clayton - Central,26306,Oakleigh (Southern Metropolitan),1,Good,Acceptable,0
213011328,Ardeer - Albion,27907,St Albans (Western Metropolitan),0.1436566,Good,Acceptable,0
213011328,Ardeer - Albion,24307,Laverton (Western Metropolitan),0.8563434,Good,Acceptable,0
213011329,Cairnlea,27907,St Albans (Western Metropolitan),1,Good,Acceptable,0
213011331,Delahey,28107,Sydenham (Western Metropolitan),1,Good,Acceptable,0
213011332,Keilor Downs,27907,St Albans (Western Metropolitan),1,Good,Acceptable,0
213011333,Kings Park (Vic.),24107,Kororoit (Western Metropolitan),1,Good,Acceptable,0
213011334,St Albans - North,27907,St Albans (Western Metropolitan),1,Good,Acceptable,0
213011335,St Albans - South,27907,St Albans (Western Metropolitan),1,Good,Acceptable,0
213011336,Sunshine,24307,Laverton (Western Metropolitan),1,Good,Acceptable,0
213011337,Sunshine North,27907,St Albans (Western Metropolitan),1,Good,Acceptable,0
213011338,Sunshine West,24307,Laverton (Western Metropolitan),1,Good,Acceptable,0
213011339,Sydenham,28107,Sydenham (Western Metropolitan),1,Good,Acceptable,0
213011340,Taylors Lakes,26107,Niddrie (Western Metropolitan),0.3114662,Acceptable,Acceptable,0
213011340,Taylors Lakes,28107,Sydenham (Western Metropolitan),0.6885338,Good,Acceptable,0
213011569,Deer Park,27907,St Albans (Western Metropolitan),0.0110038,Good,Acceptable,0
213011569,Deer Park,24107,Kororoit (Western Metropolitan),0.9889962,Good,Acceptable,0
213011570,Derrimut,24307,Laverton (Western Metropolitan),0.0004654,Good,Acceptable,1
213011570,Derrimut,24107,Kororoit (Western Metropolitan),0.9995346,Good,Acceptable,0
213021341,Altona,28707,Williamstown (Western Metropolitan),1,Good,Acceptable,0
213021342,Altona Meadows,26707,Point Cook (Western Metropolitan),1,Good,Acceptable,0
213021343,Altona North,28707,Williamstown (Western Metropolitan),1,Good,Acceptable,0
213021344,Newport,28707,Williamstown (Western Metropolitan),1,Good,Acceptable,0
213021345,Seabrook,26707,Point Cook (Western Metropolitan),1,Good,Acceptable,0
213021346,Williamstown,28707,Williamstown (Western Metropolitan),1,Good,Acceptable,0
213031347,Braybrook,22907,Footscray (Western Metropolitan),0.4929025,Good,Acceptable,0
213031347,Braybrook,24307,Laverton (Western Metropolitan),0.5070975,Good,Acceptable,0
213031348,Footscray,22907,Footscray (Western Metropolitan),1,Good,Acceptable,0
213031349,Maribyrnong,22907,Footscray (Western Metropolitan),1,Good,Acceptable,0
213031350,Seddon - Kingsville,22907,Footscray (Western Metropolitan),1,Good,Acceptable,0
213031351,West Footscray - Tottenham,24307,Laverton (Western Metropolitan),2.60E-06,Good,Acceptable,1
213031351,West Footscray - Tottenham,22907,Footscray (Western Metropolitan),0.9999974,Good,Acceptable,0
213031352,Yarraville,28707,Williamstown (Western Metropolitan),0.1882626,Good,Acceptable,0
213031352,Yarraville,22907,Footscray (Western Metropolitan),0.8117374,Good,Acceptable,0
213041353,Bacchus Marsh,24504,Macedon (Northern Victoria),0.0166416,Good,Acceptable,0
213041353,Bacchus Marsh,24808,Melton (Western Victoria),0.0672146,Good,Acceptable,0
213041353,Bacchus Marsh,22608,Eureka (Western Victoria),0.9161438,Good,Acceptable,0
213041358,Melton West,24808,Melton (Western Victoria),1,Good,Acceptable,0
213041359,Rockbank - Mount Cottrell,24808,Melton (Western Victoria),0.1893254,Good,Acceptable,0
213041359,Rockbank - Mount Cottrell,24107,Kororoit (Western Metropolitan),0.8106746,Good,Acceptable,0
213041360,Taylors Hill,28107,Sydenham (Western Metropolitan),1,Good,Acceptable,0
213041461,Burnside,24107,Kororoit (Western Metropolitan),1,Good,Acceptable,0
213041462,Burnside Heights,24107,Kororoit (Western Metropolitan),1,Good,Acceptable,0
213041463,Caroline Springs,24107,Kororoit (Western Metropolitan),1,Good,Acceptable,0
213041571,Brookfield,24808,Melton (Western Victoria),1,Good,Acceptable,0
213041572,Cobblebank - Strathtulloh,24808,Melton (Western Victoria),1,Good,Acceptable,0
213041573,Eynesbury - Exford,24808,Melton (Western Victoria),1,Good,Acceptable,0
213041574,Fraser Rise - Plumpton,28107,Sydenham (Western Metropolitan),1,Good,Acceptable,0
213041575,Hillside,28107,Sydenham (Western Metropolitan),1,Good,Acceptable,0
213041576,Kurunjang - Toolern Vale,24808,Melton (Western Victoria),1,Good,Acceptable,0
213041577,Melton,24808,Melton (Western Victoria),1,Good,Acceptable,0
213041578,Melton South - Weir Views,24808,Melton (Western Victoria),1,Good,Acceptable,0
213051361,Hoppers Crossing - North,24307,Laverton (Western Metropolitan),5.00E-07,Good,Acceptable,1
213051361,Hoppers Crossing - North,28207,Tarneit (Western Metropolitan),0.9999995,Good,Acceptable,0
213051362,Hoppers Crossing - South,28207,Tarneit (Western Metropolitan),1,Good,Acceptable,0
213051363,Laverton,24307,Laverton (Western Metropolitan),1,Good,Acceptable,0
213051368,Werribee - South,26707,Point Cook (Western Metropolitan),0.4218469,Good,Acceptable,0
213051368,Werribee - South,28607,Werribee (Western Metropolitan),0.5781531,Good,Acceptable,0
213051464,Point Cook - East,26707,Point Cook (Western Metropolitan),1,Good,Acceptable,0
213051466,Point Cook - South,26707,Point Cook (Western Metropolitan),1,Good,Acceptable,0
213051467,Werribee - East,28607,Werribee (Western Metropolitan),1,Good,Acceptable,0
213051468,Werribee - West,28607,Werribee (Western Metropolitan),1,Good,Acceptable,0
213051579,Manor Lakes - Quandong,28607,Werribee (Western Metropolitan),1,Good,Acceptable,0
213051580,Point Cook - North East,26707,Point Cook (Western Metropolitan),1,Good,Acceptable,0
213051581,Point Cook - North West,26707,Point Cook (Western Metropolitan),1,Good,Acceptable,0
213051582,Tarneit (West) - Mount Cottrell,28207,Tarneit (Western Metropolitan),1,Good,Acceptable,0
213051583,Tarneit - Central,28207,Tarneit (Western Metropolitan),1,Good,Acceptable,0
213051584,Tarneit - North,24307,Laverton (Western Metropolitan),0.1337008,Good,Acceptable,0
213051584,Tarneit - North,28207,Tarneit (Western Metropolitan),0.8662992,Good,Acceptable,0
213051585,Tarneit - South,28207,Tarneit (Western Metropolitan),1,Good,Acceptable,0
213051586,Truganina - North,24307,Laverton (Western Metropolitan),1,Good,Acceptable,0
213051587,Truganina - South East,24307,Laverton (Western Metropolitan),1,Good,Acceptable,0
213051588,Truganina - South West,24307,Laverton (Western Metropolitan),1,Good,Acceptable,0
213051589,Wyndham Vale - North,28607,Werribee (Western Metropolitan),1,Good,Acceptable,0
213051590,Wyndham Vale - South,28607,Werribee (Western Metropolitan),1,Good,Acceptable,0
214011370,Carrum Downs,21705,Carrum (South-Eastern Metropolitan),1,Acceptable,Acceptable,0
214011371,Frankston,23005,Frankston (South-Eastern Metropolitan),1,Good,Acceptable,0
214011372,Frankston North,23005,Frankston (South-Eastern Metropolitan),1,Good,Acceptable,0
214011373,Frankston South,23005,Frankston (South-Eastern Metropolitan),1,Good,Acceptable,0
214011374,Langwarrin,23601,Hastings (Eastern Victoria),1,Good,Acceptable,0
214011375,Seaford (Vic.),23005,Frankston (South-Eastern Metropolitan),0.3850291,Good,Acceptable,0
214011375,Seaford (Vic.),21705,Carrum (South-Eastern Metropolitan),0.6149709,Acceptable,Acceptable,0
214011376,Skye - Sandhurst,21705,Carrum (South-Eastern Metropolitan),1,Acceptable,Acceptable,0
214021377,Dromana,26001,Nepean (Eastern Victoria),1,Good,Acceptable,0
214021378,Flinders,25301,Mornington (Eastern Victoria),0.0592763,Good,Acceptable,0
214021378,Flinders,26001,Nepean (Eastern Victoria),0.9407237,Good,Acceptable,0
214021379,Hastings - Somers,23601,Hastings (Eastern Victoria),1,Good,Acceptable,0
214021381,Mount Eliza,25301,Mornington (Eastern Victoria),1,Good,Acceptable,0
214021382,Mount Martha,26001,Nepean (Eastern Victoria),0.0198486,Good,Acceptable,0
214021382,Mount Martha,25301,Mornington (Eastern Victoria),0.9801514,Good,Acceptable,0
214021383,Point Nepean,26001,Nepean (Eastern Victoria),1,Good,Acceptable,0
214021384,Rosebud - McCrae,26001,Nepean (Eastern Victoria),1,Good,Acceptable,0
214021385,Somerville,25301,Mornington (Eastern Victoria),0.0511043,Good,Acceptable,0
214021385,Somerville,23601,Hastings (Eastern Victoria),0.9488957,Good,Acceptable,0
214021591,Mornington - East,25301,Mornington (Eastern Victoria),1,Good,Acceptable,0
214021592,Mornington - West,25301,Mornington (Eastern Victoria),1,Good,Acceptable,0
215011386,Ararat,27308,Ripon (Western Victoria),1,Acceptable,Acceptable,0
215011387,Ararat Surrounds,27308,Ripon (Western Victoria),0.2315061,Acceptable,Acceptable,0
215011387,Ararat Surrounds,24408,Lowan (Western Victoria),0.7684939,Good,Acceptable,0
215011388,Horsham,24408,Lowan (Western Victoria),1,Good,Acceptable,0
215011389,Horsham Surrounds,24408,Lowan (Western Victoria),1,Good,Acceptable,0
215011390,Nhill Region,24904,Mildura (Northern Victoria),0.0045989,Good,Acceptable,1
215011390,Nhill Region,24408,Lowan (Western Victoria),0.9954011,Good,Acceptable,0
215011391,St Arnaud,24408,Lowan (Western Victoria),0.0046138,Good,Acceptable,1
215011391,St Arnaud,27308,Ripon (Western Victoria),0.9953862,Acceptable,Acceptable,0
215011392,Stawell,27308,Ripon (Western Victoria),0.0209603,Acceptable,Acceptable,0
215011392,Stawell,24408,Lowan (Western Victoria),0.9790397,Good,Acceptable,0
215011393,West Wimmera,24408,Lowan (Western Victoria),1,Good,Acceptable,0
215011394,Yarriambiack,24904,Mildura (Northern Victoria),0.2458952,Good,Acceptable,0
215011394,Yarriambiack,24408,Lowan (Western Victoria),0.7541048,Good,Acceptable,0
215021395,Irymple,24904,Mildura (Northern Victoria),1,Good,Acceptable,0
215021396,Merbein,24904,Mildura (Northern Victoria),1,Good,Acceptable,0
215021398,Mildura Surrounds,24904,Mildura (Northern Victoria),1,Good,Acceptable,0
215021399,Red Cliffs,24904,Mildura (Northern Victoria),1,Good,Acceptable,0
215021469,Mildura - North,24904,Mildura (Northern Victoria),1,Good,Acceptable,0
215021470,Mildura - South,24904,Mildura (Northern Victoria),1,Good,Acceptable,0
215031400,Buloke,25604,Murray Plains (Northern Victoria),1.60E-06,Good,Acceptable,1
215031400,Buloke,24904,Mildura (Northern Victoria),0.9999984,Good,Acceptable,0
215031401,Gannawarra,25604,Murray Plains (Northern Victoria),1,Good,Acceptable,0
215031402,Kerang,25604,Murray Plains (Northern Victoria),1,Good,Acceptable,0
215031403,Robinvale,24904,Mildura (Northern Victoria),1,Good,Acceptable,0
215031404,Swan Hill,25604,Murray Plains (Northern Victoria),1,Good,Acceptable,0
215031405,Swan Hill Surrounds,24904,Mildura (Northern Victoria),0.1903812,Good,Acceptable,0
215031405,Swan Hill Surrounds,25604,Murray Plains (Northern Victoria),0.8096188,Good,Acceptable,0
216011406,Echuca,25604,Murray Plains (Northern Victoria),1,Good,Acceptable,0
216011407,Kyabram,22704,Euroa (Northern Victoria),0.0105062,Good,Acceptable,0
216011407,Kyabram,25604,Murray Plains (Northern Victoria),0.9894938,Good,Acceptable,0
216011408,Lockington - Gunbower,25604,Murray Plains (Northern Victoria),1,Good,Acceptable,0
216011409,Rochester,25604,Murray Plains (Northern Victoria),1,Good,Acceptable,0
216011410,Rushworth,22704,Euroa (Northern Victoria),1,Good,Acceptable,0
216021411,Cobram,26404,Ovens Valley (Northern Victoria),1,Good,Acceptable,0
216021412,Moira,26404,Ovens Valley (Northern Victoria),1,Good,Acceptable,0
216021413,Numurkah,26404,Ovens Valley (Northern Victoria),0.1442154,Good,Acceptable,0
216021413,Numurkah,27604,Shepparton (Northern Victoria),0.8557846,Good,Acceptable,0
216021414,Yarrawonga,26404,Ovens Valley (Northern Victoria),1,Good,Acceptable,0
216031415,Mooroopna,27604,Shepparton (Northern Victoria),1,Good,Acceptable,0
216031416,Shepparton - North,27604,Shepparton (Northern Victoria),1,Good,Acceptable,0
216031418,Shepparton Surrounds - East,22704,Euroa (Northern Victoria),0.0949861,Good,Acceptable,0
216031418,Shepparton Surrounds - East,27604,Shepparton (Northern Victoria),0.9050139,Good,Acceptable,0
216031419,Shepparton Surrounds - West,25604,Murray Plains (Northern Victoria),0.056283,Good,Acceptable,0
216031419,Shepparton Surrounds - West,22704,Euroa (Northern Victoria),0.3318833,Good,Acceptable,0
216031419,Shepparton Surrounds - West,27604,Shepparton (Northern Victoria),0.6118337,Good,Acceptable,0
216031593,Kialla,27604,Shepparton (Northern Victoria),1,Good,Acceptable,0
216031594,Shepparton - South East,27604,Shepparton (Northern Victoria),1,Good,Acceptable,0
217011420,Glenelg (Vic.),24408,Lowan (Western Victoria),0.3804005,Good,Acceptable,0
217011420,Glenelg (Vic.),27808,South-West Coast (Western Victoria),0.6195995,Good,Acceptable,0
217011421,Hamilton (Vic.),24408,Lowan (Western Victoria),1,Good,Acceptable,0
217011422,Portland,27808,South-West Coast (Western Victoria),1,Good,Acceptable,0
217011423,Southern Grampians,27808,South-West Coast (Western Victoria),0.0144038,Good,Acceptable,0
217011423,Southern Grampians,24408,Lowan (Western Victoria),0.9855962,Good,Acceptable,0
217031471,Camperdown,26808,Polwarth (Western Victoria),1,Good,Acceptable,0
217031472,Colac,26808,Polwarth (Western Victoria),1,Good,Acceptable,0
217031473,Colac Surrounds,26808,Polwarth (Western Victoria),1,Good,Acceptable,0
217031474,Corangamite - North,27308,Ripon (Western Victoria),0.1001546,Acceptable,Acceptable,0
217031474,Corangamite - North,26808,Polwarth (Western Victoria),0.3868861,Good,Acceptable,0
217031474,Corangamite - North,27808,South-West Coast (Western Victoria),0.5129592,Good,Acceptable,0
217031475,Corangamite - South,27808,South-West Coast (Western Victoria),0.015572,Good,Acceptable,0
217031475,Corangamite - South,26808,Polwarth (Western Victoria),0.984428,Good,Acceptable,0
217031476,Otway,26808,Polwarth (Western Victoria),1,Good,Acceptable,0
217041477,Moyne - East,24408,Lowan (Western Victoria),0.3499547,Good,Acceptable,0
217041477,Moyne - East,27808,South-West Coast (Western Victoria),0.6500453,Good,Acceptable,0
217041478,Moyne - West,27808,South-West Coast (Western Victoria),1,Good,Acceptable,0
217041479,Warrnambool - North,27808,South-West Coast (Western Victoria),1,Good,Acceptable,0
217041480,Warrnambool - South,27808,South-West Coast (Western Victoria),1,Good,Acceptable,0
297979799,Migratory - Offshore - Shipping (Vic.),29797,Migratory - Offshore - Shipping (Vic.),1,Good,Good,0
299999499,No usual address (Vic.),29494,No usual address (Vic.),1,Good,Good,0
301011001,Alexandra Hills,30017,Capalaba,1,Good,Acceptable,0
301011002,Belmont - Gumdale,30018,Chatsworth,1,Acceptable,Acceptable,0
301011003,Birkdale,30068,Oodgeroo,0.2799308,Acceptable,Acceptable,0
301011003,Birkdale,30017,Capalaba,0.7200692,Good,Acceptable,0
301011004,Capalaba,30017,Capalaba,1,Good,Acceptable,0
301011005,Thorneside,30017,Capalaba,1,Good,Acceptable,0
301011006,Wellington Point,30017,Capalaba,0.1516364,Good,Acceptable,0
301011006,Wellington Point,30068,Oodgeroo,0.8483636,Acceptable,Acceptable,0
301021007,Cleveland,30068,Oodgeroo,1,Acceptable,Acceptable,0
301021008,Ormiston,30068,Oodgeroo,1,Acceptable,Acceptable,0
301021009,Redland Bay,30079,Springwood,0.0402609,Good,Acceptable,0
301021009,Redland Bay,30072,Redlands,0.9597391,Good,Acceptable,0
301021011,Sheldon - Mount Cotton,30072,Redlands,0.0252103,Good,Acceptable,0
301021011,Sheldon - Mount Cotton,30079,Springwood,0.9747897,Good,Acceptable,0
301021012,Thornlands,30068,Oodgeroo,0.3174449,Acceptable,Acceptable,0
301021012,Thornlands,30072,Redlands,0.6825551,Good,Acceptable,0
301021013,Victoria Point,30072,Redlands,1,Good,Acceptable,0
301021550,North Stradbroke Island,30068,Oodgeroo,1,Acceptable,Acceptable,0
301021551,Southern Moreton Bay Islands,30072,Redlands,1,Good,Acceptable,0
301031014,Brisbane Port - Lytton,30045,Lytton,1,Good,Acceptable,0
301031015,Manly - Lota,30045,Lytton,1,Good,Acceptable,0
301031016,Manly West,30045,Lytton,1,Good,Acceptable,0
301031017,Murarrie,30008,Bulimba,1,Good,Acceptable,0
301031018,Tingalpa,30045,Lytton,0.4935677,Good,Acceptable,0
301031018,Tingalpa,30018,Chatsworth,0.5064323,Acceptable,Acceptable,0
301031019,Wakerley,30018,Chatsworth,1,Acceptable,Acceptable,0
301031020,Wynnum,30045,Lytton,1,Good,Acceptable,0
301031021,Wynnum West - Hemmant,30045,Lytton,1,Good,Acceptable,0
302011022,Bald Hills,30074,Sandgate,0.3394311,Good,Acceptable,0
302011022,Bald Hills,30002,Aspley,0.6605689,Acceptable,Acceptable,0
302011023,Bridgeman Downs,30025,Everton,0.0474969,Acceptable,Acceptable,0
302011023,Bridgeman Downs,30002,Aspley,0.9525031,Acceptable,Acceptable,0
302011024,Carseldine,30002,Aspley,1,Acceptable,Acceptable,0
302011025,Everton Park,30025,Everton,1,Acceptable,Acceptable,0
302011026,McDowall,30080,Stafford,0.0921551,Acceptable,Acceptable,0
302011026,McDowall,30025,Everton,0.1698421,Acceptable,Acceptable,0
302011026,McDowall,30002,Aspley,0.7380027,Acceptable,Acceptable,0
302021027,Aspley,30002,Aspley,1,Acceptable,Acceptable,0
302021028,Chermside,30080,Stafford,1,Acceptable,Acceptable,0
302021029,Chermside West,30080,Stafford,0.4954599,Acceptable,Acceptable,0
302021029,Chermside West,30002,Aspley,0.5045401,Acceptable,Acceptable,0
302021030,Geebung,30067,Nudgee,0.0026686,Good,Acceptable,1
302021030,Geebung,30002,Aspley,0.9973314,Acceptable,Acceptable,0
302021031,Kedron - Gordon Park,30019,Clayfield,0.3024064,Good,Acceptable,0
302021031,Kedron - Gordon Park,30080,Stafford,0.6975936,Acceptable,Acceptable,0
302021032,Stafford,30080,Stafford,1,Acceptable,Acceptable,0
302021033,Stafford Heights,30080,Stafford,1,Acceptable,Acceptable,0
302021034,Wavell Heights,30080,Stafford,0.1460648,Acceptable,Acceptable,0
302021034,Wavell Heights,30067,Nudgee,0.8539352,Good,Acceptable,0
302031035,Boondall,30067,Nudgee,1,Good,Acceptable,0
302031036,Brisbane Airport,30019,Clayfield,1,Good,Acceptable,0
302031037,Eagle Farm - Pinkenba,30019,Clayfield,1,Good,Acceptable,0
302031038,Northgate - Virginia,30067,Nudgee,1,Good,Acceptable,0
302031039,Nudgee - Banyo,30067,Nudgee,1,Good,Acceptable,0
302031040,Nundah,30067,Nudgee,1,Good,Acceptable,0
302041041,Bracken Ridge,30074,Sandgate,1,Good,Acceptable,0
302041042,Brighton (Qld),30074,Sandgate,1,Good,Acceptable,0
302041043,Deagon,30074,Sandgate,1,Good,Acceptable,0
302041044,Sandgate - Shorncliffe,30074,Sandgate,1,Good,Acceptable,0
302041045,Taigum - Fitzgibbon,30074,Sandgate,1,Good,Acceptable,0
302041046,Zillmere,30002,Aspley,0.2979315,Acceptable,Acceptable,0
302041046,Zillmere,30067,Nudgee,0.7020685,Good,Acceptable,0
303011047,Camp Hill,30008,Bulimba,0.2107553,Good,Acceptable,0
303011047,Camp Hill,30018,Chatsworth,0.2182287,Acceptable,Acceptable,0
303011047,Camp Hill,30030,Greenslopes,0.571016,Acceptable,Acceptable,0
303011048,Cannon Hill,30008,Bulimba,1,Good,Acceptable,0
303011049,Carina,30008,Bulimba,0.454768,Good,Acceptable,0
303011049,Carina,30018,Chatsworth,0.545232,Acceptable,Acceptable,0
303011050,Carina Heights,30018,Chatsworth,1,Acceptable,Acceptable,0
303011051,Carindale,30049,Mansfield,0.1360043,Good,Acceptable,0
303011051,Carindale,30018,Chatsworth,0.8639957,Acceptable,Acceptable,0
303021052,Annerley,30076,South Brisbane,0.2757853,Good,Acceptable,0
303021052,Annerley,30054,Miller,0.7242147,Acceptable,Acceptable,0
303021053,Coorparoo,30030,Greenslopes,1,Acceptable,Acceptable,0
303021054,Fairfield - Dutton Park,30076,South Brisbane,0.3802862,Good,Acceptable,0
303021054,Fairfield - Dutton Park,30054,Miller,0.6197138,Acceptable,Acceptable,0
303021055,Greenslopes,30030,Greenslopes,1,Acceptable,Acceptable,0
303021056,Holland Park,30030,Greenslopes,1,Acceptable,Acceptable,0
303021057,Holland Park West,30030,Greenslopes,1,Acceptable,Acceptable,0
303021058,Woolloongabba,30076,South Brisbane,1,Good,Acceptable,0
303021059,Yeronga,30054,Miller,1,Acceptable,Acceptable,0
303031060,Eight Mile Plains,30085,Toohey,1,Good,Acceptable,0
303031061,Macgregor (Qld),30085,Toohey,1,Good,Acceptable,0
303031062,Mansfield (Qld),30049,Mansfield,1,Good,Acceptable,0
303031063,Mount Gravatt,30030,Greenslopes,0.1785982,Acceptable,Acceptable,0
303031063,Mount Gravatt,30049,Mansfield,0.8214018,Good,Acceptable,0
303031064,Rochedale - Burbank,30049,Mansfield,1,Good,Acceptable,0
303031065,Upper Mount Gravatt,30049,Mansfield,1,Good,Acceptable,0
303031066,Wishart,30049,Mansfield,1,Good,Acceptable,0
303041067,Coopers Plains,30085,Toohey,1,Good,Acceptable,0
303041068,Moorooka,30054,Miller,0.3461557,Acceptable,Acceptable,0
303041068,Moorooka,30085,Toohey,0.6538443,Good,Acceptable,0
303041069,Robertson,30085,Toohey,1,Good,Acceptable,0
303041070,Salisbury - Nathan,30085,Toohey,1,Good,Acceptable,0
303041071,Tarragindi,30054,Miller,1,Acceptable,Acceptable,0
303051072,Algester,30001,Algester,1,Poor,Acceptable,0
303051073,Calamvale - Stretton,30001,Algester,0.371397,Poor,Acceptable,0
303051073,Calamvale - Stretton,30081,Stretton,0.628603,Acceptable,Acceptable,0
303051074,Pallara - Willawong,30001,Algester,1,Poor,Acceptable,0
303051075,Parkinson - Drewvale,30081,Stretton,0.2968856,Acceptable,Acceptable,0
303051075,Parkinson - Drewvale,30001,Algester,0.7031144,Poor,Acceptable,0
303051076,Rocklea - Acacia Ridge,30081,Stretton,1.00E-06,Acceptable,Acceptable,1
303051076,Rocklea - Acacia Ridge,30054,Miller,0.0351411,Acceptable,Acceptable,0
303051076,Rocklea - Acacia Ridge,30085,Toohey,0.1358874,Good,Acceptable,0
303051076,Rocklea - Acacia Ridge,30001,Algester,0.8289704,Poor,Acceptable,0
303061077,Kuraby,30081,Stretton,1,Acceptable,Acceptable,0
303061078,Runcorn,30085,Toohey,0.0532852,Good,Acceptable,0
303061078,Runcorn,30081,Stretton,0.9467148,Acceptable,Acceptable,0
303061079,Sunnybank,30085,Toohey,1,Good,Acceptable,0
303061080,Sunnybank Hills,30081,Stretton,1,Acceptable,Acceptable,0
304011081,Jindalee - Mount Ommaney,30058,Mount Ommaney,1,Good,Acceptable,0
304011082,Middle Park - Jamboree Heights,30058,Mount Ommaney,1,Good,Acceptable,0
304011083,Riverhills,30058,Mount Ommaney,1,Good,Acceptable,0
304011084,Seventeen Mile Rocks - Sinnamon Park,30058,Mount Ommaney,1,Good,Acceptable,0
304011085,Westlake,30058,Mount Ommaney,1,Good,Acceptable,0
304021086,Bellbowrie - Moggill,30056,Moggill,1,Good,Acceptable,0
304021087,Brookfield - Kenmore Hills,30056,Moggill,1,Good,Acceptable,0
304021088,Chapel Hill,30056,Moggill,1,Good,Acceptable,0
304021089,Fig Tree Pocket,30048,Maiwar,1,Good,Acceptable,0
304021090,Kenmore,30056,Moggill,1,Good,Acceptable,0
304021091,Pinjarra Hills - Pullenvale,30056,Moggill,1,Good,Acceptable,0
304031092,Chelmer - Graceville,30054,Miller,1,Acceptable,Acceptable,0
304031093,Corinda,30058,Mount Ommaney,1,Good,Acceptable,0
304031094,Indooroopilly,30056,Moggill,0.0909832,Good,Acceptable,0
304031094,Indooroopilly,30048,Maiwar,0.9090168,Good,Acceptable,0
304031095,Sherwood,30058,Mount Ommaney,0.1579298,Good,Acceptable,0
304031095,Sherwood,30054,Miller,0.8420702,Acceptable,Acceptable,0
304031096,St Lucia,30048,Maiwar,1,Good,Acceptable,0
304031097,Taringa,30048,Maiwar,1,Good,Acceptable,0
304041098,Enoggera,30025,Everton,0.4134342,Acceptable,Acceptable,0
304041098,Enoggera,30026,Ferny Grove,0.5865658,Poor,Acceptable,0
304041099,Enoggera Reservoir,30023,Cooper,1,Acceptable,Acceptable,0
304041100,Keperra,30025,Everton,0.0408439,Acceptable,Acceptable,0
304041100,Keperra,30026,Ferny Grove,0.9591561,Poor,Acceptable,0
304041101,Mitchelton,30025,Everton,0.3333655,Acceptable,Acceptable,0
304041101,Mitchelton,30026,Ferny Grove,0.6666345,Poor,Acceptable,0
304041102,Mount Coot-tha,30048,Maiwar,1,Good,Acceptable,0
304041103,The Gap,30023,Cooper,1,Acceptable,Acceptable,0
304041104,Upper Kedron - Ferny Grove,30026,Ferny Grove,1,Poor,Acceptable,0
305011105,Brisbane City,30052,McConnel,1,Good,Acceptable,0
305011106,Fortitude Valley,30052,McConnel,1,Good,Acceptable,0
305011107,Highgate Hill,30076,South Brisbane,1,Good,Acceptable,0
305011108,Kangaroo Point,30076,South Brisbane,1,Good,Acceptable,0
305011109,New Farm,30052,McConnel,1,Good,Acceptable,0
305011110,South Brisbane,30076,South Brisbane,1,Good,Acceptable,0
305011111,Spring Hill,30052,McConnel,1,Good,Acceptable,0
305011112,West End,30076,South Brisbane,1,Good,Acceptable,0
305021113,Balmoral,30008,Bulimba,1,Good,Acceptable,0
305021114,Bulimba,30008,Bulimba,1,Good,Acceptable,0
305021115,East Brisbane,30076,South Brisbane,1,Good,Acceptable,0
305021116,Hawthorne,30008,Bulimba,1,Good,Acceptable,0
305021117,Morningside - Seven Hills,30008,Bulimba,1,Good,Acceptable,0
305021118,Norman Park,30030,Greenslopes,0.0363668,Acceptable,Acceptable,0
305021118,Norman Park,30008,Bulimba,0.9636332,Good,Acceptable,0
305031119,Albion,30019,Clayfield,1,Good,Acceptable,0
305031120,Alderley,30026,Ferny Grove,0.4981126,Poor,Acceptable,0
305031120,Alderley,30080,Stafford,0.5018874,Acceptable,Acceptable,0
305031121,Ascot,30019,Clayfield,1,Good,Acceptable,0
305031122,Clayfield,30019,Clayfield,1,Good,Acceptable,0
305031123,Grange,30080,Stafford,1,Acceptable,Acceptable,0
305031124,Hamilton (Qld),30019,Clayfield,1,Good,Acceptable,0
305031125,Hendra,30019,Clayfield,1,Good,Acceptable,0
305031126,Kelvin Grove - Herston,30023,Cooper,0.2038266,Acceptable,Acceptable,0
305031126,Kelvin Grove - Herston,30052,McConnel,0.7961734,Good,Acceptable,0
305031127,Newmarket,30026,Ferny Grove,0.1194406,Poor,Acceptable,0
305031127,Newmarket,30023,Cooper,0.1320345,Acceptable,Acceptable,0
305031127,Newmarket,30080,Stafford,0.7485249,Acceptable,Acceptable,0
305031128,Newstead - Bowen Hills,30052,McConnel,1,Good,Acceptable,0
305031129,Wilston,30080,Stafford,1,Acceptable,Acceptable,0
305031130,Windsor,30019,Clayfield,1,Good,Acceptable,0
305031131,Wooloowin - Lutwyche,30019,Clayfield,1,Good,Acceptable,0
305041132,Ashgrove,30026,Ferny Grove,0.2239982,Poor,Acceptable,0
305041132,Ashgrove,30023,Cooper,0.7760018,Acceptable,Acceptable,0
305041133,Auchenflower,30048,Maiwar,1,Good,Acceptable,0
305041134,Bardon,30023,Cooper,0.4207715,Acceptable,Acceptable,0
305041134,Bardon,30048,Maiwar,0.5792285,Good,Acceptable,0
305041135,Paddington - Milton,30048,Maiwar,0.0467151,Good,Acceptable,0
305041135,Paddington - Milton,30023,Cooper,0.9532849,Acceptable,Acceptable,0
305041136,Red Hill (Qld),30023,Cooper,1,Acceptable,Acceptable,0
305041137,Toowong,30048,Maiwar,1,Good,Acceptable,0
306011138,Brinsmead,30014,Cairns,1,Good,Acceptable,0
306011139,Clifton Beach - Kewarra Beach,30004,Barron River,1,Good,Acceptable,0
306011140,Freshwater - Stratford,30014,Cairns,0.1081476,Good,Acceptable,0
306011140,Freshwater - Stratford,30004,Barron River,0.8918524,Good,Acceptable,0
306011141,Redlynch,30004,Barron River,1,Good,Acceptable,0
306011142,Trinity Beach - Smithfield,30004,Barron River,1,Good,Acceptable,0
306011143,Yorkeys Knob - Machans Beach,30004,Barron River,1,Good,Acceptable,0
306021144,Bentley Park,30060,Mulgrave,1,Good,Acceptable,0
306021145,Cairns City,30014,Cairns,1,Good,Acceptable,0
306021146,Earlville - Bayview Heights,30060,Mulgrave,0.4982056,Good,Acceptable,0
306021146,Earlville - Bayview Heights,30014,Cairns,0.5017944,Good,Acceptable,0
306021147,Edmonton,30060,Mulgrave,1,Good,Acceptable,0
306021148,Gordonvale - Trinity,30060,Mulgrave,1,Good,Acceptable,0
306021149,Kanimbla - Mooroobool,30014,Cairns,1,Good,Acceptable,0
306021150,Lamb Range,30060,Mulgrave,1.00E-07,Good,Acceptable,1
306021150,Lamb Range,30004,Barron River,0.9999999,Good,Acceptable,0
306021151,Manoora,30014,Cairns,1,Good,Acceptable,0
306021152,Manunda,30014,Cairns,1,Good,Acceptable,0
306021153,Mount Sheridan,30060,Mulgrave,1,Good,Acceptable,0
306021154,Westcourt - Bungalow,30014,Cairns,1,Good,Acceptable,0
306021155,White Rock,30060,Mulgrave,1,Good,Acceptable,0
306021156,Whitfield - Edge Hill,30014,Cairns,1,Good,Acceptable,0
306021157,Woree,30014,Cairns,3.90E-06,Good,Acceptable,1
306021157,Woree,30060,Mulgrave,0.9999961,Good,Acceptable,0
306031158,Babinda,30060,Mulgrave,0.2041171,Good,Acceptable,0
306031158,Babinda,30034,Hill,0.7958829,Good,Acceptable,0
306031159,Innisfail,30034,Hill,1,Good,Acceptable,0
306031160,Johnstone,30034,Hill,1,Good,Acceptable,0
306031161,Tully,30035,Hinchinbrook,0.3490668,Good,Acceptable,0
306031161,Tully,30034,Hill,0.6509332,Good,Acceptable,0
306031162,Wooroonooran,30034,Hill,1,Good,Acceptable,0
306031163,Yarrabah,30060,Mulgrave,1,Good,Acceptable,0
306041164,Daintree,30021,Cook,1,Good,Acceptable,0
306041165,Port Douglas,30021,Cook,1,Good,Acceptable,0
306051166,Atherton,30034,Hill,1,Good,Acceptable,0
306051167,Herberton,30034,Hill,1,Good,Acceptable,0
306051168,Kuranda,30021,Cook,0.0051871,Good,Acceptable,1
306051168,Kuranda,30004,Barron River,0.9948129,Good,Acceptable,0
306051169,Malanda - Yungaburra,30034,Hill,1,Good,Acceptable,0
306051170,Mareeba,30021,Cook,1,Good,Acceptable,0
307011171,Balonne,30090,Warrego,1,Good,Acceptable,0
307011172,Chinchilla,30015,Callide,1,Acceptable,Acceptable,0
307011173,Goondiwindi,30077,Southern Downs,1,Good,Acceptable,0
307011174,Inglewood - Waggamba,30077,Southern Downs,1,Good,Acceptable,0
307011175,Miles - Wandoan,30090,Warrego,0.1474854,Good,Acceptable,0
307011175,Miles - Wandoan,30015,Callide,0.8525146,Acceptable,Acceptable,0
307011176,Roma,30090,Warrego,1,Good,Acceptable,0
307011177,Roma Surrounds,30090,Warrego,1,Good,Acceptable,0
307011178,Tara,30077,Southern Downs,0.0041665,Good,Acceptable,1
307011178,Tara,30090,Warrego,0.9958335,Good,Acceptable,0
307021179,Crows Nest - Rosalie,30063,Nanango,0.2763384,Good,Acceptable,0
307021179,Crows Nest - Rosalie,30020,Condamine,0.7236616,Acceptable,Acceptable,0
307021180,Jondaryan,30090,Warrego,0.0076559,Good,Acceptable,1
307021180,Jondaryan,30020,Condamine,0.9923441,Acceptable,Acceptable,0
307021181,Millmerran,30077,Southern Downs,1,Good,Acceptable,0
307021182,Pittsworth,30020,Condamine,1,Acceptable,Acceptable,0
307021183,Wambo,30020,Condamine,0.0014903,Acceptable,Acceptable,1
307021183,Wambo,30015,Callide,0.1404246,Acceptable,Acceptable,0
307021183,Wambo,30090,Warrego,0.8580851,Good,Acceptable,0
307031184,Clifton - Greenmount,30020,Condamine,1,Acceptable,Acceptable,0
307031185,Southern Downs - East,30077,Southern Downs,1,Good,Acceptable,0
307031186,Southern Downs - West,30020,Condamine,0.0237206,Acceptable,Acceptable,0
307031186,Southern Downs - West,30077,Southern Downs,0.9762794,Good,Acceptable,0
307031187,Stanthorpe,30077,Southern Downs,1,Good,Acceptable,0
307031188,Stanthorpe Surrounds,30077,Southern Downs,1,Good,Acceptable,0
307031189,Warwick,30077,Southern Downs,1,Good,Acceptable,0
308011190,Central Highlands - East,30031,Gregory,1,Good,Acceptable,0
308011191,Central Highlands - West,30031,Gregory,1,Good,Acceptable,0
308011192,Emerald,30031,Gregory,1,Good,Acceptable,0
308031205,Berserker,30073,Rockhampton,1,Acceptable,Acceptable,0
308031206,Bouldercombe,30073,Rockhampton,0.039486,Acceptable,Acceptable,0
308031206,Bouldercombe,30055,Mirani,0.960514,Good,Acceptable,0
308031207,Emu Park,30041,Keppel,1,Acceptable,Acceptable,0
308031208,Frenchville - Mount Archer,30073,Rockhampton,0.3689022,Acceptable,Acceptable,0
308031208,Frenchville - Mount Archer,30041,Keppel,0.6310978,Acceptable,Acceptable,0
308031209,Glenlee - Rockyview,30041,Keppel,0.0706144,Acceptable,Acceptable,0
308031209,Glenlee - Rockyview,30055,Mirani,0.9293856,Good,Acceptable,0
308031210,Gracemere,30055,Mirani,0.0346713,Good,Acceptable,0
308031210,Gracemere,30073,Rockhampton,0.9653287,Acceptable,Acceptable,0
308031211,Lakes Creek,30041,Keppel,0.4507609,Acceptable,Acceptable,0
308031211,Lakes Creek,30073,Rockhampton,0.5492391,Acceptable,Acceptable,0
308031212,Mount Morgan,30055,Mirani,1,Good,Acceptable,0
308031213,Norman Gardens,30073,Rockhampton,0.0610073,Acceptable,Acceptable,0
308031213,Norman Gardens,30041,Keppel,0.9389927,Acceptable,Acceptable,0
308031214,Park Avenue,30073,Rockhampton,1,Acceptable,Acceptable,0
308031215,Parkhurst - Kawana,30041,Keppel,0.2321363,Acceptable,Acceptable,0
308031215,Parkhurst - Kawana,30073,Rockhampton,0.7678637,Acceptable,Acceptable,0
308031216,Rockhampton - West,30073,Rockhampton,1,Acceptable,Acceptable,0
308031217,Rockhampton City,30055,Mirani,0.0310826,Good,Acceptable,0
308031217,Rockhampton City,30073,Rockhampton,0.9689174,Acceptable,Acceptable,0
308031218,Rockhampton Surrounds - East,30041,Keppel,1,Acceptable,Acceptable,0
308031219,Rockhampton Surrounds - North,30055,Mirani,0.1605175,Good,Acceptable,0
308031219,Rockhampton Surrounds - North,30041,Keppel,0.8394825,Acceptable,Acceptable,0
308031220,Rockhampton Surrounds - West,30055,Mirani,1,Good,Acceptable,0
308031221,Shoalwater Bay,30055,Mirani,3.90E-06,Good,Acceptable,1
308031221,Shoalwater Bay,30041,Keppel,0.9999961,Acceptable,Acceptable,0
308031222,The Range - Allenstown,30073,Rockhampton,1,Acceptable,Acceptable,0
308031223,Yeppoon,30041,Keppel,1,Acceptable,Acceptable,0
308041528,Banana,30015,Callide,1,Acceptable,Acceptable,0
308041529,Biloela,30015,Callide,1,Acceptable,Acceptable,0
308051530,Agnes Water - Miriam Vale,30013,Burnett,1,Good,Acceptable,0
308051531,Boyne Island - Tannum Sands,30028,Gladstone,1,Good,Acceptable,0
308051532,Callemondah,30028,Gladstone,1,Good,Acceptable,0
308051533,Clinton - New Auckland,30028,Gladstone,1,Good,Acceptable,0
308051534,Gladstone,30028,Gladstone,1,Good,Acceptable,0
308051535,Gladstone Hinterland,30028,Gladstone,0.4435283,Good,Acceptable,0
308051535,Gladstone Hinterland,30015,Callide,0.5564717,Acceptable,Acceptable,0
308051536,Kin Kora - Sun Valley,30028,Gladstone,1,Good,Acceptable,0
308051537,South Trees,30028,Gladstone,1,Good,Acceptable,0
308051538,Telina - Toolooa,30028,Gladstone,1,Good,Acceptable,0
308051539,West Gladstone,30028,Gladstone,1,Good,Acceptable,0
309011224,Broadbeach Waters,30082,Surfers Paradise,1,Acceptable,Acceptable,0
309011225,Burleigh Heads,30012,Burleigh,1,Acceptable,Acceptable,0
309011226,Burleigh Waters,30053,Mermaid Beach,0.1873858,Acceptable,Acceptable,0
309011226,Burleigh Waters,30012,Burleigh,0.8126142,Acceptable,Acceptable,0
309011227,Mermaid Beach - Broadbeach,30082,Surfers Paradise,0.4349332,Acceptable,Acceptable,0
309011227,Mermaid Beach - Broadbeach,30053,Mermaid Beach,0.5650668,Acceptable,Acceptable,0
309011228,Mermaid Waters,30053,Mermaid Beach,1,Acceptable,Acceptable,0
309011229,Miami,30053,Mermaid Beach,1,Acceptable,Acceptable,0
309021230,Coolangatta,30024,Currumbin,1,Good,Acceptable,0
309021231,Currumbin - Tugun,30024,Currumbin,1,Good,Acceptable,0
309021232,Currumbin Waters,30024,Currumbin,1,Good,Acceptable,0
309021233,Elanora,30024,Currumbin,1,Good,Acceptable,0
309021234,Palm Beach,30012,Burleigh,1,Acceptable,Acceptable,0
309031235,Arundel,30005,Bonney,1,Acceptable,Acceptable,0
309031236,Biggera Waters,30006,Broadwater,0.1242129,Acceptable,Acceptable,0
309031236,Biggera Waters,30005,Bonney,0.8757871,Acceptable,Acceptable,0
309031237,Coombabah,30005,Bonney,0.0853418,Acceptable,Acceptable,0
309031237,Coombabah,30006,Broadwater,0.9146582,Acceptable,Acceptable,0
309031238,Labrador,30005,Bonney,1,Acceptable,Acceptable,0
309031239,Paradise Point - Hollywell,30006,Broadwater,1,Acceptable,Acceptable,0
309031240,Runaway Bay,30006,Broadwater,1,Acceptable,Acceptable,0
309041241,Guanaba - Springbrook,30083,Theodore,0.2721373,Poor,Acceptable,0
309041241,Guanaba - Springbrook,30059,Mudgeeraba,0.7278627,Good,Acceptable,0
309041242,Tamborine - Canungra,30075,Scenic Rim,1,Acceptable,Acceptable,0
309051243,Currumbin Valley - Tallebudgera,30059,Mudgeeraba,0.0098884,Good,Acceptable,1
309051243,Currumbin Valley - Tallebudgera,30012,Burleigh,0.0888618,Acceptable,Acceptable,0
309051243,Currumbin Valley - Tallebudgera,30024,Currumbin,0.9012498,Good,Acceptable,0
309051244,Mudgeeraba - Bonogin,30059,Mudgeeraba,1,Good,Acceptable,0
309051245,Reedy Creek - Andrews,30012,Burleigh,0.151795,Acceptable,Acceptable,0
309051245,Reedy Creek - Andrews,30059,Mudgeeraba,0.848205,Good,Acceptable,0
309061246,Carrara,30082,Surfers Paradise,0.0482144,Acceptable,Acceptable,0
309061246,Carrara,30059,Mudgeeraba,0.1208003,Good,Acceptable,0
309061246,Carrara,30027,Gaven,0.8309853,Acceptable,Acceptable,0
309061247,Highland Park,30027,Gaven,1,Acceptable,Acceptable,0
309061248,Nerang - Mount Nathan,30083,Theodore,0.0085801,Poor,Acceptable,1
309061248,Nerang - Mount Nathan,30059,Mudgeeraba,0.1086692,Good,Acceptable,0
309061248,Nerang - Mount Nathan,30027,Gaven,0.8827507,Acceptable,Acceptable,0
309061249,Pacific Pines - Gaven,30083,Theodore,0.3492451,Poor,Acceptable,0
309061249,Pacific Pines - Gaven,30027,Gaven,0.6507549,Acceptable,Acceptable,0
309061250,Worongary - Tallai,30059,Mudgeeraba,1,Good,Acceptable,0
309071251,Coomera,30083,Theodore,0.1156271,Poor,Acceptable,0
309071251,Coomera,30022,Coomera,0.8843729,Good,Acceptable,0
309071252,Helensvale,30005,Bonney,0.0532415,Acceptable,Acceptable,0
309071252,Helensvale,30006,Broadwater,0.2514653,Acceptable,Acceptable,0
309071252,Helensvale,30083,Theodore,0.6952932,Poor,Acceptable,0
309071253,Hope Island,30006,Broadwater,1,Acceptable,Acceptable,0
309071254,Jacobs Well - Alberton,30006,Broadwater,2.20E-06,Acceptable,Acceptable,1
309071254,Jacobs Well - Alberton,30022,Coomera,0.9999978,Good,Acceptable,0
309071256,Oxenford - Maudsland,30083,Theodore,1,Poor,Acceptable,0
309071552,Ormeau (East) - Stapylton,30022,Coomera,1,Good,Acceptable,0
309071553,Ormeau (West) - Yatala,30022,Coomera,1,Good,Acceptable,0
309071554,Pimpama - North,30022,Coomera,1,Good,Acceptable,0
309071555,Pimpama - South,30022,Coomera,1,Good,Acceptable,0
309071556,Upper Coomera (South) - Wongawallan,30022,Coomera,0.1469124,Good,Acceptable,0
309071556,Upper Coomera (South) - Wongawallan,30083,Theodore,0.8530876,Poor,Acceptable,0
309071557,Upper Coomera - North,30083,Theodore,0.4173579,Poor,Acceptable,0
309071557,Upper Coomera - North,30022,Coomera,0.5826421,Good,Acceptable,0
309071558,Willow Vale - Pimpama (West),30022,Coomera,1,Good,Acceptable,0
309081259,Clear Island Waters,30082,Surfers Paradise,1,Acceptable,Acceptable,0
309081260,Merrimac,30059,Mudgeeraba,1,Good,Acceptable,0
309081262,Varsity Lakes,30053,Mermaid Beach,0.3370176,Acceptable,Acceptable,0
309081262,Varsity Lakes,30012,Burleigh,0.6629824,Acceptable,Acceptable,0
309081559,Robina - East,30053,Mermaid Beach,1,Acceptable,Acceptable,0
309081560,Robina - West,30059,Mudgeeraba,1,Good,Acceptable,0
309091263,Ashmore,30078,Southport,1,Acceptable,Acceptable,0
309091264,Molendinar,30078,Southport,1,Acceptable,Acceptable,0
309091265,Parkwood,30005,Bonney,1,Acceptable,Acceptable,0
309091540,Southport - North,30005,Bonney,0.4053763,Acceptable,Acceptable,0
309091540,Southport - North,30078,Southport,0.5946237,Acceptable,Acceptable,0
309091541,Southport - South,30078,Southport,1,Acceptable,Acceptable,0
309101267,Benowa,30082,Surfers Paradise,0.3009761,Acceptable,Acceptable,0
309101267,Benowa,30078,Southport,0.6990239,Acceptable,Acceptable,0
309101268,Bundall,30078,Southport,0.339135,Acceptable,Acceptable,0
309101268,Bundall,30082,Surfers Paradise,0.660865,Acceptable,Acceptable,0
309101269,Main Beach,30082,Surfers Paradise,1,Acceptable,Acceptable,0
309101561,Surfers Paradise - North,30082,Surfers Paradise,1,Acceptable,Acceptable,0
309101562,Surfers Paradise - South,30082,Surfers Paradise,1,Acceptable,Acceptable,0
310011271,Darra - Sumner,30036,Inala,2.10E-06,Good,Acceptable,1
310011271,Darra - Sumner,30058,Mount Ommaney,0.9999979,Good,Acceptable,0
310011272,Durack,30036,Inala,1,Good,Acceptable,0
310011274,Inala - Richlands,30036,Inala,1,Good,Acceptable,0
310011275,Oxley (Qld),30036,Inala,0.0943218,Good,Acceptable,0
310011275,Oxley (Qld),30058,Mount Ommaney,0.9056782,Good,Acceptable,0
310011276,Wacol,30036,Inala,1,Good,Acceptable,0
310011563,Doolandella,30036,Inala,1,Good,Acceptable,0
310011564,Forest Lake - Ellen Grove,30001,Algester,0.0296908,Poor,Acceptable,0
310011564,Forest Lake - Ellen Grove,30036,Inala,0.9703092,Good,Acceptable,0
310021277,Boonah,30075,Scenic Rim,1,Acceptable,Acceptable,0
310021278,Esk,30063,Nanango,1,Good,Acceptable,0
310021279,Lake Manchester - England Creek,30056,Moggill,1,Good,Acceptable,0
310021280,Lockyer Valley - East,30043,Lockyer,1,Good,Acceptable,0
310021281,Lowood,30063,Nanango,0.1738508,Good,Acceptable,0
310021281,Lowood,30043,Lockyer,0.8261492,Good,Acceptable,0
310021282,Rosewood,30075,Scenic Rim,0.253401,Acceptable,Acceptable,0
310021282,Rosewood,30038,Ipswich West,0.746599,Good,Acceptable,0
310031283,Brassall,30038,Ipswich West,1,Good,Acceptable,0
310031284,Bundamba,30037,Ipswich,0.0071717,Good,Acceptable,1
310031284,Bundamba,30010,Bundamba,0.9928283,Good,Acceptable,0
310031285,Churchill - Yamanto,30037,Ipswich,0.2707411,Good,Acceptable,0
310031285,Churchill - Yamanto,30038,Ipswich West,0.7292589,Good,Acceptable,0
310031286,Ipswich - Central,30037,Ipswich,1,Good,Acceptable,0
310031287,Ipswich - East,30037,Ipswich,1,Good,Acceptable,0
310031288,Ipswich - North,30038,Ipswich West,1,Good,Acceptable,0
310031289,Karalee - Barellan Point,30038,Ipswich West,1,Good,Acceptable,0
310031290,Karana Downs,30056,Moggill,1,Good,Acceptable,0
310031291,Leichhardt - One Mile,30038,Ipswich West,1,Good,Acceptable,0
310031292,North Ipswich - Tivoli,30038,Ipswich West,1,Good,Acceptable,0
310031293,Raceview,30037,Ipswich,1,Good,Acceptable,0
310031294,Ripley,30075,Scenic Rim,0.0075013,Acceptable,Acceptable,1
310031294,Ripley,30010,Bundamba,0.3070759,Good,Acceptable,0
310031294,Ripley,30037,Ipswich,0.6854229,Good,Acceptable,0
310031295,Riverview,30010,Bundamba,1,Good,Acceptable,0
310041297,Camira - Gailes,30036,Inala,1.10E-06,Good,Acceptable,1
310041297,Camira - Gailes,30039,Jordan,0.9999989,Good,Acceptable,0
310041298,Carole Park,30039,Jordan,1,Good,Acceptable,0
310041299,Collingwood Park - Redbank,30010,Bundamba,1,Good,Acceptable,0
310041300,Goodna,30010,Bundamba,1,Good,Acceptable,0
310041301,New Chum,30010,Bundamba,1,Good,Acceptable,0
310041302,Redbank Plains,30010,Bundamba,1,Good,Acceptable,0
310041303,Springfield,30039,Jordan,1,Good,Acceptable,0
310041304,Springfield Lakes,30039,Jordan,1,Good,Acceptable,0
310041565,Augustine Heights - Brookwater,30039,Jordan,1,Good,Acceptable,0
310041566,Bellbird Park,30039,Jordan,0.0955377,Good,Acceptable,0
310041566,Bellbird Park,30010,Bundamba,0.9044623,Good,Acceptable,0
311011305,Beaudesert,30075,Scenic Rim,1,Acceptable,Acceptable,0
311021306,Beenleigh,30046,Macalister,1,Good,Acceptable,0
311021307,Eagleby,30046,Macalister,1,Good,Acceptable,0
311021308,Edens Landing - Holmview,30046,Macalister,1,Good,Acceptable,0
311021309,Mount Warren Park,30046,Macalister,1,Good,Acceptable,0
311021310,Wolffdene - Bahrs Scrub,30044,Logan,0.0860549,Acceptable,Acceptable,0
311021310,Wolffdene - Bahrs Scrub,30046,Macalister,0.9139451,Good,Acceptable,0
311031311,Boronia Heights - Park Ridge,30044,Logan,1,Acceptable,Acceptable,0
311031312,Browns Plains,30081,Stretton,0.032635,Acceptable,Acceptable,0
311031312,Browns Plains,30001,Algester,0.4333259,Poor,Acceptable,0
311031312,Browns Plains,30093,Woodridge,0.534039,Good,Acceptable,0
311031313,Chambers Flat - Logan Reserve,30044,Logan,0.4702041,Acceptable,Acceptable,0
311031313,Chambers Flat - Logan Reserve,30091,Waterford,0.5297959,Acceptable,Acceptable,0
311031314,Crestmead,30093,Woodridge,1,Good,Acceptable,0
311031315,Greenbank Military Camp,30039,Jordan,1,Good,Acceptable,0
311031316,Hillcrest,30044,Logan,0.2089513,Acceptable,Acceptable,0
311031316,Hillcrest,30001,Algester,0.7910487,Poor,Acceptable,0
311031317,Marsden,30093,Woodridge,1,Good,Acceptable,0
311031318,Munruben - Park Ridge South,30044,Logan,1,Acceptable,Acceptable,0
311031319,Regents Park - Heritage Park,30044,Logan,0.0633183,Acceptable,Acceptable,0
311031319,Regents Park - Heritage Park,30001,Algester,0.2676073,Poor,Acceptable,0
311031319,Regents Park - Heritage Park,30093,Woodridge,0.6690744,Good,Acceptable,0
311041322,Logan Village,30044,Logan,1,Acceptable,Acceptable,0
311041567,Flagstone (East) - Riverbend,30044,Logan,0.1384011,Acceptable,Acceptable,0
311041567,Flagstone (East) - Riverbend,30039,Jordan,0.8615989,Good,Acceptable,0
311041568,Flagstone (West) - New Beith,30039,Jordan,1,Good,Acceptable,0
311041569,Greenbank - North Maclean,30039,Jordan,0.446661,Good,Acceptable,0
311041569,Greenbank - North Maclean,30044,Logan,0.553339,Acceptable,Acceptable,0
311041570,Jimboomba - Glenlogan,30075,Scenic Rim,0.4527251,Acceptable,Acceptable,0
311041570,Jimboomba - Glenlogan,30044,Logan,0.5472749,Acceptable,Acceptable,0
311041571,Yarrabilba,30044,Logan,1,Acceptable,Acceptable,0
311051323,Bethania - Waterford,30046,Macalister,0.3903669,Good,Acceptable,0
311051323,Bethania - Waterford,30091,Waterford,0.6096331,Acceptable,Acceptable,0
311051324,Cornubia - Carbrook,30046,Macalister,1,Good,Acceptable,0
311051325,Loganholme - Tanah Merah,30046,Macalister,0.1031281,Good,Acceptable,0
311051325,Loganholme - Tanah Merah,30091,Waterford,0.8968719,Acceptable,Acceptable,0
311051326,Loganlea,30091,Waterford,1,Acceptable,Acceptable,0
311051327,Shailer Park,30079,Springwood,1,Good,Acceptable,0
311051328,Waterford West,30091,Waterford,1,Acceptable,Acceptable,0
311061329,Daisy Hill,30079,Springwood,1,Good,Acceptable,0
311061330,Kingston (Qld),30091,Waterford,0.1710712,Acceptable,Acceptable,0
311061330,Kingston (Qld),30093,Woodridge,0.8289288,Good,Acceptable,0
311061331,Logan Central,30093,Woodridge,1,Good,Acceptable,0
311061332,Rochedale South - Priestdale,30079,Springwood,1,Good,Acceptable,0
311061333,Slacks Creek,30091,Waterford,1,Acceptable,Acceptable,0
311061334,Springwood,30079,Springwood,1,Good,Acceptable,0
311061335,Underwood,30091,Waterford,1,Acceptable,Acceptable,0
311061336,Woodridge,30093,Woodridge,1,Good,Acceptable,0
312011337,Bowen,30011,Burdekin,1,Good,Acceptable,0
312011338,Broadsound - Nebo,30031,Gregory,0.0103221,Good,Acceptable,0
312011338,Broadsound - Nebo,30055,Mirani,0.1602647,Good,Acceptable,0
312011338,Broadsound - Nebo,30011,Burdekin,0.8294132,Good,Acceptable,0
312011339,Clermont,30011,Burdekin,1,Good,Acceptable,0
312011340,Collinsville,30011,Burdekin,1,Good,Acceptable,0
312011341,Moranbah,30011,Burdekin,1,Good,Acceptable,0
312021342,Andergrove - Beaconsfield,30092,Whitsunday,0.0505226,Good,Acceptable,0
312021342,Andergrove - Beaconsfield,30047,Mackay,0.9494774,Good,Acceptable,0
312021343,East Mackay,30055,Mirani,0.0087595,Good,Acceptable,1
312021343,East Mackay,30047,Mackay,0.9912405,Good,Acceptable,0
312021344,Eimeo - Rural View,30092,Whitsunday,1,Good,Acceptable,0
312021345,Eungella Hinterland,30011,Burdekin,0.3075153,Good,Acceptable,0
312021345,Eungella Hinterland,30055,Mirani,0.6924847,Good,Acceptable,0
312021346,Mackay,30047,Mackay,1,Good,Acceptable,0
312021347,Mackay Harbour,30047,Mackay,1,Good,Acceptable,0
312021348,Mount Pleasant - Glenella,30092,Whitsunday,0.2043601,Good,Acceptable,0
312021348,Mount Pleasant - Glenella,30047,Mackay,0.7956399,Good,Acceptable,0
312021349,North Mackay,30047,Mackay,1,Good,Acceptable,0
312021350,Ooralea - Bakers Creek,30047,Mackay,0.0333381,Good,Acceptable,0
312021350,Ooralea - Bakers Creek,30055,Mirani,0.9666619,Good,Acceptable,0
312021351,Pioneer Valley,30055,Mirani,1,Good,Acceptable,0
312021352,Sarina,30055,Mirani,1,Good,Acceptable,0
312021353,Seaforth - Calen,30092,Whitsunday,1,Good,Acceptable,0
312021354,Shoal Point - Bucasia,30092,Whitsunday,1,Good,Acceptable,0
312021355,Slade Point,30047,Mackay,1,Good,Acceptable,0
312021356,South Mackay,30047,Mackay,1,Good,Acceptable,0
312021357,Walkerston - Eton,30055,Mirani,1,Good,Acceptable,0
312021358,West Mackay,30047,Mackay,1,Good,Acceptable,0
312031359,Airlie - Whitsundays,30092,Whitsunday,1,Good,Acceptable,0
312031360,Cape Conway,30092,Whitsunday,1,Good,Acceptable,0
312031361,Proserpine,30092,Whitsunday,1,Good,Acceptable,0
313011362,Beachmere - Sandstone Point,30070,Pumicestone,1,Acceptable,Acceptable,0
313011363,Bribie Island,30070,Pumicestone,1,Acceptable,Acceptable,0
313021364,Burpengary - East,30003,Bancroft,1,Good,Acceptable,0
313021366,Caboolture - South,30029,Glass House,0.0509458,Poor,Acceptable,0
313021366,Caboolture - South,30057,Morayfield,0.9490542,Acceptable,Acceptable,0
313021367,Elimbah,30029,Glass House,0.4794206,Poor,Acceptable,0
313021367,Elimbah,30070,Pumicestone,0.5205794,Acceptable,Acceptable,0
313021368,Morayfield - East,30057,Morayfield,1,Acceptable,Acceptable,0
313021369,Wamuran,30057,Morayfield,0.030607,Acceptable,Acceptable,0
313021369,Wamuran,30029,Glass House,0.969393,Poor,Acceptable,0
313021572,Caboolture - East,30057,Morayfield,0.4228632,Acceptable,Acceptable,0
313021572,Caboolture - East,30070,Pumicestone,0.5771368,Acceptable,Acceptable,0
313021573,Caboolture - West,30029,Glass House,0.0915387,Poor,Acceptable,0
313021573,Caboolture - West,30070,Pumicestone,0.2240199,Acceptable,Acceptable,0
313021573,Caboolture - West,30057,Morayfield,0.6844413,Acceptable,Acceptable,0
313031370,Kilcoy,30063,Nanango,1,Good,Acceptable,0
313031371,Woodford - D'Aguilar,30029,Glass House,1,Poor,Acceptable,0
313041372,Burpengary,30057,Morayfield,0.1982878,Acceptable,Acceptable,0
313041372,Burpengary,30042,Kurwongbah,0.8017122,Acceptable,Acceptable,0
313041373,Deception Bay,30003,Bancroft,1,Good,Acceptable,0
313041374,Morayfield,30057,Morayfield,1,Acceptable,Acceptable,0
313041375,Narangba,30042,Kurwongbah,1,Acceptable,Acceptable,0
313041376,Upper Caboolture,30057,Morayfield,0.1475692,Acceptable,Acceptable,0
313041376,Upper Caboolture,30029,Glass House,0.8524308,Poor,Acceptable,0
313051377,Clontarf,30071,Redcliffe,1,Good,Acceptable,0
313051378,Margate - Woody Point,30071,Redcliffe,1,Good,Acceptable,0
313051379,Redcliffe,30071,Redcliffe,1,Good,Acceptable,0
313051380,Rothwell - Kippa-Ring,30003,Bancroft,0.2040088,Good,Acceptable,0
313051380,Rothwell - Kippa-Ring,30062,Murrumba,0.3950337,Acceptable,Acceptable,0
313051380,Rothwell - Kippa-Ring,30071,Redcliffe,0.4009575,Good,Acceptable,0
313051574,Moreton Island,30071,Redcliffe,1,Good,Acceptable,0
313051575,Scarborough - Newport,30062,Murrumba,0.0170682,Acceptable,Acceptable,0
313051575,Scarborough - Newport,30071,Redcliffe,0.9829318,Good,Acceptable,0
314011382,Albany Creek,30002,Aspley,0.0165787,Acceptable,Acceptable,0
314011382,Albany Creek,30025,Everton,0.9834213,Acceptable,Acceptable,0
314011383,Cashmere,30025,Everton,0.0337786,Acceptable,Acceptable,0
314011383,Cashmere,30042,Kurwongbah,0.1219705,Acceptable,Acceptable,0
314011383,Cashmere,30069,Pine Rivers,0.8442509,Acceptable,Acceptable,0
314011384,Dayboro,30029,Glass House,0.1117504,Poor,Acceptable,0
314011384,Dayboro,30042,Kurwongbah,0.2536913,Acceptable,Acceptable,0
314011384,Dayboro,30069,Pine Rivers,0.6345584,Acceptable,Acceptable,0
314011385,Eatons Hill,30025,Everton,1,Acceptable,Acceptable,0
314011386,The Hills District,30025,Everton,0.3812949,Acceptable,Acceptable,0
314011386,The Hills District,30026,Ferny Grove,0.6187051,Poor,Acceptable,0
314011387,Samford Valley,30069,Pine Rivers,1,Acceptable,Acceptable,0
314021389,Murrumba Downs - Griffin,30062,Murrumba,1,Acceptable,Acceptable,0
314021576,Dakabin,30062,Murrumba,1,Acceptable,Acceptable,0
314021577,Kallangur,30062,Murrumba,1,Acceptable,Acceptable,0
314021578,Mango Hill,30003,Bancroft,0.2288852,Good,Acceptable,0
314021578,Mango Hill,30062,Murrumba,0.7711148,Acceptable,Acceptable,0
314021579,North Lakes,30003,Bancroft,1,Good,Acceptable,0
314031391,Bray Park,30042,Kurwongbah,0.2973587,Acceptable,Acceptable,0
314031391,Bray Park,30069,Pine Rivers,0.7026413,Acceptable,Acceptable,0
314031392,Lawnton,30069,Pine Rivers,0.052075,Acceptable,Acceptable,0
314031392,Lawnton,30042,Kurwongbah,0.947925,Acceptable,Acceptable,0
314031393,Petrie,30042,Kurwongbah,1,Acceptable,Acceptable,0
314031394,Strathpine - Brendale,30025,Everton,0.0390414,Acceptable,Acceptable,0
314031394,Strathpine - Brendale,30069,Pine Rivers,0.9609586,Acceptable,Acceptable,0
315011395,Aurukun,30021,Cook,1,Good,Acceptable,0
315011396,Cape York,30021,Cook,1,Good,Acceptable,0
315011397,Croydon - Etheridge,30089,Traeger,1,Good,Acceptable,0
315011398,Kowanyama - Pormpuraaw,30021,Cook,1,Good,Acceptable,0
315011399,Northern Peninsula,30021,Cook,1,Good,Acceptable,0
315011400,Tablelands,30034,Hill,0.4565101,Good,Acceptable,0
315011400,Tablelands,30021,Cook,0.5434899,Good,Acceptable,0
315011401,Torres,30021,Cook,1,Good,Acceptable,0
315011402,Torres Strait Islands,30021,Cook,1,Good,Acceptable,0
315011403,Weipa,30021,Cook,1,Good,Acceptable,0
315021404,Carpentaria,30021,Cook,0.0037576,Good,Acceptable,1
315021404,Carpentaria,30089,Traeger,0.9962424,Good,Acceptable,0
315021405,Mount Isa,30089,Traeger,1,Good,Acceptable,0
315021406,Mount Isa Surrounds,30089,Traeger,1,Good,Acceptable,0
315021407,Northern Highlands,30089,Traeger,1,Good,Acceptable,0
315031408,Barcaldine - Blackall,30031,Gregory,1,Good,Acceptable,0
315031409,Charleville,30090,Warrego,1,Good,Acceptable,0
315031410,Far Central West,30031,Gregory,1,Good,Acceptable,0
315031411,Far South West,30090,Warrego,1,Good,Acceptable,0
315031412,Longreach,30031,Gregory,1,Good,Acceptable,0
316011413,Buderim - North,30065,Ninderry,0.3807718,Poor,Acceptable,0
316011413,Buderim - North,30007,Buderim,0.6192282,Acceptable,Acceptable,0
316011414,Buderim - South,30064,Nicklin,0.0151458,Acceptable,Acceptable,0
316011414,Buderim - South,30007,Buderim,0.9848542,Acceptable,Acceptable,0
316011415,Mountain Creek,30007,Buderim,1,Acceptable,Acceptable,0
316011416,Sippy Downs,30007,Buderim,1,Acceptable,Acceptable,0
316021417,Aroona - Currimundi,30040,Kawana,1,Good,Acceptable,0
316021418,Buddina - Minyama,30040,Kawana,1,Good,Acceptable,0
316021419,Caloundra - Kings Beach,30016,Caloundra,1,Acceptable,Acceptable,0
316021421,Golden Beach - Pelican Waters,30016,Caloundra,1,Acceptable,Acceptable,0
316021422,Moffat Beach - Battery Hill,30016,Caloundra,1,Acceptable,Acceptable,0
316021423,Parrearra - Warana,30040,Kawana,1,Good,Acceptable,0
316021424,Wurtulla - Birtinya,30040,Kawana,1,Good,Acceptable,0
316021580,Caloundra West - Baringa,30016,Caloundra,1,Acceptable,Acceptable,0
316021581,Meridan Plains - Little Mountain (North),30040,Kawana,1,Good,Acceptable,0
316031425,Coolum Beach,30050,Maroochydore,0.4413532,Acceptable,Acceptable,0
316031425,Coolum Beach,30065,Ninderry,0.5586468,Poor,Acceptable,0
316031426,Marcoola - Mudjimba,30065,Ninderry,0.0265882,Poor,Acceptable,0
316031426,Marcoola - Mudjimba,30050,Maroochydore,0.9734118,Acceptable,Acceptable,0
316031427,Maroochydore - Kuluin,30065,Ninderry,0.1611586,Poor,Acceptable,0
316031427,Maroochydore - Kuluin,30050,Maroochydore,0.8388414,Acceptable,Acceptable,0
316031428,Mooloolaba - Alexandra Headland,30050,Maroochydore,1,Acceptable,Acceptable,0
316051434,Noosa Heads,30066,Noosa,1,Acceptable,Acceptable,0
316051435,Noosaville,30066,Noosa,1,Acceptable,Acceptable,0
316051437,Sunshine Beach,30066,Noosa,1,Acceptable,Acceptable,0
316051438,Tewantin,30066,Noosa,1,Acceptable,Acceptable,0
316051543,Peregian Beach - Marcus Beach,30066,Noosa,1,Acceptable,Acceptable,0
316051544,Peregian Springs,30065,Ninderry,1,Poor,Acceptable,0
316061439,Beerwah,30029,Glass House,0.4372837,Poor,Acceptable,0
316061439,Beerwah,30016,Caloundra,0.5627163,Acceptable,Acceptable,0
316061440,Caloundra Hinterland,30029,Glass House,1,Poor,Acceptable,0
316061441,Glass House Mountains,30029,Glass House,1,Poor,Acceptable,0
316061442,Landsborough,30007,Buderim,0.2495495,Acceptable,Acceptable,0
316061442,Landsborough,30029,Glass House,0.2925616,Poor,Acceptable,0
316061442,Landsborough,30016,Caloundra,0.4578889,Acceptable,Acceptable,0
316061443,Maroochy Hinterland,30029,Glass House,0.1656211,Poor,Acceptable,0
316061443,Maroochy Hinterland,30064,Nicklin,0.8343789,Acceptable,Acceptable,0
316061444,Palmwoods,30029,Glass House,0.2625943,Poor,Acceptable,0
316061444,Palmwoods,30064,Nicklin,0.7374057,Acceptable,Acceptable,0
316071545,Bli Bli,30065,Ninderry,1,Poor,Acceptable,0
316071546,Diddillibah - Rosemount,30064,Nicklin,0.1782889,Acceptable,Acceptable,0
316071546,Diddillibah - Rosemount,30065,Ninderry,0.8217111,Poor,Acceptable,0
316071547,Eumundi - Yandina,30064,Nicklin,0.3792814,Acceptable,Acceptable,0
316071547,Eumundi - Yandina,30065,Ninderry,0.6207186,Poor,Acceptable,0
316071548,Nambour,30064,Nicklin,1,Acceptable,Acceptable,0
316081549,Noosa Hinterland,30065,Ninderry,0.1598405,Poor,Acceptable,0
316081549,Noosa Hinterland,30064,Nicklin,0.2987845,Acceptable,Acceptable,0
316081549,Noosa Hinterland,30066,Noosa,0.541375,Acceptable,Acceptable,0
317011445,Cambooya - Wyreema,30020,Condamine,1,Acceptable,Acceptable,0
317011446,Darling Heights,30020,Condamine,0.1047031,Acceptable,Acceptable,0
317011446,Darling Heights,30087,Toowoomba South,0.8952969,Acceptable,Acceptable,0
317011447,Drayton - Harristown,30020,Condamine,0.1609624,Acceptable,Acceptable,0
317011447,Drayton - Harristown,30087,Toowoomba South,0.8390376,Acceptable,Acceptable,0
317011448,Gatton,30043,Lockyer,1,Good,Acceptable,0
317011449,Gowrie (Qld),30020,Condamine,1,Acceptable,Acceptable,0
317011450,Highfields,30020,Condamine,0.1318306,Acceptable,Acceptable,0
317011450,Highfields,30086,Toowoomba North,0.8681694,Good,Acceptable,0
317011451,Lockyer Valley - West,30043,Lockyer,1,Good,Acceptable,0
317011452,Middle Ridge,30087,Toowoomba South,1,Acceptable,Acceptable,0
317011453,Newtown (Qld),30087,Toowoomba South,0.1364657,Acceptable,Acceptable,0
317011453,Newtown (Qld),30086,Toowoomba North,0.8635343,Good,Acceptable,0
317011454,North Toowoomba - Harlaxton,30086,Toowoomba North,1,Good,Acceptable,0
317011455,Rangeville,30087,Toowoomba South,1,Acceptable,Acceptable,0
317011456,Toowoomba - Central,30086,Toowoomba North,0.1632665,Good,Acceptable,0
317011456,Toowoomba - Central,30087,Toowoomba South,0.8367335,Acceptable,Acceptable,0
317011457,Toowoomba - East,30086,Toowoomba North,1,Good,Acceptable,0
317011458,Toowoomba - West,30087,Toowoomba South,0.3773926,Acceptable,Acceptable,0
317011458,Toowoomba - West,30020,Condamine,0.6226074,Acceptable,Acceptable,0
317011459,Wilsonton,30086,Toowoomba North,1,Good,Acceptable,0
318011460,Ayr,30011,Burdekin,1,Good,Acceptable,0
318011461,Burdekin,30011,Burdekin,1,Good,Acceptable,0
318011462,Charters Towers,30089,Traeger,1,Good,Acceptable,0
318011463,Dalrymple,30089,Traeger,1,Good,Acceptable,0
318011464,Ingham,30035,Hinchinbrook,1,Good,Acceptable,0
318011465,Ingham Surrounds,30088,Townsville,1.60E-06,Good,Acceptable,1
318011465,Ingham Surrounds,30035,Hinchinbrook,0.9999984,Good,Acceptable,0
318011466,Palm Island,30088,Townsville,1,Good,Acceptable,0
318021467,Aitkenvale,30061,Mundingburra,1,Good,Acceptable,0
318021468,Annandale (Qld),30061,Mundingburra,1,Good,Acceptable,0
318021469,Belgian Gardens - Pallarenda,30088,Townsville,1,Good,Acceptable,0
318021470,Bohle Plains,30084,Thuringowa,0.4682415,Good,Acceptable,0
318021470,Bohle Plains,30035,Hinchinbrook,0.5317585,Good,Acceptable,0
318021471,Condon - Rasmussen,30084,Thuringowa,1,Good,Acceptable,0
318021472,Cranbrook,30061,Mundingburra,1,Good,Acceptable,0
318021474,Douglas,30011,Burdekin,0.0121068,Good,Acceptable,0
318021474,Douglas,30061,Mundingburra,0.9878932,Good,Acceptable,0
318021475,Garbutt - West End,30088,Townsville,1,Good,Acceptable,0
318021476,Gulliver - Currajong - Vincent,30088,Townsville,0.3273668,Good,Acceptable,0
318021476,Gulliver - Currajong - Vincent,30061,Mundingburra,0.6726332,Good,Acceptable,0
318021477,Heatley,30084,Thuringowa,1,Good,Acceptable,0
318021478,Hermit Park - Rosslea,30061,Mundingburra,0.12273,Good,Acceptable,0
318021478,Hermit Park - Rosslea,30088,Townsville,0.87727,Good,Acceptable,0
318021479,Hyde Park - Pimlico,30061,Mundingburra,0.0329317,Good,Acceptable,0
318021479,Hyde Park - Pimlico,30088,Townsville,0.9670683,Good,Acceptable,0
318021480,Kelso,30084,Thuringowa,1,Good,Acceptable,0
318021481,Kirwan - East,30084,Thuringowa,1,Good,Acceptable,0
318021482,Kirwan - West,30084,Thuringowa,1,Good,Acceptable,0
318021483,Magnetic Island,30088,Townsville,1,Good,Acceptable,0
318021484,Mount Louisa,30088,Townsville,1,Good,Acceptable,0
318021485,Mundingburra,30061,Mundingburra,1,Good,Acceptable,0
318021486,Northern Beaches,30035,Hinchinbrook,1,Good,Acceptable,0
318021487,Oonoonba,30061,Mundingburra,1,Good,Acceptable,0
318021488,South Townsville - Railway Estate,30088,Townsville,1,Good,Acceptable,0
318021489,Townsville - South,30011,Burdekin,1,Good,Acceptable,0
318021490,Townsville City - North Ward,30088,Townsville,1,Good,Acceptable,0
318021491,Wulguru - Roseneath,30061,Mundingburra,1,Good,Acceptable,0
318021582,Burdell - Mount Low,30035,Hinchinbrook,1,Good,Acceptable,0
318021583,Deeragun - Jensen,30035,Hinchinbrook,1,Good,Acceptable,0
319011492,Ashfield - Kepnock,30009,Bundaberg,1,Good,Acceptable,0
319011493,Bargara - Burnett Heads,30013,Burnett,1,Good,Acceptable,0
319011494,Branyan - Kensington,30013,Burnett,0.3900055,Good,Acceptable,0
319011494,Branyan - Kensington,30009,Bundaberg,0.6099945,Good,Acceptable,0
319011495,Bundaberg,30009,Bundaberg,1,Good,Acceptable,0
319011496,Bundaberg East - Kalkie,30009,Bundaberg,1,Good,Acceptable,0
319011497,Bundaberg North - Gooburrum,30013,Burnett,0.2814271,Good,Acceptable,0
319011497,Bundaberg North - Gooburrum,30009,Bundaberg,0.7185729,Good,Acceptable,0
319011498,Bundaberg Surrounds - North,30015,Callide,0.0036644,Acceptable,Acceptable,1
319011498,Bundaberg Surrounds - North,30013,Burnett,0.9963356,Good,Acceptable,0
319011499,Bundaberg Surrounds - South,30013,Burnett,1,Good,Acceptable,0
319011500,Millbank - Avoca,30009,Bundaberg,1,Good,Acceptable,0
319011501,Svensson Heights - Norville,30009,Bundaberg,1,Good,Acceptable,0
319011502,Walkervale - Avenell Heights,30009,Bundaberg,1,Good,Acceptable,0
319021503,Gayndah - Mundubbera,30015,Callide,1,Acceptable,Acceptable,0
319021504,Gin Gin,30013,Burnett,0.0155897,Good,Acceptable,0
319021504,Gin Gin,30015,Callide,0.9844103,Acceptable,Acceptable,0
319021505,Kingaroy,30063,Nanango,1,Good,Acceptable,0
319021506,Kingaroy Surrounds - North,30063,Nanango,1,Good,Acceptable,0
319021507,Kingaroy Surrounds - South,30063,Nanango,1,Good,Acceptable,0
319021508,Monto - Eidsvold,30015,Callide,1,Acceptable,Acceptable,0
319021509,Nanango,30063,Nanango,1,Good,Acceptable,0
319021510,North Burnett,30015,Callide,1,Acceptable,Acceptable,0
319031511,Cooloola,30032,Gympie,1,Good,Acceptable,0
319031512,Gympie - North,30032,Gympie,1,Good,Acceptable,0
319031513,Gympie - South,30032,Gympie,1,Good,Acceptable,0
319031514,Gympie Surrounds,30032,Gympie,1,Good,Acceptable,0
319031515,Kilkivan,30032,Gympie,0.357069,Good,Acceptable,0
319031515,Kilkivan,30063,Nanango,0.642931,Good,Acceptable,0
319041516,Booral - River Heads,30051,Maryborough,0.3654139,Good,Acceptable,0
319041516,Booral - River Heads,30033,Hervey Bay,0.6345861,Good,Acceptable,0
319041517,Craignish - Dundowran Beach,30051,Maryborough,1,Good,Acceptable,0
319041518,Pialba - Eli Waters,30051,Maryborough,0.085995,Good,Acceptable,0
319041518,Pialba - Eli Waters,30033,Hervey Bay,0.914005,Good,Acceptable,0
319041519,Point Vernon,30033,Hervey Bay,1,Good,Acceptable,0
319041520,Torquay - Scarness - Kawungan,30033,Hervey Bay,1,Good,Acceptable,0
319041521,Urangan - Wondunna,30033,Hervey Bay,1,Good,Acceptable,0
319051522,Burrum - Fraser,30033,Hervey Bay,0.0146809,Good,Acceptable,0
319051522,Burrum - Fraser,30051,Maryborough,0.9853191,Good,Acceptable,0
319051523,Granville,30051,Maryborough,1,Good,Acceptable,0
319051524,Maryborough (Qld),30051,Maryborough,1,Good,Acceptable,0
319051525,Maryborough Surrounds - South,30032,Gympie,0.3748493,Good,Acceptable,0
319051525,Maryborough Surrounds - South,30051,Maryborough,0.6251507,Good,Acceptable,0
319051526,Tinana,30051,Maryborough,1,Good,Acceptable,0
397979799,Migratory - Offshore - Shipping (Qld),39797,Migratory - Offshore - Shipping (Qld),1,Good,Good,0
399999499,No usual address (Qld),39494,No usual address (Qld),1,Good,Good,0
401011001,Adelaide,40001,Adelaide,1,Acceptable,Acceptable,0
401011002,North Adelaide,40001,Adelaide,1,Acceptable,Acceptable,0
401021003,Adelaide Hills,40040,Schubert,1,Acceptable,Acceptable,0
401021004,Aldgate - Stirling,40045,Waite,0.000275,Acceptable,Acceptable,1
401021004,Aldgate - Stirling,40022,Heysen,0.999725,Acceptable,Acceptable,0
401021005,Hahndorf - Echunga,40022,Heysen,1,Acceptable,Acceptable,0
401021006,Lobethal - Woodside,40022,Heysen,0.0242308,Acceptable,Acceptable,0
401021006,Lobethal - Woodside,40025,Kavel,0.9757692,Good,Acceptable,0
401021007,Mount Barker,40025,Kavel,1,Good,Acceptable,0
401021008,Mount Barker Surrounds,40040,Schubert,0.0010231,Acceptable,Acceptable,1
401021008,Mount Barker Surrounds,40020,Hammond,0.2247927,Acceptable,Acceptable,0
401021008,Mount Barker Surrounds,40025,Kavel,0.2331016,Good,Acceptable,0
401021008,Mount Barker Surrounds,40022,Heysen,0.5410826,Acceptable,Acceptable,0
401021009,Nairne,40025,Kavel,1,Good,Acceptable,0
401021010,Uraidla - Summertown,40025,Kavel,0.0031402,Good,Acceptable,1
401021010,Uraidla - Summertown,40004,Bragg,0.0791385,Acceptable,Acceptable,0
401021010,Uraidla - Summertown,40031,Morialta,0.3059588,Poor,Acceptable,0
401021010,Uraidla - Summertown,40022,Heysen,0.6117624,Acceptable,Acceptable,0
401031011,Burnside - Wattle Park,40021,Hartley,0.0779923,Poor,Acceptable,0
401031011,Burnside - Wattle Park,40031,Morialta,0.0899305,Poor,Acceptable,0
401031011,Burnside - Wattle Park,40010,Dunstan,0.351618,Acceptable,Acceptable,0
401031011,Burnside - Wattle Park,40004,Bragg,0.4804592,Acceptable,Acceptable,0
401031012,Beaumont - Glen Osmond,40004,Bragg,1,Acceptable,Acceptable,0
401031013,Toorak Gardens,40004,Bragg,1,Acceptable,Acceptable,0
401041014,Athelstone,40031,Morialta,1,Poor,Acceptable,0
401041015,Paradise - Newton,40031,Morialta,0.2378091,Poor,Acceptable,0
401041015,Paradise - Newton,40021,Hartley,0.7621909,Poor,Acceptable,0
401041016,Rostrevor - Magill,40031,Morialta,0.4489568,Poor,Acceptable,0
401041016,Rostrevor - Magill,40021,Hartley,0.5510432,Poor,Acceptable,0
401051017,Norwood (SA),40004,Bragg,0.1155709,Acceptable,Acceptable,0
401051017,Norwood (SA),40010,Dunstan,0.8844291,Acceptable,Acceptable,0
401051018,Payneham - Felixstow,40021,Hartley,0.3489724,Poor,Acceptable,0
401051018,Payneham - Felixstow,40010,Dunstan,0.6510276,Acceptable,Acceptable,0
401051019,St Peters - Marden,40010,Dunstan,1,Acceptable,Acceptable,0
401061020,Nailsworth - Broadview,40001,Adelaide,0.3730134,Acceptable,Acceptable,0
401061020,Nailsworth - Broadview,40013,Enfield,0.6269866,Poor,Acceptable,0
401061021,Prospect,40013,Enfield,0.1477375,Poor,Acceptable,0
401061021,Prospect,40008,Croydon,0.1495089,Poor,Acceptable,0
401061021,Prospect,40001,Adelaide,0.7027535,Acceptable,Acceptable,0
401061022,Walkerville,40043,Torrens,0.3056747,Acceptable,Acceptable,0
401061022,Walkerville,40001,Adelaide,0.6943253,Acceptable,Acceptable,0
401071023,Goodwood - Millswood,40011,Elder,0.1501341,Acceptable,Acceptable,0
401071023,Goodwood - Millswood,40002,Badcoe,0.3077593,Poor,Acceptable,0
401071023,Goodwood - Millswood,40044,Unley,0.5421065,Acceptable,Acceptable,0
401071024,Unley - Parkside,40044,Unley,1,Acceptable,Acceptable,0
402011025,Gawler - North,40040,Schubert,0.0071471,Acceptable,Acceptable,1
402011025,Gawler - North,40017,Frome,0.1219069,Acceptable,Acceptable,0
402011025,Gawler - North,40028,Light,0.870946,Acceptable,Acceptable,0
402011026,Gawler - South,40040,Schubert,0.0257396,Acceptable,Acceptable,0
402011026,Gawler - South,40028,Light,0.9742604,Acceptable,Acceptable,0
402011027,Lewiston - Two Wells,40017,Frome,1,Acceptable,Acceptable,0
402021028,Craigmore - Blakeview,40012,Elizabeth,1,Acceptable,Acceptable,0
402021029,Davoren Park,40042,Taylor,1,Acceptable,Acceptable,0
402021030,Elizabeth,40038,Ramsay,0.4227201,Poor,Acceptable,0
402021030,Elizabeth,40012,Elizabeth,0.5772799,Acceptable,Acceptable,0
402021031,Elizabeth East,40026,King,0.3571567,Acceptable,Acceptable,0
402021031,Elizabeth East,40012,Elizabeth,0.6428433,Acceptable,Acceptable,0
402021032,Munno Para West - Angle Vale,40028,Light,0.3183235,Acceptable,Acceptable,0
402021032,Munno Para West - Angle Vale,40042,Taylor,0.6816765,Acceptable,Acceptable,0
402021033,One Tree Hill,40028,Light,0.0332273,Acceptable,Acceptable,0
402021033,One Tree Hill,40026,King,0.4711778,Acceptable,Acceptable,0
402021033,One Tree Hill,40040,Schubert,0.4955949,Acceptable,Acceptable,0
402021034,Smithfield - Elizabeth North,40028,Light,0.1165536,Acceptable,Acceptable,0
402021034,Smithfield - Elizabeth North,40012,Elizabeth,0.4152142,Acceptable,Acceptable,0
402021034,Smithfield - Elizabeth North,40042,Taylor,0.4682322,Acceptable,Acceptable,0
402021035,Virginia - Waterloo Corner,40042,Taylor,1,Acceptable,Acceptable,0
402031036,Enfield - Blair Athol,40037,Port Adelaide,0.0090909,Good,Acceptable,1
402031036,Enfield - Blair Athol,40008,Croydon,0.2206263,Poor,Acceptable,0
402031036,Enfield - Blair Athol,40013,Enfield,0.7702829,Poor,Acceptable,0
402031038,Windsor Gardens,40013,Enfield,0.0045745,Poor,Acceptable,1
402031038,Windsor Gardens,40043,Torrens,0.9954255,Acceptable,Acceptable,0
402031175,Northgate - Northfield,40043,Torrens,0.1975949,Acceptable,Acceptable,0
402031175,Northgate - Northfield,40013,Enfield,0.8024051,Poor,Acceptable,0
402031176,Valley View - Gilles Plains,40043,Torrens,1,Acceptable,Acceptable,0
402041039,Dry Creek - North,40037,Port Adelaide,0.00012,Good,Acceptable,1
402041039,Dry Creek - North,40042,Taylor,0.99988,Acceptable,Acceptable,0
402041040,Ingle Farm,40013,Enfield,0.1992168,Poor,Acceptable,0
402041040,Ingle Farm,40016,Florey,0.8007832,Acceptable,Acceptable,0
402041041,Para Hills,40047,Wright,0.3308572,Poor,Acceptable,0
402041041,Para Hills,40016,Florey,0.6691428,Acceptable,Acceptable,0
402041042,Parafield,40016,Florey,1,Acceptable,Acceptable,0
402041043,Parafield Gardens,40036,Playford,1,Poor,Acceptable,0
402041044,Paralowie,40042,Taylor,0.0176436,Acceptable,Acceptable,0
402041044,Paralowie,40038,Ramsay,0.3759311,Poor,Acceptable,0
402041044,Paralowie,40036,Playford,0.6064253,Poor,Acceptable,0
402041046,Salisbury,40036,Playford,0.3383299,Poor,Acceptable,0
402041046,Salisbury,40038,Ramsay,0.6616701,Poor,Acceptable,0
402041047,Salisbury East,40038,Ramsay,0.0719691,Poor,Acceptable,0
402041047,Salisbury East,40047,Wright,0.3663377,Poor,Acceptable,0
402041047,Salisbury East,40026,King,0.5616932,Acceptable,Acceptable,0
402041048,Salisbury North,40042,Taylor,0.0200321,Acceptable,Acceptable,0
402041048,Salisbury North,40038,Ramsay,0.9799679,Poor,Acceptable,0
402041171,Mawson Lakes - Globe Derby Park,40042,Taylor,0.0262448,Acceptable,Acceptable,0
402041171,Mawson Lakes - Globe Derby Park,40036,Playford,0.4009357,Poor,Acceptable,0
402041171,Mawson Lakes - Globe Derby Park,40016,Florey,0.5728194,Acceptable,Acceptable,0
402041172,Pooraka - Cavan,40037,Port Adelaide,0.0039667,Good,Acceptable,1
402041172,Pooraka - Cavan,40016,Florey,0.9960333,Acceptable,Acceptable,0
402051049,Golden Grove,40026,King,1,Acceptable,Acceptable,0
402051050,Greenwith,40026,King,1,Acceptable,Acceptable,0
402051051,Highbury - Dernancourt,40021,Hartley,0.3691947,Poor,Acceptable,0
402051051,Highbury - Dernancourt,40031,Morialta,0.6308053,Poor,Acceptable,0
402051052,Hope Valley - Modbury,40031,Morialta,6.00E-07,Poor,Acceptable,1
402051052,Hope Valley - Modbury,40043,Torrens,0.2116582,Acceptable,Acceptable,0
402051052,Hope Valley - Modbury,40035,Newland,0.7883412,Poor,Acceptable,0
402051053,Modbury Heights,40026,King,0.0006245,Acceptable,Acceptable,1
402051053,Modbury Heights,40035,Newland,0.1655195,Poor,Acceptable,0
402051053,Modbury Heights,40047,Wright,0.8338561,Poor,Acceptable,0
402051054,Redwood Park,40040,Schubert,0.009642,Acceptable,Acceptable,1
402051054,Redwood Park,40026,King,0.0336555,Acceptable,Acceptable,0
402051054,Redwood Park,40035,Newland,0.4550651,Poor,Acceptable,0
402051054,Redwood Park,40047,Wright,0.5016374,Poor,Acceptable,0
402051055,St Agnes - Ridgehaven,40040,Schubert,0.0069116,Acceptable,Acceptable,1
402051055,St Agnes - Ridgehaven,40031,Morialta,0.0780772,Poor,Acceptable,0
402051055,St Agnes - Ridgehaven,40035,Newland,0.9150112,Poor,Acceptable,0
403011056,Brighton (SA),40003,Black,0.3636856,Acceptable,Acceptable,0
403011056,Brighton (SA),40018,Gibson,0.6363144,Poor,Acceptable,0
403011057,Glenelg (SA),40018,Gibson,0.2679337,Poor,Acceptable,0
403011057,Glenelg (SA),40032,Morphett,0.7320663,Poor,Acceptable,0
403021058,Edwardstown,40011,Elder,0.177998,Acceptable,Acceptable,0
403021058,Edwardstown,40002,Badcoe,0.822002,Poor,Acceptable,0
403021059,Hallett Cove,40003,Black,1,Acceptable,Acceptable,0
403021060,Marino - Seaview Downs,40009,Davenport,0.2227942,Acceptable,Acceptable,0
403021060,Marino - Seaview Downs,40003,Black,0.7772058,Acceptable,Acceptable,0
403021061,Mitchell Park,40009,Davenport,0.0005463,Acceptable,Acceptable,1
403021061,Mitchell Park,40018,Gibson,0.4181407,Poor,Acceptable,0
403021061,Mitchell Park,40011,Elder,0.5813131,Acceptable,Acceptable,0
403021062,Morphettville,40002,Badcoe,0.2338114,Poor,Acceptable,0
403021062,Morphettville,40032,Morphett,0.7661886,Poor,Acceptable,0
403021063,Sheidow Park - Trott Park,40009,Davenport,0.035085,Acceptable,Acceptable,0
403021063,Sheidow Park - Trott Park,40003,Black,0.964915,Acceptable,Acceptable,0
403021064,Warradale,40018,Gibson,1,Poor,Acceptable,0
403031065,Belair,40004,Bragg,0.0075955,Acceptable,Acceptable,1
403031065,Belair,40022,Heysen,0.0164204,Acceptable,Acceptable,0
403031065,Belair,40045,Waite,0.975984,Acceptable,Acceptable,0
403031066,Bellevue Heights,40009,Davenport,0.2461739,Acceptable,Acceptable,0
403031066,Bellevue Heights,40045,Waite,0.7538261,Acceptable,Acceptable,0
403031067,Blackwood,40045,Waite,1,Acceptable,Acceptable,0
403031068,Colonel Light Gardens,40011,Elder,1,Acceptable,Acceptable,0
403031069,Mitcham (SA),40044,Unley,0.444605,Acceptable,Acceptable,0
403031069,Mitcham (SA),40045,Waite,0.555395,Acceptable,Acceptable,0
403031070,Panorama,40011,Elder,1,Acceptable,Acceptable,0
403041071,Aberfoyle Park,40009,Davenport,1,Acceptable,Acceptable,0
403041072,Aldinga,40030,Mawson,1,Good,Acceptable,0
403041073,Christie Downs,40039,Reynell,0.2219044,Acceptable,Acceptable,0
403041073,Christie Downs,40024,Kaurna,0.7780956,Acceptable,Acceptable,0
403041074,Christies Beach,40039,Reynell,0.2879122,Acceptable,Acceptable,0
403041074,Christies Beach,40024,Kaurna,0.7120878,Acceptable,Acceptable,0
403041075,Clarendon,40022,Heysen,1,Acceptable,Acceptable,0
403041076,Coromandel Valley,40009,Davenport,0.0219207,Acceptable,Acceptable,0
403041076,Coromandel Valley,40045,Waite,0.9780793,Acceptable,Acceptable,0
403041077,Flagstaff Hill,40009,Davenport,1,Acceptable,Acceptable,0
403041078,Hackham - Onkaparinga Hills,40023,Hurtle Vale,1,Acceptable,Acceptable,0
403041079,Hackham West - Huntfield Heights,40023,Hurtle Vale,1,Acceptable,Acceptable,0
403041080,Happy Valley,40023,Hurtle Vale,0.3296754,Acceptable,Acceptable,0
403041080,Happy Valley,40009,Davenport,0.6703246,Acceptable,Acceptable,0
403041081,Happy Valley Reservoir,40009,Davenport,1,Acceptable,Acceptable,0
403041082,Lonsdale,40039,Reynell,1,Acceptable,Acceptable,0
403041083,McLaren Vale,40022,Heysen,0.0470467,Acceptable,Acceptable,0
403041083,McLaren Vale,40024,Kaurna,0.1465972,Acceptable,Acceptable,0
403041083,McLaren Vale,40030,Mawson,0.8063561,Good,Acceptable,0
403041084,Morphett Vale - East,40023,Hurtle Vale,0.1518562,Acceptable,Acceptable,0
403041084,Morphett Vale - East,40039,Reynell,0.8481438,Acceptable,Acceptable,0
403041085,Morphett Vale - West,40039,Reynell,1,Acceptable,Acceptable,0
403041086,Reynella,40023,Hurtle Vale,0.1939352,Acceptable,Acceptable,0
403041086,Reynella,40039,Reynell,0.8060648,Acceptable,Acceptable,0
403041088,Willunga,40022,Heysen,0.0293218,Acceptable,Acceptable,0
403041088,Willunga,40030,Mawson,0.9706782,Good,Acceptable,0
403041089,Woodcroft,40023,Hurtle Vale,1,Acceptable,Acceptable,0
403041177,Seaford - Seaford Meadows,40024,Kaurna,1,Acceptable,Acceptable,0
403041178,Seaford Rise - Moana,40030,Mawson,0.113454,Good,Acceptable,0
403041178,Seaford Rise - Moana,40024,Kaurna,0.886546,Acceptable,Acceptable,0
404011090,Beverley,40006,Cheltenham,1,Acceptable,Acceptable,0
404011091,Flinders Park,40007,Colton,0.2356254,Poor,Acceptable,0
404011091,Flinders Park,40046,West Torrens,0.3349388,Poor,Acceptable,0
404011091,Flinders Park,40006,Cheltenham,0.4294358,Acceptable,Acceptable,0
404011092,Henley Beach,40007,Colton,1,Poor,Acceptable,0
404011093,Hindmarsh - Brompton,40001,Adelaide,0.0277766,Acceptable,Acceptable,0
404011093,Hindmarsh - Brompton,40046,West Torrens,0.2471635,Poor,Acceptable,0
404011093,Hindmarsh - Brompton,40008,Croydon,0.7250599,Poor,Acceptable,0
404011094,Royal Park - Hendon - Albert Park,40027,Lee,1,Acceptable,Acceptable,0
404011095,Seaton - Grange,40007,Colton,0.3261198,Poor,Acceptable,0
404011095,Seaton - Grange,40027,Lee,0.6738802,Acceptable,Acceptable,0
404011096,West Lakes,40027,Lee,1,Acceptable,Acceptable,0
404011097,Woodville - Cheltenham,40008,Croydon,0.0961941,Poor,Acceptable,0
404011097,Woodville - Cheltenham,40006,Cheltenham,0.9038059,Acceptable,Acceptable,0
404021098,Dry Creek - South,40037,Port Adelaide,1,Good,Acceptable,0
404021099,Largs Bay - Semaphore,40037,Port Adelaide,1,Good,Acceptable,0
404021100,North Haven,40037,Port Adelaide,1,Good,Acceptable,0
404021101,Port Adelaide,40006,Cheltenham,0.4962275,Acceptable,Acceptable,0
404021101,Port Adelaide,40037,Port Adelaide,0.5037725,Good,Acceptable,0
404021102,The Parks,40037,Port Adelaide,0.0215591,Good,Acceptable,0
404021102,The Parks,40008,Croydon,0.9784409,Poor,Acceptable,0
404021103,Torrens Island,40037,Port Adelaide,1,Good,Acceptable,0
404031104,Adelaide Airport,40007,Colton,1,Poor,Acceptable,0
404031105,Fulham,40007,Colton,1,Poor,Acceptable,0
404031106,Lockleys,40007,Colton,0.2835051,Poor,Acceptable,0
404031106,Lockleys,40046,West Torrens,0.7164949,Poor,Acceptable,0
404031107,Plympton,40032,Morphett,0.2721459,Poor,Acceptable,0
404031107,Plympton,40002,Badcoe,0.7278541,Poor,Acceptable,0
404031108,Richmond (SA),40046,West Torrens,1,Poor,Acceptable,0
404031109,West Beach,40007,Colton,1,Poor,Acceptable,0
405011110,Barossa - Angaston,40040,Schubert,1,Acceptable,Acceptable,0
405011111,Light,40040,Schubert,0.245574,Acceptable,Acceptable,0
405011111,Light,40017,Frome,0.754426,Acceptable,Acceptable,0
405011112,Lyndoch,40040,Schubert,1,Acceptable,Acceptable,0
405011113,Mallala,40017,Frome,1,Acceptable,Acceptable,0
405011114,Nuriootpa,40040,Schubert,1,Acceptable,Acceptable,0
405011115,Tanunda,40040,Schubert,1,Acceptable,Acceptable,0
405021116,Clare,40017,Frome,1,Acceptable,Acceptable,0
405021117,Gilbert Valley,40017,Frome,1,Acceptable,Acceptable,0
405021118,Goyder,40017,Frome,1,Acceptable,Acceptable,0
405021119,Wakefield - Barunga West,40017,Frome,0.4201785,Acceptable,Acceptable,0
405021119,Wakefield - Barunga West,40034,Narungga,0.5798215,Good,Acceptable,0
405031120,Jamestown,40041,Stuart,0.4852292,Acceptable,Acceptable,0
405031120,Jamestown,40017,Frome,0.5147708,Acceptable,Acceptable,0
405031121,Peterborough - Mount Remarkable,40041,Stuart,1,Acceptable,Acceptable,0
405031122,Port Pirie,40041,Stuart,1,Acceptable,Acceptable,0
405031123,Port Pirie Surrounds,40034,Narungga,0.1036841,Good,Acceptable,0
405031123,Port Pirie Surrounds,40041,Stuart,0.8963159,Acceptable,Acceptable,0
405041124,Kadina,40034,Narungga,1,Good,Acceptable,0
405041125,Moonta,40034,Narungga,1,Good,Acceptable,0
405041126,Wallaroo,40034,Narungga,1,Good,Acceptable,0
405041127,Yorke Peninsula - North,40034,Narungga,1,Good,Acceptable,0
405041128,Yorke Peninsula - South,40034,Narungga,1,Good,Acceptable,0
406011129,Ceduna,40015,Flinders,1,Good,Acceptable,0
406011130,Eyre Peninsula,40015,Flinders,1,Good,Acceptable,0
406011131,Kimba - Cleve - Franklin Harbour,40019,Giles,0.0225182,Good,Acceptable,0
406011131,Kimba - Cleve - Franklin Harbour,40015,Flinders,0.9774818,Good,Acceptable,0
406011132,Le Hunte - Elliston,40015,Flinders,1,Good,Acceptable,0
406011133,Port Lincoln,40015,Flinders,1,Good,Acceptable,0
406011134,West Coast (SA),40015,Flinders,1,Good,Acceptable,0
406011135,Western,40015,Flinders,1,Good,Acceptable,0
406011136,Whyalla,40019,Giles,1,Good,Acceptable,0
406011137,Whyalla - North,40019,Giles,1,Good,Acceptable,0
406021138,APY Lands,40019,Giles,1,Good,Acceptable,0
406021139,Coober Pedy,40019,Giles,1,Good,Acceptable,0
406021140,Quorn - Lake Gilles,40041,Stuart,0.0168644,Acceptable,Acceptable,0
406021140,Quorn - Lake Gilles,40019,Giles,0.9831356,Good,Acceptable,0
406021141,Outback,40015,Flinders,5.10E-06,Good,Acceptable,1
406021141,Outback,40005,Chaffey,0.0107738,Good,Acceptable,0
406021141,Outback,40041,Stuart,0.4779863,Acceptable,Acceptable,0
406021141,Outback,40019,Giles,0.5112347,Good,Acceptable,0
406021142,Port Augusta,40019,Giles,0.3010852,Good,Acceptable,0
406021142,Port Augusta,40041,Stuart,0.6989148,Acceptable,Acceptable,0
406021143,Roxby Downs,40019,Giles,1,Good,Acceptable,0
407011144,Goolwa - Port Elliot,40014,Finniss,1,Good,Acceptable,0
407011145,Kangaroo Island,40030,Mawson,1,Good,Acceptable,0
407011146,Strathalbyn,40022,Heysen,0.0189981,Acceptable,Acceptable,0
407011146,Strathalbyn,40020,Hammond,0.9810019,Acceptable,Acceptable,0
407011147,Strathalbyn Surrounds,40030,Mawson,0.0206017,Good,Acceptable,0
407011147,Strathalbyn Surrounds,40022,Heysen,0.1669612,Acceptable,Acceptable,0
407011147,Strathalbyn Surrounds,40020,Hammond,0.2150707,Acceptable,Acceptable,0
407011147,Strathalbyn Surrounds,40014,Finniss,0.5973664,Good,Acceptable,0
407011148,Victor Harbor,40014,Finniss,1,Good,Acceptable,0
407011149,Yankalilla,40014,Finniss,0.1378684,Good,Acceptable,0
407011149,Yankalilla,40030,Mawson,0.8621316,Good,Acceptable,0
407021150,Grant,40029,Mackillop,0.0122105,Good,Acceptable,0
407021150,Grant,40033,Mount Gambier,0.9877895,Good,Acceptable,0
407021151,Kingston - Robe,40029,Mackillop,1,Good,Acceptable,0
407021152,Millicent,40029,Mackillop,1,Good,Acceptable,0
407021154,Naracoorte,40029,Mackillop,1,Good,Acceptable,0
407021155,Naracoorte Surrounds,40029,Mackillop,1,Good,Acceptable,0
407021156,Penola,40029,Mackillop,1,Good,Acceptable,0
407021157,Tatiara,40029,Mackillop,1,Good,Acceptable,0
407021158,Wattle Range,40033,Mount Gambier,0.0031925,Good,Acceptable,1
407021158,Wattle Range,40029,Mackillop,0.9968075,Good,Acceptable,0
407021173,Mount Gambier - East,40033,Mount Gambier,1,Good,Acceptable,0
407021174,Mount Gambier - West,40033,Mount Gambier,1,Good,Acceptable,0
407031159,Barmera,40005,Chaffey,1,Good,Acceptable,0
407031160,Berri,40005,Chaffey,1,Good,Acceptable,0
407031161,Karoonda - Lameroo,40005,Chaffey,0.3252376,Good,Acceptable,0
407031161,Karoonda - Lameroo,40029,Mackillop,0.6747624,Good,Acceptable,0
407031162,Loxton,40005,Chaffey,1,Good,Acceptable,0
407031163,Loxton Surrounds,40005,Chaffey,1,Good,Acceptable,0
407031164,Mannum,40040,Schubert,0.0765887,Acceptable,Acceptable,0
407031164,Mannum,40005,Chaffey,0.3126462,Good,Acceptable,0
407031164,Mannum,40020,Hammond,0.610765,Acceptable,Acceptable,0
407031165,Murray Bridge,40020,Hammond,1,Acceptable,Acceptable,0
407031166,Murray Bridge Surrounds,40020,Hammond,1,Acceptable,Acceptable,0
407031167,Renmark,40005,Chaffey,1,Good,Acceptable,0
407031168,Renmark Surrounds,40005,Chaffey,1,Good,Acceptable,0
407031169,The Coorong,40029,Mackillop,1,Good,Acceptable,0
407031170,Waikerie,40017,Frome,0.020222,Acceptable,Acceptable,0
407031170,Waikerie,40040,Schubert,0.0758959,Acceptable,Acceptable,0
407031170,Waikerie,40005,Chaffey,0.9038821,Good,Acceptable,0
497979799,Migratory - Offshore - Shipping (SA),49797,Migratory - Offshore - Shipping (SA),1,Good,Good,0
499999499,No usual address (SA),49494,No usual address (SA),1,Good,Good,0
501011001,Augusta,50058,Warren-Blackwood,1,Good,Acceptable,0
501011003,Busselton Surrounds,50055,Vasse,1,Good,Acceptable,0
501011004,Margaret River,50058,Warren-Blackwood,1,Good,Acceptable,0
501011293,Busselton - East,50055,Vasse,1,Good,Acceptable,0
501011294,Busselton - West,50055,Vasse,1,Good,Acceptable,0
501021005,Australind - Leschenault,50017,Collie-Preston,0.4104508,Acceptable,Acceptable,0
501021005,Australind - Leschenault,50041,Murray-Wellington,0.5895492,Acceptable,Acceptable,0
501021007,Capel,50055,Vasse,0.1811987,Good,Acceptable,0
501021007,Capel,50017,Collie-Preston,0.8188013,Acceptable,Acceptable,0
501021008,College Grove - Carey Park,50010,Bunbury,1,Good,Acceptable,0
501021009,Collie,50017,Collie-Preston,1,Acceptable,Acceptable,0
501021010,Dardanup,50017,Collie-Preston,1,Acceptable,Acceptable,0
501021011,Davenport,50010,Bunbury,1,Good,Acceptable,0
501021012,Eaton - Pelican Point,50010,Bunbury,0.0742403,Good,Acceptable,0
501021012,Eaton - Pelican Point,50017,Collie-Preston,0.9257597,Acceptable,Acceptable,0
501021014,Harvey,50041,Murray-Wellington,1,Acceptable,Acceptable,0
501021015,East Bunbury - Glen Iris,50010,Bunbury,1,Good,Acceptable,0
501021016,Waroona,50041,Murray-Wellington,1,Acceptable,Acceptable,0
501021251,Dalyellup,50010,Bunbury,1,Good,Acceptable,0
501021252,Gelorup - Stratham,50010,Bunbury,0.4889351,Good,Acceptable,0
501021252,Gelorup - Stratham,50017,Collie-Preston,0.5110649,Acceptable,Acceptable,0
501021253,South Bunbury - Bunbury,50010,Bunbury,1,Good,Acceptable,0
501021254,Withers - Usher,50010,Bunbury,1,Good,Acceptable,0
501031017,Bridgetown - Boyup Brook,50058,Warren-Blackwood,1,Good,Acceptable,0
501031018,Donnybrook - Balingup,50017,Collie-Preston,1,Acceptable,Acceptable,0
501031019,Manjimup,50058,Warren-Blackwood,1,Good,Acceptable,0
501031020,Pemberton,50058,Warren-Blackwood,1,Good,Acceptable,0
502011021,Dawesville - Bouvard,50020,Dawesville,1,Good,Acceptable,0
502011022,Falcon - Wannanup,50020,Dawesville,1,Good,Acceptable,0
502011023,Greenfields,50034,Mandurah,1,Acceptable,Acceptable,0
502011024,Halls Head - Erskine,50020,Dawesville,1,Good,Acceptable,0
502011025,Mandurah,50034,Mandurah,1,Acceptable,Acceptable,0
502011026,Mandurah - East,50041,Murray-Wellington,1,Acceptable,Acceptable,0
502011027,Mandurah - North,50041,Murray-Wellington,0.0219684,Acceptable,Acceptable,0
502011027,Mandurah - North,50050,Secret Harbour,0.4704582,Acceptable,Acceptable,0
502011027,Mandurah - North,50034,Mandurah,0.5075733,Acceptable,Acceptable,0
502011028,Mandurah - South,50034,Mandurah,1,Acceptable,Acceptable,0
502011029,Pinjarra,50041,Murray-Wellington,1,Acceptable,Acceptable,0
503011030,City Beach,50015,Churchlands,0.4634059,Acceptable,Acceptable,0
503011030,City Beach,50018,Cottesloe,0.5365941,Acceptable,Acceptable,0
503011031,Claremont (WA),50042,Nedlands,0.0538141,Acceptable,Acceptable,0
503011031,Claremont (WA),50018,Cottesloe,0.9461859,Acceptable,Acceptable,0
503011032,Cottesloe,50018,Cottesloe,1,Acceptable,Acceptable,0
503011033,Floreat,50042,Nedlands,0.4341246,Acceptable,Acceptable,0
503011033,Floreat,50015,Churchlands,0.5658754,Acceptable,Acceptable,0
503011034,Mosman Park - Peppermint Grove,50018,Cottesloe,1,Acceptable,Acceptable,0
503011035,Nedlands - Dalkeith - Crawley,50042,Nedlands,1,Acceptable,Acceptable,0
503011036,Swanbourne - Mount Claremont,50042,Nedlands,0.0352879,Acceptable,Acceptable,0
503011036,Swanbourne - Mount Claremont,50018,Cottesloe,0.9647121,Acceptable,Acceptable,0
503021037,Kings Park (WA),50044,Perth,1,Good,Acceptable,0
503021038,Mount Hawthorn - Leederville,50044,Perth,1,Good,Acceptable,0
503021039,Mount Lawley - Inglewood,50044,Perth,0.0045539,Good,Acceptable,1
503021039,Mount Lawley - Inglewood,50035,Maylands,0.3445661,Acceptable,Acceptable,0
503021039,Mount Lawley - Inglewood,50040,Mount Lawley,0.65088,Acceptable,Acceptable,0
503021040,North Perth,50040,Mount Lawley,0.1670482,Acceptable,Acceptable,0
503021040,North Perth,50044,Perth,0.8329518,Good,Acceptable,0
503021042,Subiaco - Shenton Park,50042,Nedlands,1,Acceptable,Acceptable,0
503021043,Wembley - West Leederville - Glendalough,50042,Nedlands,0.1340233,Acceptable,Acceptable,0
503021043,Wembley - West Leederville - Glendalough,50015,Churchlands,0.8659767,Acceptable,Acceptable,0
503021295,East Perth,50040,Mount Lawley,0.0275408,Acceptable,Acceptable,0
503021295,East Perth,50044,Perth,0.9724592,Good,Acceptable,0
503021296,Perth (North) - Highgate,50044,Perth,1,Good,Acceptable,0
503021297,Perth (West) - Northbridge,50042,Nedlands,0.306484,Acceptable,Acceptable,0
503021297,Perth (West) - Northbridge,50044,Perth,0.693516,Good,Acceptable,0
504011044,Bassendean - Eden Hill - Ashfield,50005,Bassendean,1,Poor,Acceptable,0
504011045,Bayswater - Embleton - Bedford,50005,Bassendean,0.0591148,Poor,Acceptable,0
504011045,Bayswater - Embleton - Bedford,50035,Maylands,0.9408852,Acceptable,Acceptable,0
504011046,Maylands,50040,Mount Lawley,0.0071604,Acceptable,Acceptable,1
504011046,Maylands,50035,Maylands,0.9928396,Acceptable,Acceptable,0
504011047,Morley,50040,Mount Lawley,0.0393193,Acceptable,Acceptable,0
504011047,Morley,50035,Maylands,0.1018421,Acceptable,Acceptable,0
504011047,Morley,50005,Bassendean,0.3418471,Poor,Acceptable,0
504011047,Morley,50039,Morley,0.5169915,Acceptable,Acceptable,0
504011048,Noranda,50039,Morley,1,Acceptable,Acceptable,0
504021049,Chidlow,50028,Kalamunda,1,Good,Acceptable,0
504021050,Glen Forrest - Darlington,50028,Kalamunda,1,Good,Acceptable,0
504021051,Helena Valley - Koongamia,50037,Midland,0.3955489,Acceptable,Acceptable,0
504021051,Helena Valley - Koongamia,50021,Forrestfield,0.6044511,Acceptable,Acceptable,0
504021052,Malmalling - Reservoir,50028,Kalamunda,1,Good,Acceptable,0
504021053,Mundaring,50028,Kalamunda,1,Good,Acceptable,0
504021054,Swan View - Greenmount - Midvale,50037,Midland,1,Acceptable,Acceptable,0
504031055,Avon Valley National Park,50053,Swan Hills,1,Acceptable,Acceptable,0
504031056,Ballajura,50059,West Swan,1,Acceptable,Acceptable,0
504031057,Beechboro,50059,West Swan,0.3006306,Acceptable,Acceptable,0
504031057,Beechboro,50005,Bassendean,0.6993694,Poor,Acceptable,0
504031058,Bullsbrook,50053,Swan Hills,1,Acceptable,Acceptable,0
504031060,Gidgegannup,50053,Swan Hills,1,Acceptable,Acceptable,0
504031061,Hazelmere - Guildford,50037,Midland,0.0013002,Acceptable,Acceptable,1
504031061,Hazelmere - Guildford,50021,Forrestfield,0.1569169,Acceptable,Acceptable,0
504031061,Hazelmere - Guildford,50007,Belmont,0.8417829,Good,Acceptable,0
504031062,Lockridge - Kiara,50005,Bassendean,0.4051417,Poor,Acceptable,0
504031062,Lockridge - Kiara,50037,Midland,0.5948583,Acceptable,Acceptable,0
504031063,Malaga,50059,West Swan,1,Acceptable,Acceptable,0
504031064,Melaleuca - Lexia,50059,West Swan,2.00E-05,Acceptable,Acceptable,1
504031064,Melaleuca - Lexia,50053,Swan Hills,0.99998,Acceptable,Acceptable,0
504031065,Middle Swan - Herne Hill,50053,Swan Hills,0.3447779,Acceptable,Acceptable,0
504031065,Middle Swan - Herne Hill,50037,Midland,0.6552221,Acceptable,Acceptable,0
504031066,Midland - Guildford,50037,Midland,1,Acceptable,Acceptable,0
504031067,Stratton - Jane Brook,50037,Midland,1,Acceptable,Acceptable,0
504031068,The Vines,50053,Swan Hills,1,Acceptable,Acceptable,0
504031069,Walyunga National Park,50053,Swan Hills,1,Acceptable,Acceptable,0
504031298,Aveley,50053,Swan Hills,1,Acceptable,Acceptable,0
504031299,Brabham - Henley Brook,50059,West Swan,1,Acceptable,Acceptable,0
504031300,Ellenbrook,50053,Swan Hills,0.4116909,Acceptable,Acceptable,0
504031300,Ellenbrook,50059,West Swan,0.5883091,Acceptable,Acceptable,0
505011070,Craigie - Beldon,50025,Hillarys,1,Good,Acceptable,0
505011071,Currambine - Kinross,50027,Joondalup,0.4934163,Acceptable,Acceptable,0
505011071,Currambine - Kinross,50038,Mindarie,0.5065837,Poor,Acceptable,0
505011072,Duncraig,50013,Carine,1,Acceptable,Acceptable,0
505011073,Greenwood - Warwick,50031,Kingsley,1,Good,Acceptable,0
505011074,Heathridge - Connolly,50027,Joondalup,1,Acceptable,Acceptable,0
505011075,Hillarys,50025,Hillarys,1,Good,Acceptable,0
505011076,Iluka - Burns Beach,50027,Joondalup,1,Acceptable,Acceptable,0
505011077,Joondalup - Edgewater,50027,Joondalup,1,Acceptable,Acceptable,0
505011078,Kingsley,50031,Kingsley,1,Good,Acceptable,0
505011079,Mullaloo - Kallaroo,50025,Hillarys,1,Good,Acceptable,0
505011080,Ocean Reef,50027,Joondalup,0.4852688,Acceptable,Acceptable,0
505011080,Ocean Reef,50025,Hillarys,0.5147312,Good,Acceptable,0
505011081,Padbury,50013,Carine,0.2239865,Acceptable,Acceptable,0
505011081,Padbury,50025,Hillarys,0.7760135,Good,Acceptable,0
505011082,Sorrento - Marmion,50013,Carine,1,Acceptable,Acceptable,0
505011083,Woodvale,50031,Kingsley,1,Good,Acceptable,0
505021084,Balcatta - Hamersley,50031,Kingsley,0.3245254,Good,Acceptable,0
505021084,Balcatta - Hamersley,50003,Balcatta,0.6754746,Acceptable,Acceptable,0
505021085,Balga - Mirrabooka,50024,Girrawheen,1,Good,Acceptable,0
505021087,Herdsman,50015,Churchlands,1,Acceptable,Acceptable,0
505021088,Innaloo - Doubleview,50015,Churchlands,0.301212,Acceptable,Acceptable,0
505021088,Innaloo - Doubleview,50049,Scarborough,0.698788,Poor,Acceptable,0
505021089,Karrinyup - Gwelup - Carine,50013,Carine,0.4487728,Acceptable,Acceptable,0
505021089,Karrinyup - Gwelup - Carine,50049,Scarborough,0.5512272,Poor,Acceptable,0
505021090,Nollamara - Westminster,50003,Balcatta,0.354286,Acceptable,Acceptable,0
505021090,Nollamara - Westminster,50039,Morley,0.645714,Acceptable,Acceptable,0
505021091,Osborne Park Industrial,50015,Churchlands,1,Acceptable,Acceptable,0
505021092,Scarborough,50015,Churchlands,0.072251,Acceptable,Acceptable,0
505021092,Scarborough,50049,Scarborough,0.927749,Poor,Acceptable,0
505021093,Stirling - Osborne Park,50003,Balcatta,1,Acceptable,Acceptable,0
505021094,Trigg - North Beach - Watermans Bay,50049,Scarborough,0.341898,Poor,Acceptable,0
505021094,Trigg - North Beach - Watermans Bay,50013,Carine,0.658102,Acceptable,Acceptable,0
505021095,Tuart Hill - Joondanna,50003,Balcatta,1,Acceptable,Acceptable,0
505021096,Wembley Downs - Churchlands - Woodlands,50015,Churchlands,1,Acceptable,Acceptable,0
505021097,Yokine - Coolbinia - Menora,50040,Mount Lawley,1,Acceptable,Acceptable,0
505021301,Dianella - North,50039,Morley,1,Acceptable,Acceptable,0
505021302,Dianella - South,50040,Mount Lawley,1,Acceptable,Acceptable,0
505031098,Alexander Heights - Koondoola,50024,Girrawheen,1,Good,Acceptable,0
505031099,Butler - Merriwa - Ridgewood,50038,Mindarie,0.3325134,Poor,Acceptable,0
505031099,Butler - Merriwa - Ridgewood,50011,Butler,0.6674866,Acceptable,Acceptable,0
505031100,Carramar,50057,Wanneroo,1,Good,Acceptable,0
505031101,Clarkson,50038,Mindarie,1,Poor,Acceptable,0
505031102,Girrawheen,50024,Girrawheen,1,Good,Acceptable,0
505031104,Marangaroo,50033,Landsdale,0.2871377,Good,Acceptable,0
505031104,Marangaroo,50024,Girrawheen,0.7128623,Good,Acceptable,0
505031105,Mindarie - Quinns Rocks - Jindalee,50011,Butler,0.1948568,Acceptable,Acceptable,0
505031105,Mindarie - Quinns Rocks - Jindalee,50038,Mindarie,0.8051432,Poor,Acceptable,0
505031106,Neerabup National Park,50011,Butler,0.0016611,Acceptable,Acceptable,1
505031106,Neerabup National Park,50038,Mindarie,0.9983389,Poor,Acceptable,0
505031107,Tapping - Ashby - Sinagra,50033,Landsdale,0.0214893,Good,Acceptable,0
505031107,Tapping - Ashby - Sinagra,50057,Wanneroo,0.9785107,Good,Acceptable,0
505031255,Alkimos - Eglinton,50011,Butler,1,Acceptable,Acceptable,0
505031256,Carabooda - Pinjar,50011,Butler,0.0246272,Acceptable,Acceptable,0
505031256,Carabooda - Pinjar,50057,Wanneroo,0.9753728,Good,Acceptable,0
505031257,Two Rocks,50011,Butler,1,Acceptable,Acceptable,0
505031258,Yanchep,50011,Butler,1,Acceptable,Acceptable,0
505031303,Hocking - Pearsall,50059,West Swan,0.0022819,Acceptable,Acceptable,1
505031303,Hocking - Pearsall,50033,Landsdale,0.9977181,Good,Acceptable,0
505031304,Landsdale,50033,Landsdale,1,Good,Acceptable,0
505031305,Madeley - Darch,50033,Landsdale,1,Good,Acceptable,0
505031306,Wanneroo - Sinagra,50057,Wanneroo,1,Good,Acceptable,0
506011110,Armadale - Wungong - Brookdale,50019,Darling Range,0.0102008,Acceptable,Acceptable,0
506011110,Armadale - Wungong - Brookdale,50043,Oakford,0.4132633,Poor,Acceptable,0
506011110,Armadale - Wungong - Brookdale,50002,Armadale,0.5765359,Acceptable,Acceptable,0
506011111,Ashendon - Lesley,50019,Darling Range,1,Acceptable,Acceptable,0
506011112,Camillo - Champion Lakes,50002,Armadale,1,Acceptable,Acceptable,0
506011114,Kelmscott,50002,Armadale,1,Acceptable,Acceptable,0
506011115,Mount Nasura - Mount Richon - Bedfordale,50019,Darling Range,0.4225911,Acceptable,Acceptable,0
506011115,Mount Nasura - Mount Richon - Bedfordale,50002,Armadale,0.5774089,Acceptable,Acceptable,0
506011116,Roleystone,50019,Darling Range,1,Acceptable,Acceptable,0
506011117,Seville Grove,50002,Armadale,1,Acceptable,Acceptable,0
506011307,Harrisdale,50026,Jandakot,0.1503684,Acceptable,Acceptable,0
506011307,Harrisdale,50043,Oakford,0.8496316,Poor,Acceptable,0
506011308,Piara Waters - Forrestdale,50043,Oakford,1,Poor,Acceptable,0
506021118,Belmont - Ascot - Redcliffe,50007,Belmont,1,Good,Acceptable,0
506021119,East Victoria Park - Carlisle,50056,Victoria Park,1,Good,Acceptable,0
506021120,Kewdale Commercial,50007,Belmont,1,Good,Acceptable,0
506021121,Perth Airport,50007,Belmont,1,Good,Acceptable,0
506021123,Victoria Park - Lathlain - Burswood,50051,South Perth,0.0170075,Good,Acceptable,0
506021123,Victoria Park - Lathlain - Burswood,50056,Victoria Park,0.9829925,Good,Acceptable,0
506021309,Cloverdale,50007,Belmont,1,Good,Acceptable,0
506021310,Kewdale,50007,Belmont,1,Good,Acceptable,0
506021311,Rivervale,50007,Belmont,1,Good,Acceptable,0
506031124,Bentley - Wilson - St James,50012,Cannington,0.1779626,Acceptable,Acceptable,0
506031124,Bentley - Wilson - St James,50056,Victoria Park,0.8220374,Good,Acceptable,0
506031125,Canning Vale - West,50026,Jandakot,1,Acceptable,Acceptable,0
506031126,Canning Vale Commercial,50026,Jandakot,1,Acceptable,Acceptable,0
506031127,Cannington - Queens Park,50012,Cannington,1,Acceptable,Acceptable,0
506031128,Parkwood - Ferndale - Lynwood,50046,Riverton,0.4278481,Good,Acceptable,0
506031128,Parkwood - Ferndale - Lynwood,50012,Cannington,0.5721519,Acceptable,Acceptable,0
506031129,Riverton - Shelley - Rossmoyne,50046,Riverton,1,Good,Acceptable,0
506031130,Welshpool,50012,Cannington,1.00E-07,Acceptable,Acceptable,1
506031130,Welshpool,50056,Victoria Park,0.00083,Good,Acceptable,1
506031130,Welshpool,50007,Belmont,0.9991698,Good,Acceptable,0
506031131,Willetton,50046,Riverton,1,Good,Acceptable,0
506041132,Beckenham - Kenwick - Langford,50012,Cannington,1,Acceptable,Acceptable,0
506041133,Canning Vale - East,50026,Jandakot,0.2107909,Acceptable,Acceptable,0
506041133,Canning Vale - East,50052,Southern River,0.7892091,Acceptable,Acceptable,0
506041134,Gosnells,50052,Southern River,0.477384,Acceptable,Acceptable,0
506041134,Gosnells,50054,Thornlie,0.522616,Acceptable,Acceptable,0
506041135,Huntingdale - Southern River,50052,Southern River,1,Acceptable,Acceptable,0
506041136,Maddington - Orange Grove - Martin,50054,Thornlie,1,Acceptable,Acceptable,0
506041137,Thornlie,50012,Cannington,0.0674782,Acceptable,Acceptable,0
506041137,Thornlie,50054,Thornlie,0.9325218,Acceptable,Acceptable,0
506051138,Forrestfield - Wattle Grove,50012,Cannington,0.0011658,Acceptable,Acceptable,1
506051138,Forrestfield - Wattle Grove,50021,Forrestfield,0.9988342,Acceptable,Acceptable,0
506051139,High Wycombe,50021,Forrestfield,1,Acceptable,Acceptable,0
506051140,Kalamunda - Maida Vale - Gooseberry Hill,50028,Kalamunda,0.4817215,Good,Acceptable,0
506051140,Kalamunda - Maida Vale - Gooseberry Hill,50021,Forrestfield,0.5182785,Acceptable,Acceptable,0
506051141,Lesmurdie - Bickley - Carmel,50028,Kalamunda,1,Good,Acceptable,0
506061142,Byford,50019,Darling Range,1,Acceptable,Acceptable,0
506061143,Mundijong,50043,Oakford,0.3922197,Poor,Acceptable,0
506061143,Mundijong,50019,Darling Range,0.6077803,Acceptable,Acceptable,0
506061144,Serpentine - Jarrahdale,50041,Murray-Wellington,0.0146069,Acceptable,Acceptable,0
506061144,Serpentine - Jarrahdale,50019,Darling Range,0.9853931,Acceptable,Acceptable,0
506071145,Como,50051,South Perth,1,Good,Acceptable,0
506071146,Manning - Waterford,50051,South Perth,1,Good,Acceptable,0
506071147,South Perth - Kensington,50056,Victoria Park,0.0279883,Good,Acceptable,0
506071147,South Perth - Kensington,50051,South Perth,0.9720117,Good,Acceptable,0
507011148,Banjup,50043,Oakford,0.3504416,Poor,Acceptable,0
507011148,Banjup,50026,Jandakot,0.6495584,Acceptable,Acceptable,0
507011150,Bibra Industrial,50008,Bibra Lake,1,Acceptable,Acceptable,0
507011151,Bibra Lake,50008,Bibra Lake,1,Acceptable,Acceptable,0
507011152,Coogee,50022,Fremantle,0.0765001,Poor,Acceptable,0
507011152,Coogee,50016,Cockburn,0.9234999,Good,Acceptable,0
507011153,Coolbellup,50008,Bibra Lake,1,Acceptable,Acceptable,0
507011154,Hamilton Hill,50022,Fremantle,0.3810413,Poor,Acceptable,0
507011154,Hamilton Hill,50008,Bibra Lake,0.6189587,Acceptable,Acceptable,0
507011155,Henderson,50016,Cockburn,1,Good,Acceptable,0
507011158,North Coogee,50022,Fremantle,1,Poor,Acceptable,0
507011159,South Lake - Cockburn Central,50016,Cockburn,0.1297169,Good,Acceptable,0
507011159,South Lake - Cockburn Central,50008,Bibra Lake,0.8702831,Acceptable,Acceptable,0
507011160,Spearwood,50022,Fremantle,0.0649499,Poor,Acceptable,0
507011160,Spearwood,50008,Bibra Lake,0.9350501,Acceptable,Acceptable,0
507011161,Success - Hammond Park,50016,Cockburn,1,Good,Acceptable,0
507011163,Yangebup,50016,Cockburn,1,Good,Acceptable,0
507011259,Beeliar - Wattleup,50016,Cockburn,1,Good,Acceptable,0
507011260,Jandakot,50026,Jandakot,1,Acceptable,Acceptable,0
507021164,East Fremantle,50022,Fremantle,0.4811924,Poor,Acceptable,0
507021164,East Fremantle,50009,Bicton,0.5188076,Acceptable,Acceptable,0
507021165,Fremantle,50018,Cottesloe,0.236869,Acceptable,Acceptable,0
507021165,Fremantle,50022,Fremantle,0.763131,Poor,Acceptable,0
507021166,Fremantle - South,50009,Bicton,0.0295139,Acceptable,Acceptable,0
507021166,Fremantle - South,50008,Bibra Lake,0.1221463,Acceptable,Acceptable,0
507021166,Fremantle - South,50022,Fremantle,0.8483398,Poor,Acceptable,0
507021167,O'Connor (WA),50009,Bicton,1,Acceptable,Acceptable,0
507031169,Wellard (West) - Bertram,50032,Kwinana,1,Good,Acceptable,0
507031170,Calista,50032,Kwinana,1,Good,Acceptable,0
507031172,Hope Valley - Postans,50032,Kwinana,1,Good,Acceptable,0
507031173,Kwinana Industrial,50032,Kwinana,1,Good,Acceptable,0
507031174,Parmelia - Orelia,50032,Kwinana,1,Good,Acceptable,0
507031261,Casuarina - Wandi,50032,Kwinana,0.0141171,Good,Acceptable,0
507031261,Casuarina - Wandi,50019,Darling Range,0.2615026,Acceptable,Acceptable,0
507031261,Casuarina - Wandi,50043,Oakford,0.7243802,Poor,Acceptable,0
507041175,Applecross - Ardross,50006,Bateman,1,Acceptable,Acceptable,0
507041176,Bateman,50006,Bateman,1,Acceptable,Acceptable,0
507041177,Bicton - Palmyra,50009,Bicton,1,Acceptable,Acceptable,0
507041178,Booragoon,50046,Riverton,0.0460697,Good,Acceptable,0
507041178,Booragoon,50006,Bateman,0.9539303,Acceptable,Acceptable,0
507041179,Bull Creek,50046,Riverton,1,Good,Acceptable,0
507041180,Leeming,50026,Jandakot,1,Acceptable,Acceptable,0
507041181,Melville,50006,Bateman,0.1390101,Acceptable,Acceptable,0
507041181,Melville,50009,Bicton,0.8609899,Acceptable,Acceptable,0
507041182,Murdoch - Kardinya,50009,Bicton,0.2038858,Acceptable,Acceptable,0
507041182,Murdoch - Kardinya,50008,Bibra Lake,0.3469169,Acceptable,Acceptable,0
507041182,Murdoch - Kardinya,50006,Bateman,0.4491973,Acceptable,Acceptable,0
507041183,Willagee,50009,Bicton,1,Acceptable,Acceptable,0
507041184,Winthrop,50006,Bateman,1,Acceptable,Acceptable,0
507051186,Cooloongup,50004,Baldivis,0.2675635,Acceptable,Acceptable,0
507051186,Cooloongup,50047,Rockingham,0.7324365,Acceptable,Acceptable,0
507051187,Port Kennedy,50050,Secret Harbour,1,Acceptable,Acceptable,0
507051188,Rockingham,50047,Rockingham,1,Acceptable,Acceptable,0
507051189,Rockingham Lakes,50004,Baldivis,1,Acceptable,Acceptable,0
507051190,Safety Bay - Shoalwater,50047,Rockingham,1,Acceptable,Acceptable,0
507051191,Singleton - Golden Bay - Secret Harbour,50050,Secret Harbour,1,Acceptable,Acceptable,0
507051192,Waikiki,50047,Rockingham,0.4945344,Acceptable,Acceptable,0
507051192,Waikiki,50004,Baldivis,0.5054656,Acceptable,Acceptable,0
507051193,Warnbro,50004,Baldivis,1,Acceptable,Acceptable,0
507051312,Baldivis - North,50019,Darling Range,0.069712,Acceptable,Acceptable,0
507051312,Baldivis - North,50032,Kwinana,0.930288,Good,Acceptable,0
507051313,Baldivis - South,50004,Baldivis,1,Acceptable,Acceptable,0
507051314,Karnup,50050,Secret Harbour,1,Acceptable,Acceptable,0
509011225,Albany,50001,Albany,1,Good,Acceptable,0
509011226,Albany Surrounds,50001,Albany,1,Good,Acceptable,0
509011227,Bayonet Head - Lower King,50001,Albany,1,Good,Acceptable,0
509011228,Denmark,50058,Warren-Blackwood,1,Good,Acceptable,0
509011229,Gnowangerup,50048,Roe,1,Good,Acceptable,0
509011230,Katanning,50048,Roe,1,Good,Acceptable,0
509011231,Kojonup,50048,Roe,1,Good,Acceptable,0
509011232,Little Grove - Elleker,50001,Albany,1,Good,Acceptable,0
509011233,McKail - Willyung,50001,Albany,1,Good,Acceptable,0
509011234,Plantagenet,50001,Albany,1,Good,Acceptable,0
509011235,Stirling Range National Park,50001,Albany,1,Good,Acceptable,0
509021236,Chittering,50036,Mid-West,1,Good,Acceptable,0
509021237,Cunderdin,50014,Central Wheatbelt,1,Good,Acceptable,0
509021238,Dowerin,50014,Central Wheatbelt,1,Good,Acceptable,0
509021239,Gingin - Dandaragan,50036,Mid-West,1,Good,Acceptable,0
509021240,Merredin,50014,Central Wheatbelt,1,Good,Acceptable,0
509021241,Moora,50014,Central Wheatbelt,0.1812151,Good,Acceptable,0
509021241,Moora,50036,Mid-West,0.8187849,Good,Acceptable,0
509021242,Mukinbudin,50014,Central Wheatbelt,1,Good,Acceptable,0
509021243,Northam,50014,Central Wheatbelt,1,Good,Acceptable,0
509021244,Toodyay,50014,Central Wheatbelt,1,Good,Acceptable,0
509021245,York - Beverley,50014,Central Wheatbelt,1,Good,Acceptable,0
509031246,Brookton,50014,Central Wheatbelt,1,Good,Acceptable,0
509031247,Kulin,50048,Roe,1,Good,Acceptable,0
509031248,Murray,50041,Murray-Wellington,0.2788249,Acceptable,Acceptable,0
509031248,Murray,50014,Central Wheatbelt,0.7211751,Good,Acceptable,0
509031249,Narrogin,50048,Roe,1,Good,Acceptable,0
509031250,Wagin,50048,Roe,1,Good,Acceptable,0
510011262,Broome,50030,Kimberley,1,Good,Acceptable,0
510011263,Derby - West Kimberley,50030,Kimberley,1,Good,Acceptable,0
510011264,Halls Creek,50030,Kimberley,1,Good,Acceptable,0
510011265,Kununurra,50030,Kimberley,1,Good,Acceptable,0
510011266,Roebuck,50030,Kimberley,1,Good,Acceptable,0
510021267,East Pilbara,50030,Kimberley,0.1154216,Good,Acceptable,0
510021267,East Pilbara,50045,Pilbara,0.8845784,Good,Acceptable,0
510021268,Newman,50045,Pilbara,1,Good,Acceptable,0
510021269,Port Hedland,50045,Pilbara,1,Good,Acceptable,0
510021270,South Hedland,50045,Pilbara,1,Good,Acceptable,0
510031271,Ashburton (WA),50045,Pilbara,1,Good,Acceptable,0
510031272,Karratha,50045,Pilbara,1,Good,Acceptable,0
510031273,Roebourne,50045,Pilbara,1,Good,Acceptable,0
511011274,Esperance,50048,Roe,1,Good,Acceptable,0
511011275,Esperance Surrounds,50048,Roe,1,Good,Acceptable,0
511021276,Carnarvon,50036,Mid-West,1,Good,Acceptable,0
511021277,Exmouth,50036,Mid-West,0.3320341,Good,Acceptable,0
511021277,Exmouth,50045,Pilbara,0.6679659,Good,Acceptable,0
511031278,Boulder,50029,Kalgoorlie,1,Good,Acceptable,0
511031279,Kalgoorlie,50029,Kalgoorlie,1,Good,Acceptable,0
511031280,Kalgoorlie - North,50029,Kalgoorlie,1,Good,Acceptable,0
511031281,Kalgoorlie Airport,50029,Kalgoorlie,1,Good,Acceptable,0
511031282,Kambalda - Coolgardie - Norseman,50029,Kalgoorlie,1,Good,Acceptable,0
511031283,Leinster - Leonora,50036,Mid-West,1.00E-07,Good,Acceptable,1
511031283,Leinster - Leonora,50029,Kalgoorlie,0.9999999,Good,Acceptable,0
511031284,Trafalgar (WA),50029,Kalgoorlie,1,Good,Acceptable,0
511041285,Geraldton,50023,Geraldton,1,Good,Acceptable,0
511041286,Geraldton - East,50023,Geraldton,1,Good,Acceptable,0
511041287,Geraldton - North,50023,Geraldton,1,Good,Acceptable,0
511041288,Geraldton - South,50023,Geraldton,1,Good,Acceptable,0
511041289,Irwin,50036,Mid-West,1,Good,Acceptable,0
511041290,Meekatharra,50029,Kalgoorlie,0.1309679,Good,Acceptable,0
511041290,Meekatharra,50036,Mid-West,0.869032,Good,Acceptable,0
511041291,Morawa,50036,Mid-West,1,Good,Acceptable,0
511041292,Northampton - Mullewa - Greenough,50023,Geraldton,1,Good,Acceptable,0
597979799,Migratory - Offshore - Shipping (WA),59797,Migratory - Offshore - Shipping (WA),1,Good,Good,0
599999499,No usual address (WA),59494,No usual address (WA),1,Good,Good,0
601011001,Bridgewater - Gagebrook,60501,Lyons (Derwent),1,Good,Acceptable,0
601011002,Brighton - Pontville,60501,Lyons (Derwent),0.0821553,Good,Acceptable,0
601011002,Brighton - Pontville,60512,Lyons (Prosser),0.9178447,Acceptable,Acceptable,0
601011003,Old Beach - Otago,60414,Franklin (Rumney),0.119157,Good,Acceptable,0
601011003,Old Beach - Otago,60514,Lyons (Rumney),0.880843,Poor,Acceptable,0
601021004,Bellerive - Rosny,60411,Franklin (Pembroke),1,Good,Acceptable,0
601021005,Cambridge,60414,Franklin (Rumney),1,Good,Acceptable,0
601021006,Geilston Bay - Risdon,60414,Franklin (Rumney),0.3431741,Good,Acceptable,0
601021006,Geilston Bay - Risdon,60411,Franklin (Pembroke),0.6568259,Good,Acceptable,0
601021007,Howrah - Tranmere,60414,Franklin (Rumney),0.0996838,Good,Acceptable,0
601021007,Howrah - Tranmere,60411,Franklin (Pembroke),0.9003162,Good,Acceptable,0
601021008,Lindisfarne - Rose Bay,60411,Franklin (Pembroke),1,Good,Acceptable,0
601021009,Mornington - Warrane,60411,Franklin (Pembroke),1,Good,Acceptable,0
601021010,Risdon Vale,60414,Franklin (Rumney),1,Good,Acceptable,0
601021011,Rokeby,60414,Franklin (Rumney),1,Good,Acceptable,0
601021012,South Arm,60414,Franklin (Rumney),1,Good,Acceptable,0
601031013,Austins Ferry - Granton,60501,Lyons (Derwent),0.0921813,Good,Acceptable,0
601031013,Austins Ferry - Granton,60301,Clark (Derwent),0.9078187,Good,Acceptable,0
601031014,Berriedale - Chigwell,60302,Clark (Elwick),0.2937787,Acceptable,Acceptable,0
601031014,Berriedale - Chigwell,60301,Clark (Derwent),0.7062213,Good,Acceptable,0
601031015,Claremont (Tas.),60501,Lyons (Derwent),0.0009556,Good,Acceptable,1
601031015,Claremont (Tas.),60301,Clark (Derwent),0.9990444,Good,Acceptable,0
601031016,Derwent Park - Lutana,60302,Clark (Elwick),1,Acceptable,Acceptable,0
601031017,Glenorchy,60302,Clark (Elwick),1,Acceptable,Acceptable,0
601031018,Montrose - Rosetta,60302,Clark (Elwick),1,Acceptable,Acceptable,0
601031019,Moonah,60302,Clark (Elwick),1,Acceptable,Acceptable,0
601031020,New Norfolk,60501,Lyons (Derwent),1,Good,Acceptable,0
601031021,West Moonah,60302,Clark (Elwick),1,Acceptable,Acceptable,0
601041022,Kingston - Huntingfield,60303,Clark (Hobart),0.003265,Acceptable,Acceptable,1
601041022,Kingston - Huntingfield,60304,Clark (Huon),0.0084581,Poor,Acceptable,1
601041022,Kingston - Huntingfield,60404,Franklin (Huon),0.0400655,Good,Acceptable,0
601041022,Kingston - Huntingfield,60310,Clark (Nelson),0.1654559,Acceptable,Acceptable,0
601041022,Kingston - Huntingfield,60410,Franklin (Nelson),0.7827555,Poor,Acceptable,0
601041023,Kingston Beach - Blackmans Bay,60410,Franklin (Nelson),0.4815716,Poor,Acceptable,0
601041023,Kingston Beach - Blackmans Bay,60404,Franklin (Huon),0.5184284,Good,Acceptable,0
601041024,Margate - Snug,60304,Clark (Huon),0.0283894,Poor,Acceptable,0
601041024,Margate - Snug,60404,Franklin (Huon),0.9716106,Good,Acceptable,0
601041025,Mount Wellington,60304,Clark (Huon),0.0909091,Poor,Acceptable,0
601041025,Mount Wellington,60303,Clark (Hobart),0.2727273,Acceptable,Acceptable,0
601041025,Mount Wellington,60302,Clark (Elwick),0.6363636,Acceptable,Acceptable,0
601041026,Taroona - Bonnet Hill,60310,Clark (Nelson),1,Acceptable,Acceptable,0
601051027,Hobart,60303,Clark (Hobart),1,Acceptable,Acceptable,0
601051028,Lenah Valley - Mount Stuart,60302,Clark (Elwick),0.2223098,Acceptable,Acceptable,0
601051028,Lenah Valley - Mount Stuart,60303,Clark (Hobart),0.7776902,Acceptable,Acceptable,0
601051029,Mount Nelson - Dynnyrne,60303,Clark (Hobart),0.3179048,Acceptable,Acceptable,0
601051029,Mount Nelson - Dynnyrne,60310,Clark (Nelson),0.6820952,Acceptable,Acceptable,0
601051030,New Town,60302,Clark (Elwick),0.1971789,Acceptable,Acceptable,0
601051030,New Town,60303,Clark (Hobart),0.8028211,Acceptable,Acceptable,0
601051031,Sandy Bay,60303,Clark (Hobart),0.0417128,Acceptable,Acceptable,0
601051031,Sandy Bay,60310,Clark (Nelson),0.9582872,Acceptable,Acceptable,0
601051032,South Hobart - Fern Tree,60310,Clark (Nelson),0.0069615,Acceptable,Acceptable,1
601051032,South Hobart - Fern Tree,60303,Clark (Hobart),0.9930385,Acceptable,Acceptable,0
601051033,West Hobart,60303,Clark (Hobart),1,Acceptable,Acceptable,0
601061034,Dodges Ferry - Lewisham,60512,Lyons (Prosser),1,Acceptable,Acceptable,0
601061035,Sorell - Richmond,60512,Lyons (Prosser),0.4392071,Acceptable,Acceptable,0
601061035,Sorell - Richmond,60514,Lyons (Rumney),0.5607929,Poor,Acceptable,0
602011036,Invermay,60115,Bass (Windermere),1,Good,Acceptable,0
602011037,Kings Meadows - Punchbowl,60105,Bass (Launceston),1,Acceptable,Acceptable,0
602011038,Launceston,60115,Bass (Windermere),0.0700802,Good,Acceptable,0
602011038,Launceston,60113,Bass (Rosevears),0.1620407,Good,Acceptable,0
602011038,Launceston,60105,Bass (Launceston),0.7678792,Acceptable,Acceptable,0
602011039,Legana,60113,Bass (Rosevears),1,Good,Acceptable,0
602011040,Mowbray,60115,Bass (Windermere),1,Good,Acceptable,0
602011041,Newnham - Mayfield,60115,Bass (Windermere),1,Good,Acceptable,0
602011042,Newstead,60115,Bass (Windermere),0.3792566,Good,Acceptable,0
602011042,Newstead,60105,Bass (Launceston),0.6207434,Acceptable,Acceptable,0
602011043,Norwood (Tas.),60115,Bass (Windermere),0.1839769,Good,Acceptable,0
602011043,Norwood (Tas.),60105,Bass (Launceston),0.8160231,Acceptable,Acceptable,0
602011044,Prospect Vale - Blackstone,60505,Lyons (Launceston),1,Acceptable,Acceptable,0
602011045,Ravenswood,60115,Bass (Windermere),1,Good,Acceptable,0
602011046,Riverside,60113,Bass (Rosevears),1,Good,Acceptable,0
602011047,South Launceston,60113,Bass (Rosevears),0.0990235,Good,Acceptable,0
602011047,South Launceston,60105,Bass (Launceston),0.9009765,Acceptable,Acceptable,0
602011048,Summerhill - Prospect,60105,Bass (Launceston),0.0008125,Acceptable,Acceptable,1
602011048,Summerhill - Prospect,60113,Bass (Rosevears),0.9991875,Good,Acceptable,0
602011049,Trevallyn,60113,Bass (Rosevears),1,Good,Acceptable,0
602011050,Waverley - St Leonards,60115,Bass (Windermere),1,Good,Acceptable,0
602011051,West Launceston,60113,Bass (Rosevears),1,Good,Acceptable,0
602011052,Youngtown - Relbia,60115,Bass (Windermere),0.1338602,Good,Acceptable,0
602011052,Youngtown - Relbia,60105,Bass (Launceston),0.8661398,Acceptable,Acceptable,0
602021053,Beauty Point - Beaconsfield,60113,Bass (Rosevears),1,Good,Acceptable,0
602021054,Deloraine,60506,Lyons (McIntyre),1,Acceptable,Acceptable,0
602021055,Grindelwald - Lanena,60506,Lyons (McIntyre),1.60E-06,Acceptable,Acceptable,1
602021055,Grindelwald - Lanena,60113,Bass (Rosevears),0.9999984,Good,Acceptable,0
602021056,Hadspen - Carrick,60506,Lyons (McIntyre),0.2850826,Acceptable,Acceptable,0
602021056,Hadspen - Carrick,60505,Lyons (Launceston),0.7149174,Acceptable,Acceptable,0
602021057,Westbury,60113,Bass (Rosevears),0.0066928,Good,Acceptable,1
602021057,Westbury,60506,Lyons (McIntyre),0.9933072,Acceptable,Acceptable,0
602031058,Dilston - Lilydale,60106,Bass (McIntyre),0.0029988,Good,Acceptable,1
602031058,Dilston - Lilydale,60506,Lyons (McIntyre),0.0034571,Acceptable,Acceptable,1
602031058,Dilston - Lilydale,60115,Bass (Windermere),0.9935441,Good,Acceptable,0
602031059,George Town,60115,Bass (Windermere),1,Good,Acceptable,0
602031060,Longford,60505,Lyons (Launceston),0.0551776,Acceptable,Acceptable,0
602031060,Longford,60506,Lyons (McIntyre),0.9448224,Acceptable,Acceptable,0
602031061,Northern Midlands,60512,Lyons (Prosser),0.4075872,Acceptable,Acceptable,0
602031061,Northern Midlands,60506,Lyons (McIntyre),0.5924128,Acceptable,Acceptable,0
602031062,Perth - Evandale,60505,Lyons (Launceston),0.1381161,Acceptable,Acceptable,0
602031062,Perth - Evandale,60506,Lyons (McIntyre),0.8618839,Acceptable,Acceptable,0
602031064,St Helens - Scamander,60106,Bass (McIntyre),1.50E-06,Good,Acceptable,1
602031064,St Helens - Scamander,60506,Lyons (McIntyre),0.9999985,Acceptable,Acceptable,0
602031099,Flinders and Cape Barren Islands,60106,Bass (McIntyre),1,Good,Acceptable,0
602031100,Scottsdale - Bridport,60115,Bass (Windermere),0.001319,Good,Acceptable,1
602031100,Scottsdale - Bridport,60506,Lyons (McIntyre),0.002051,Acceptable,Acceptable,1
602031100,Scottsdale - Bridport,60106,Bass (McIntyre),0.9966299,Good,Acceptable,0
603011065,Central Highlands,60512,Lyons (Prosser),0.0012521,Acceptable,Acceptable,1
603011065,Central Highlands,60501,Lyons (Derwent),0.9987479,Good,Acceptable,0
603011066,Derwent Valley,60404,Franklin (Huon),3.00E-06,Good,Acceptable,1
603011066,Derwent Valley,60501,Lyons (Derwent),0.999997,Good,Acceptable,0
603011067,Southern Midlands,60512,Lyons (Prosser),1,Acceptable,Acceptable,0
603011068,Wilderness - East,60404,Franklin (Huon),1.00E-06,Good,Acceptable,1
603011068,Wilderness - East,60501,Lyons (Derwent),0.999999,Good,Acceptable,0
603021069,Bruny Island - Kettering,60404,Franklin (Huon),1,Good,Acceptable,0
603021070,Cygnet,60404,Franklin (Huon),1,Good,Acceptable,0
603021071,Geeveston - Dover,60404,Franklin (Huon),1,Good,Acceptable,0
603021072,Huonville - Franklin,60404,Franklin (Huon),1,Good,Acceptable,0
603031073,Forestier - Tasman,60512,Lyons (Prosser),1,Acceptable,Acceptable,0
603031074,Triabunna - Bicheno,60512,Lyons (Prosser),1,Acceptable,Acceptable,0
604011075,Acton - Upper Burnie,60208,Braddon (Montgomery),1,Good,Acceptable,0
604011076,Burnie - Ulverstone Surrounds,60209,Braddon (Murchison),0.0169318,Good,Acceptable,0
604011076,Burnie - Ulverstone Surrounds,60208,Braddon (Montgomery),0.9830682,Good,Acceptable,0
604011077,Burnie - Wivenhoe,60208,Braddon (Montgomery),0.1091042,Good,Acceptable,0
604011077,Burnie - Wivenhoe,60209,Braddon (Murchison),0.8908958,Good,Acceptable,0
604011078,Parklands - Camdale,60209,Braddon (Murchison),1,Good,Acceptable,0
604011079,Penguin - Sulphur Creek,60208,Braddon (Montgomery),1,Good,Acceptable,0
604011080,Romaine - Havenview,60208,Braddon (Montgomery),1,Good,Acceptable,0
604011081,Somerset,60209,Braddon (Murchison),1,Good,Acceptable,0
604011082,Ulverstone,60208,Braddon (Montgomery),1,Good,Acceptable,0
604011083,West Ulverstone,60208,Braddon (Montgomery),1,Good,Acceptable,0
604011084,Wynyard,60209,Braddon (Murchison),1,Good,Acceptable,0
604021085,Devonport,60207,Braddon (Mersey),1,Good,Acceptable,0
604021086,East Devonport,60207,Braddon (Mersey),1,Good,Acceptable,0
604021087,Latrobe,60207,Braddon (Mersey),1,Good,Acceptable,0
604021088,Miandetta - Don,60207,Braddon (Mersey),1,Good,Acceptable,0
604021089,Port Sorell,60207,Braddon (Mersey),1,Good,Acceptable,0
604021090,Quoiba - Spreyton,60207,Braddon (Mersey),1,Good,Acceptable,0
604021091,Sheffield - Railton,60207,Braddon (Mersey),0.0028699,Good,Acceptable,1
604021091,Sheffield - Railton,60506,Lyons (McIntyre),0.213358,Acceptable,Acceptable,0
604021091,Sheffield - Railton,60508,Lyons (Montgomery),0.7837721,Acceptable,Acceptable,0
604021092,Turners Beach - Forth,60508,Lyons (Montgomery),0.0025925,Acceptable,Acceptable,1
604021092,Turners Beach - Forth,60207,Braddon (Mersey),0.0877754,Good,Acceptable,0
604021092,Turners Beach - Forth,60208,Braddon (Montgomery),0.9096321,Good,Acceptable,0
604031093,King Island,60209,Braddon (Murchison),1,Good,Acceptable,0
604031094,North West,60209,Braddon (Murchison),1,Good,Acceptable,0
604031095,Smithton,60209,Braddon (Murchison),1,Good,Acceptable,0
604031096,Waratah,60209,Braddon (Murchison),1,Good,Acceptable,0
604031097,West Coast (Tas.),60209,Braddon (Murchison),1,Good,Acceptable,0
604031098,Wilderness - West,60404,Franklin (Huon),0.0344828,Good,Acceptable,0
604031098,Wilderness - West,60209,Braddon (Murchison),0.9655172,Good,Acceptable,0
697979799,Migratory - Offshore - Shipping (Tas.),69797,Migratory - Offshore - Shipping (Tas.),1,Good,Good,0
699999499,No usual address (Tas.),69494,No usual address (Tas.),1,Good,Good,0
701011001,Darwin Airport,70023,Sanderson,1,Acceptable,Acceptable,0
701011002,Darwin City,70022,Port Darwin,1,Good,Acceptable,0
701011003,East Point,70011,Fannie Bay,1,Acceptable,Acceptable,0
701011004,Fannie Bay - The Gardens,70011,Fannie Bay,1,Acceptable,Acceptable,0
701011005,Larrakeyah,70022,Port Darwin,1,Good,Acceptable,0
701011006,Ludmilla - The Narrows,70012,Fong Lim,0.3325288,Acceptable,Acceptable,0
701011006,Ludmilla - The Narrows,70011,Fannie Bay,0.6674712,Acceptable,Acceptable,0
701011007,Parap,70011,Fannie Bay,1,Acceptable,Acceptable,0
701011008,Stuart Park,70012,Fong Lim,1,Acceptable,Acceptable,0
701011009,Woolner - Bayview - Winnellie,70012,Fong Lim,1,Acceptable,Acceptable,0
701021010,Alawa,70015,Johnston,1,Good,Acceptable,0
701021011,Anula,70023,Sanderson,1,Acceptable,Acceptable,0
701021012,Berrimah,70016,Karama,0.2909813,Acceptable,Acceptable,0
701021012,Berrimah,70023,Sanderson,0.3524312,Acceptable,Acceptable,0
701021012,Berrimah,70012,Fong Lim,0.3565876,Acceptable,Acceptable,0
701021013,Brinkin - Nakara,70008,Casuarina,1,Acceptable,Acceptable,0
701021014,Buffalo Creek,70025,Wanguri,1.00E-05,Acceptable,Acceptable,1
701021014,Buffalo Creek,70016,Karama,0.99999,Acceptable,Acceptable,0
701021015,Charles Darwin,70012,Fong Lim,1,Acceptable,Acceptable,0
701021016,Coconut Grove,70011,Fannie Bay,0.2786525,Acceptable,Acceptable,0
701021016,Coconut Grove,70021,Nightcliff,0.7213475,Good,Acceptable,0
701021017,East Arm,70012,Fong Lim,0.014817,Acceptable,Acceptable,0
701021017,East Arm,70020,Nelson,0.985183,Poor,Acceptable,0
701021018,Jingili,70015,Johnston,1,Good,Acceptable,0
701021019,Karama,70016,Karama,1,Acceptable,Acceptable,0
701021020,Leanyer,70025,Wanguri,1,Acceptable,Acceptable,0
701021021,Lyons (NT),70025,Wanguri,0.3130073,Acceptable,Acceptable,0
701021021,Lyons (NT),70008,Casuarina,0.6869927,Acceptable,Acceptable,0
701021022,Malak - Marrara,70023,Sanderson,0.3065797,Acceptable,Acceptable,0
701021022,Malak - Marrara,70016,Karama,0.6934203,Acceptable,Acceptable,0
701021023,Millner,70015,Johnston,1,Good,Acceptable,0
701021024,Moil,70015,Johnston,1,Good,Acceptable,0
701021025,Nightcliff,70021,Nightcliff,1,Good,Acceptable,0
701021026,Rapid Creek,70021,Nightcliff,1,Good,Acceptable,0
701021027,Tiwi,70008,Casuarina,1,Acceptable,Acceptable,0
701021028,Wagaman,70023,Sanderson,1,Acceptable,Acceptable,0
701021029,Wanguri,70025,Wanguri,1,Acceptable,Acceptable,0
701021030,Wulagi,70023,Sanderson,1,Acceptable,Acceptable,0
701031031,Howard Springs,70020,Nelson,1,Poor,Acceptable,0
701031032,Humpty Doo,70020,Nelson,0.4747751,Poor,Acceptable,0
701031032,Humpty Doo,70013,Goyder,0.5252249,Poor,Acceptable,0
701031033,Koolpinyah,70001,Arafura,3.99E-05,Good,Acceptable,1
701031033,Koolpinyah,70020,Nelson,0.9999601,Poor,Acceptable,0
701031034,Virginia,70020,Nelson,0.1264757,Poor,Acceptable,0
701031034,Virginia,70013,Goyder,0.8735243,Poor,Acceptable,0
701031035,Weddell,70013,Goyder,0.3793538,Poor,Acceptable,0
701031035,Weddell,70009,Daly,0.6206462,Acceptable,Acceptable,0
701041036,Bakewell,70007,Brennan,1,Poor,Acceptable,0
701041037,Driver,70010,Drysdale,1,Acceptable,Acceptable,0
701041038,Durack - Marlow Lagoon,70020,Nelson,0.1719365,Poor,Acceptable,0
701041038,Durack - Marlow Lagoon,70024,Spillett,0.8280635,Poor,Acceptable,0
701041039,Gray,70010,Drysdale,1,Acceptable,Acceptable,0
701041040,Moulden,70005,Blain,1,Acceptable,Acceptable,0
701041041,Palmerston - North,70024,Spillett,0.3827408,Poor,Acceptable,0
701041041,Palmerston - North,70010,Drysdale,0.6172592,Acceptable,Acceptable,0
701041042,Palmerston - South,70005,Blain,0.0004666,Acceptable,Acceptable,1
701041042,Palmerston - South,70007,Brennan,0.3249064,Poor,Acceptable,0
701041042,Palmerston - South,70024,Spillett,0.674627,Poor,Acceptable,0
701041043,Rosebery - Bellamack,70005,Blain,0.3715788,Acceptable,Acceptable,0
701041043,Rosebery - Bellamack,70007,Brennan,0.6284212,Poor,Acceptable,0
701041044,Woodroffe,70005,Blain,1,Acceptable,Acceptable,0
702011045,Charles,70002,Araluen,0.0128662,Acceptable,Acceptable,0
702011045,Charles,70019,Namatjira,0.1230429,Poor,Acceptable,0
702011045,Charles,70006,Braitling,0.8640908,Good,Acceptable,0
702011046,East Side,70019,Namatjira,0.0496977,Poor,Acceptable,0
702011046,East Side,70006,Braitling,0.9503023,Good,Acceptable,0
702011047,Flynn (NT),70019,Namatjira,0.025355,Poor,Acceptable,0
702011047,Flynn (NT),70002,Araluen,0.974645,Acceptable,Acceptable,0
702011048,Larapinta,70002,Araluen,0.3933028,Acceptable,Acceptable,0
702011048,Larapinta,70019,Namatjira,0.6066972,Poor,Acceptable,0
702011049,Mount Johns,70019,Namatjira,0.1389141,Poor,Acceptable,0
702011049,Mount Johns,70002,Araluen,0.8610859,Acceptable,Acceptable,0
702011050,Petermann - Simpson,70019,Namatjira,0.1386367,Poor,Acceptable,0
702011050,Petermann - Simpson,70014,Gwoja,0.8613633,Good,Acceptable,0
702011051,Ross,70019,Namatjira,1,Poor,Acceptable,0
702011052,Sandover - Plenty,70004,Barkly,0.3111183,Poor,Acceptable,0
702011052,Sandover - Plenty,70019,Namatjira,0.6888817,Poor,Acceptable,0
702011053,Tanami,70014,Gwoja,1,Good,Acceptable,0
702011054,Yuendumu - Anmatjere,70004,Barkly,0.2866671,Poor,Acceptable,0
702011054,Yuendumu - Anmatjere,70014,Gwoja,0.7133329,Good,Acceptable,0
702021055,Barkly,70004,Barkly,1,Poor,Acceptable,0
702021056,Tennant Creek,70004,Barkly,1,Poor,Acceptable,0
702031057,Alligator,70013,Goyder,0.1486565,Poor,Acceptable,0
702031057,Alligator,70001,Arafura,0.2392042,Good,Acceptable,0
702031057,Alligator,70009,Daly,0.6121393,Acceptable,Acceptable,0
702031058,Daly,70009,Daly,1,Acceptable,Acceptable,0
702031059,Thamarrurr,70009,Daly,1,Acceptable,Acceptable,0
702031060,Tiwi Islands,70001,Arafura,1,Good,Acceptable,0
702031061,West Arnhem,70001,Arafura,1,Good,Acceptable,0
702041062,Anindilyakwa,70003,Arnhem,1,Poor,Acceptable,0
702041063,East Arnhem,70001,Arafura,1.40E-06,Good,Acceptable,1
702041063,East Arnhem,70003,Arnhem,0.1439633,Poor,Acceptable,0
702041063,East Arnhem,70018,Mulka,0.8560353,Good,Acceptable,0
702041064,Nhulunbuy,70018,Mulka,1,Good,Acceptable,0
702051065,Elsey,70004,Barkly,0.0550981,Poor,Acceptable,0
702051065,Elsey,70003,Arnhem,0.9449019,Poor,Acceptable,0
702051066,Gulf,70004,Barkly,0.309858,Poor,Acceptable,0
702051066,Gulf,70003,Arnhem,0.690142,Poor,Acceptable,0
702051067,Katherine,70003,Arnhem,0.1070379,Poor,Acceptable,0
702051067,Katherine,70017,Katherine,0.8929621,Acceptable,Acceptable,0
702051068,Victoria River,70014,Gwoja,1,Good,Acceptable,0
797979799,Migratory - Offshore - Shipping (NT),79797,Migratory - Offshore - Shipping (NT),1,Good,Good,0
799999499,No usual address (NT),79494,No usual address (NT),1,Good,Good,0
801011001,Aranda,80002,Ginninderra,1,Good,Acceptable,0
801011002,Belconnen,80002,Ginninderra,1,Good,Acceptable,0
801011003,Bruce,80002,Ginninderra,1,Good,Acceptable,0
801011004,Charnwood,80002,Ginninderra,1,Good,Acceptable,0
801011005,Cook,80002,Ginninderra,1,Good,Acceptable,0
801011006,Dunlop,80002,Ginninderra,1,Good,Acceptable,0
801011007,Evatt,80002,Ginninderra,1,Good,Acceptable,0
801011008,Florey,80002,Ginninderra,1,Good,Acceptable,0
801011009,Flynn (ACT),80002,Ginninderra,1,Good,Acceptable,0
801011010,Fraser,80002,Ginninderra,1,Good,Acceptable,0
801011011,Giralang,80005,Yerrabi,1,Good,Acceptable,0
801011012,Gooromon,80002,Ginninderra,1,Good,Acceptable,0
801011013,Hawker,80002,Ginninderra,1,Good,Acceptable,0
801011014,Higgins,80002,Ginninderra,1,Good,Acceptable,0
801011015,Holt,80002,Ginninderra,1,Good,Acceptable,0
801011016,Kaleen,80005,Yerrabi,1,Good,Acceptable,0
801011017,Latham,80002,Ginninderra,1,Good,Acceptable,0
801011018,Lawson,80002,Ginninderra,1,Good,Acceptable,0
801011019,Macgregor (ACT),80002,Ginninderra,1,Good,Acceptable,0
801011020,Macquarie,80002,Ginninderra,1,Good,Acceptable,0
801011021,McKellar,80002,Ginninderra,1,Good,Acceptable,0
801011022,Melba,80002,Ginninderra,1,Good,Acceptable,0
801011023,Page,80002,Ginninderra,1,Good,Acceptable,0
801011024,Scullin,80002,Ginninderra,1,Good,Acceptable,0
801011025,Spence,80002,Ginninderra,1,Good,Acceptable,0
801011026,Weetangera,80002,Ginninderra,1,Good,Acceptable,0
801011111,Molonglo Corridor,80002,Ginninderra,1,Good,Acceptable,0
801011142,Macnamara,80002,Ginninderra,1,Good,Acceptable,0
801011143,Strathnairn,80002,Ginninderra,1,Good,Acceptable,0
801011144,West Belconnen,80002,Ginninderra,1,Good,Acceptable,0
801031031,Hume,80003,Kurrajong,1,Good,Acceptable,0
801031032,Kowen,80003,Kurrajong,1,Good,Acceptable,0
801031113,Canberra East,80003,Kurrajong,1,Good,Acceptable,0
801031114,Canberra Airport,80003,Kurrajong,1,Good,Acceptable,0
801031115,Majura,80003,Kurrajong,1,Good,Acceptable,0
801041034,Amaroo,80005,Yerrabi,1,Good,Acceptable,0
801041035,Bonner,80005,Yerrabi,1,Good,Acceptable,0
801041036,Casey,80005,Yerrabi,1,Good,Acceptable,0
801041037,Crace,80005,Yerrabi,1,Good,Acceptable,0
801041038,Forde,80005,Yerrabi,1,Good,Acceptable,0
801041039,Franklin,80005,Yerrabi,1,Good,Acceptable,0
801041040,Gungahlin,80005,Yerrabi,1,Good,Acceptable,0
801041043,Hall,80002,Ginninderra,0.0202323,Good,Acceptable,0
801041043,Hall,80005,Yerrabi,0.9797677,Good,Acceptable,0
801041044,Harrison,80005,Yerrabi,1,Good,Acceptable,0
801041045,Mitchell,80005,Yerrabi,1,Good,Acceptable,0
801041046,Ngunnawal,80005,Yerrabi,1,Good,Acceptable,0
801041047,Nicholls,80005,Yerrabi,1,Good,Acceptable,0
801041048,Palmerston,80005,Yerrabi,1,Good,Acceptable,0
801041116,Gungahlin - East,80005,Yerrabi,1,Good,Acceptable,0
801041117,Gungahlin - West,80005,Yerrabi,1,Good,Acceptable,0
801041118,Jacka,80005,Yerrabi,1,Good,Acceptable,0
801041119,Kenny,80005,Yerrabi,1,Good,Acceptable,0
801041120,Moncrieff,80005,Yerrabi,1,Good,Acceptable,0
801041121,Taylor,80005,Yerrabi,1,Good,Acceptable,0
801041122,Throsby,80005,Yerrabi,1,Good,Acceptable,0
801051049,Acton,80003,Kurrajong,1,Good,Acceptable,0
801051050,Ainslie,80003,Kurrajong,1,Good,Acceptable,0
801051051,Braddon,80003,Kurrajong,1,Good,Acceptable,0
801051053,Civic,80003,Kurrajong,1,Good,Acceptable,0
801051054,Dickson,80003,Kurrajong,1,Good,Acceptable,0
801051055,Downer,80003,Kurrajong,1,Good,Acceptable,0
801051056,Hackett,80003,Kurrajong,1,Good,Acceptable,0
801051057,Lyneham,80003,Kurrajong,1,Good,Acceptable,0
801051058,O'Connor (ACT),80003,Kurrajong,1,Good,Acceptable,0
801051060,Turner,80003,Kurrajong,1,Good,Acceptable,0
801051061,Watson,80003,Kurrajong,1,Good,Acceptable,0
801051123,Black Mountain,80003,Kurrajong,1,Good,Acceptable,0
801051124,Campbell,80003,Kurrajong,1,Good,Acceptable,0
801051125,Duntroon,80003,Kurrajong,1,Good,Acceptable,0
801051126,Parkes (ACT) - North,80003,Kurrajong,1,Good,Acceptable,0
801051127,Reid,80003,Kurrajong,1,Good,Acceptable,0
801051128,Russell,80003,Kurrajong,1,Good,Acceptable,0
801061062,Deakin,80004,Murrumbidgee,1,Good,Acceptable,0
801061063,Forrest,80004,Murrumbidgee,1,Good,Acceptable,0
801061064,Griffith (ACT),80003,Kurrajong,1,Good,Acceptable,0
801061066,Lake Burley Griffin,80003,Kurrajong,1,Good,Acceptable,0
801061067,Narrabundah,80003,Kurrajong,1,Good,Acceptable,0
801061068,Parkes (ACT) - South,80003,Kurrajong,1,Good,Acceptable,0
801061069,Red Hill (ACT),80004,Murrumbidgee,1,Good,Acceptable,0
801061070,Yarralumla,80004,Murrumbidgee,1,Good,Acceptable,0
801061129,Barton,80003,Kurrajong,1,Good,Acceptable,0
801061130,Fyshwick,80003,Kurrajong,1,Good,Acceptable,0
801061131,Kingston (ACT),80003,Kurrajong,1,Good,Acceptable,0
801071071,Banks,80001,Brindabella,1,Good,Acceptable,0
801071072,Bonython,80001,Brindabella,1,Good,Acceptable,0
801071073,Calwell,80001,Brindabella,1,Good,Acceptable,0
801071074,Chisholm,80001,Brindabella,1,Good,Acceptable,0
801071075,Conder,80001,Brindabella,1,Good,Acceptable,0
801071076,Fadden,80001,Brindabella,1,Good,Acceptable,0
801071077,Gilmore,80001,Brindabella,1,Good,Acceptable,0
801071078,Gordon (ACT),80001,Brindabella,1,Good,Acceptable,0
801071079,Gowrie (ACT),80001,Brindabella,1,Good,Acceptable,0
801071080,Greenway,80001,Brindabella,1,Good,Acceptable,0
801071081,Isabella Plains,80001,Brindabella,1,Good,Acceptable,0
801071082,Kambah,80001,Brindabella,1,Good,Acceptable,0
801071083,Macarthur,80001,Brindabella,1,Good,Acceptable,0
801071084,Monash,80001,Brindabella,1,Good,Acceptable,0
801071085,Mount Taylor,80001,Brindabella,1,Good,Acceptable,0
801071086,Oxley (ACT),80001,Brindabella,1,Good,Acceptable,0
801071087,Richardson,80001,Brindabella,1,Good,Acceptable,0
801071088,Theodore,80001,Brindabella,1,Good,Acceptable,0
801071089,Tuggeranong,80001,Brindabella,1,Good,Acceptable,0
801071090,Wanniassa,80001,Brindabella,1,Good,Acceptable,0
801071132,Tuggeranong - West,80001,Brindabella,1,Good,Acceptable,0
801081091,Chapman,80004,Murrumbidgee,1,Good,Acceptable,0
801081092,Duffy,80004,Murrumbidgee,1,Good,Acceptable,0
801081093,Fisher,80004,Murrumbidgee,1,Good,Acceptable,0
801081094,Holder,80004,Murrumbidgee,1,Good,Acceptable,0
801081095,Rivett,80004,Murrumbidgee,1,Good,Acceptable,0
801081096,Stirling,80004,Murrumbidgee,1,Good,Acceptable,0
801081097,Waramanga,80004,Murrumbidgee,1,Good,Acceptable,0
801081098,Weston,80004,Murrumbidgee,1,Good,Acceptable,0
801081133,Scrivener,80004,Murrumbidgee,1,Good,Acceptable,0
801091099,Chifley,80004,Murrumbidgee,1,Good,Acceptable,0
801091100,Curtin,80004,Murrumbidgee,1,Good,Acceptable,0
801091101,Farrer,80004,Murrumbidgee,1,Good,Acceptable,0
801091102,Garran,80004,Murrumbidgee,1,Good,Acceptable,0
801091103,Hughes,80004,Murrumbidgee,1,Good,Acceptable,0
801091104,Isaacs,80004,Murrumbidgee,1,Good,Acceptable,0
801091105,Lyons (ACT),80004,Murrumbidgee,1,Good,Acceptable,0
801091106,Mawson,80004,Murrumbidgee,1,Good,Acceptable,0
801091107,O'Malley,80004,Murrumbidgee,1,Good,Acceptable,0
801091108,Pearce,80004,Murrumbidgee,1,Good,Acceptable,0
801091109,Phillip,80004,Murrumbidgee,1,Good,Acceptable,0
801091110,Torrens,80004,Murrumbidgee,1,Good,Acceptable,0
801101134,Arboretum,80004,Murrumbidgee,1,Good,Acceptable,0
801101135,Coombs,80004,Murrumbidgee,1,Good,Acceptable,0
801101136,Denman Prospect,80004,Murrumbidgee,1,Good,Acceptable,0
801101137,Molonglo,80004,Murrumbidgee,1,Good,Acceptable,0
801101139,Wright,80004,Murrumbidgee,1,Good,Acceptable,0
801101145,Molonglo - East,80004,Murrumbidgee,1,Good,Acceptable,0
801101146,Whitlam,80004,Murrumbidgee,1,Good,Acceptable,0
801111140,ACT - South West,80001,Brindabella,0.2936132,Good,Acceptable,0
801111140,ACT - South West,80004,Murrumbidgee,0.7063868,Good,Acceptable,0
801111141,Namadgi,80001,Brindabella,1,Good,Acceptable,0
897979799,Migratory - Offshore - Shipping (ACT),89797,Migratory - Offshore - Shipping (ACT),1,Good,Good,0
899999499,No usual address (ACT),89494,No usual address (ACT),1,Good,Good,0
901011001,Christmas Island,99191,Unclassified (OT),1,Good,Acceptable,0
901021002,Cocos (Keeling) Islands,99191,Unclassified (OT),1,Good,Acceptable,0
901031003,Jervis Bay,99191,Unclassified (OT),1,Good,Acceptable,0
901041004,Norfolk Island,99191,Unclassified (OT),1,Good,Acceptable,0
997979799,Migratory - Offshore - Shipping (OT),99797,Migratory - Offshore - Shipping (OT),1,Good,Good,0
999999499,No usual address (OT),99494,No usual address (OT),1,Good,Good,0
ZZZZZZZZZ,Outside Australia,ZZZZZ,Outside Australia,1,Good,Good,0
