SAL_CODE_2021,SAL_NAME_2021,LGA_CODE_2021,LGA_NAME_2021,RATIO_FROM_TO,INDIV_TO_REGION_QLTY_INDICATOR,OVERALL_QUALITY_INDICATOR,BMOS_NULL_FLAG
10001,Aarons Pass,15270,Mid-Western Regional,1,Good,Good,0
10002,Abbotsbury,12850,Fairfield,1,Good,Good,0
10003,Abbotsford (NSW),11520,Canada Bay,1,Good,Good,0
10004,Abercrombie,10470,Bathurst Regional,1,Good,Good,0
10005,Abercrombie River,10470,Bathurst Regional,1,Good,Good,0
10006,Aberdare,11720,Cessnock,1,Good,Good,0
10007,Aberdeen (NSW),15650,Muswellbrook,0.0125447,Good,Good,0
10007,Aberdeen (NSW),17620,Upper Hunter Shire,0.9874553,Good,Good,0
10008,Aberfoyle,10180,Armidale Regional,1,Good,Good,0
10009,Aberglasslyn,15050,Maitland,1,Good,Good,0
10010,Abermain,11720,Cessnock,1,Good,Good,0
10011,Abernethy,11720,Cessnock,1,Good,Good,0
10012,Abington (NSW),17650,Uralla,1,Good,Good,0
10013,Acacia Creek,17400,Tenterfield,1,Good,Good,0
10014,Acacia Gardens,10750,Blacktown,1,Good,Good,0
10015,Adaminaby,17040,Snowy Monaro Regional,1,Good,Good,0
10016,Adamstown,15900,Newcastle,1,Good,Good,0
10017,Adamstown Heights,14650,Lake Macquarie,0.1594864,Good,Good,0
10017,Adamstown Heights,15900,Newcastle,0.8405136,Good,Good,0
10018,Adelong,17080,Snowy Valleys,1,Good,Good,0
10019,Adjungbilly,12160,Cootamundra-Gundagai Regional,1,Good,Good,0
10020,Afterlee,14550,Kyogle,1,Good,Good,0
10021,Agnes Banks,13800,Hawkesbury,0.5095944,Good,Good,0
10021,Agnes Banks,16350,Penrith,0.4904056,Good,Good,0
10022,Airds,11500,Campbelltown (NSW),1,Good,Good,0
10023,Akolele,12750,Eurobodalla,1,Good,Good,0
10024,Albert,14600,Lachlan,1,Good,Good,0
10025,Albion Park,16900,Shellharbour,1,Good,Good,0
10026,Albion Park Rail,16900,Shellharbour,1,Good,Good,0
10027,Albury,10050,Albury,1,Good,Good,0
10028,Aldavilla,14350,Kempsey,1,Good,Good,0
10029,Alectown,16200,Parkes,1,Good,Good,0
10030,Alexandria,17200,Sydney,1,Good,Good,0
10031,Alfords Point,17150,Sutherland Shire,1,Good,Good,0
10032,Alfredtown,17750,Wagga Wagga,1,Good,Good,0
10033,Alice,11730,Clarence Valley,1,Good,Good,0
10034,Alison (Central Coast - NSW),11650,Central Coast (NSW),1,Good,Good,0
10035,Alison (Dungog - NSW),12700,Dungog,1,Good,Good,0
10036,Allambie Heights,15990,Northern Beaches,1,Good,Good,0
10037,Allandale (NSW),11720,Cessnock,0.5753218,Good,Good,0
10037,Allandale (NSW),15050,Maitland,0.4246782,Good,Good,0
10038,Allawah,12930,Georges River,1,Acceptable,Good,0
10039,Alleena,10800,Bland,1,Good,Good,0
10040,Allgomera,15700,Nambucca Valley,1,Good,Good,0
10041,Allworth,15240,Mid-Coast,1,Good,Good,0
10042,Allynbrook,12700,Dungog,1,Good,Good,0
10043,Alma Park,13340,Greater Hume Shire,0.859523,Good,Good,0
10043,Alma Park,14950,Lockhart,0.140477,Good,Good,0
10044,Alpine,18350,Wingecarribee,1,Good,Good,0
10045,Alstonvale,10250,Ballina,1,Good,Good,0
10046,Alstonville,10250,Ballina,1,Good,Good,0
10047,Alumy Creek,11730,Clarence Valley,1,Good,Good,0
10048,Amaroo (NSW),11400,Cabonne,1,Good,Good,0
10049,Ambarvale,11500,Campbelltown (NSW),1,Good,Good,0
10050,Amosfield,17400,Tenterfield,1,Good,Good,0
10051,Anabranch North,18200,Wentworth,1,Good,Good,0
10052,Anabranch South,18200,Wentworth,1,Good,Good,0
10053,Anambah,15050,Maitland,1,Good,Good,0
10054,Ando,17040,Snowy Monaro Regional,1,Good,Good,0
10055,Anembo,17040,Snowy Monaro Regional,1,Good,Good,0
10056,Angledale,10550,Bega Valley,1,Good,Good,0
10057,Angledool,11200,Brewarrina,0.6855023,Good,Good,0
10057,Angledool,17900,Walgett,0.3144977,Good,Good,0
10058,Anglers Reach,17040,Snowy Monaro Regional,1,Good,Good,0
10059,Angourie,11730,Clarence Valley,1,Good,Good,0
10060,Angus,10750,Blacktown,1,Good,Good,0
10061,Anna Bay,16400,Port Stephens,1,Good,Good,0
10062,Annandale (NSW),14170,Inner West,0.9975686,Good,Good,0
10062,Annandale (NSW),17200,Sydney,0.0024314,Good,Good,1
10063,Annangrove,17420,The Hills Shire,1,Good,Good,0
10064,Appin (NSW),18400,Wollondilly,1,Good,Good,0
10065,Apple Tree Flat,15270,Mid-Western Regional,1,Good,Good,0
10066,Appleby,17310,Tamworth Regional,1,Good,Good,0
10067,Appletree Flat,17000,Singleton,1,Good,Good,0
10068,Apsley (NSW),12390,Dubbo Regional,1,Good,Good,0
10069,Arable,17040,Snowy Monaro Regional,1,Good,Good,0
10070,Arakoon,14350,Kempsey,1,Good,Good,0
10071,Araluen (NSW),16490,Queanbeyan-Palerang Regional,1,Good,Good,0
10072,Aratula (NSW),15520,Murray River,1,Good,Good,0
10073,Arcadia (NSW),14000,Hornsby,1,Acceptable,Good,0
10074,Arcadia Vale,14650,Lake Macquarie,1,Good,Good,0
10075,Ardglen,14920,Liverpool Plains,1,Good,Good,0
10076,Arding,17650,Uralla,1,Good,Good,0
10077,Ardlethan,10800,Bland,0.072334,Good,Good,0
10077,Ardlethan,12000,Coolamon,0.9042282,Good,Good,0
10077,Ardlethan,15800,Narrandera,0.0234378,Good,Good,0
10078,Argalong,17080,Snowy Valleys,1,Good,Good,0
10079,Argenton,14650,Lake Macquarie,1,Good,Good,0
10080,Argents Hill,15700,Nambucca Valley,1,Good,Good,0
10081,Argoon,15560,Murrumbidgee,1,Good,Good,0
10082,Ariah Park,10800,Bland,0.0947247,Good,Good,0
10082,Ariah Park,17350,Temora,0.9052753,Good,Good,0
10083,Arkell,10470,Bathurst Regional,1,Good,Good,0
10084,Arkstone,16100,Oberon,1,Good,Good,0
10085,Armatree,12950,Gilgandra,1,Good,Good,0
10086,Armidale,10180,Armidale Regional,1,Good,Good,0
10087,Arncliffe,10500,Bayside (NSW),1,Good,Good,0
10088,Arndell Park,10750,Blacktown,1,Good,Good,0
10089,Arrawarra,11800,Coffs Harbour,1,Good,Good,0
10090,Arrawarra Headland,11800,Coffs Harbour,1,Good,Good,0
10091,Artarmon,18250,Willoughby,1,Good,Good,0
10092,Arthurville,12390,Dubbo Regional,1,Good,Good,0
10093,Arumpo,10300,Balranald,0.4872123,Good,Good,0
10093,Arumpo,18200,Wentworth,0.5127877,Good,Good,0
10094,Ashbury,11570,Canterbury-Bankstown,0.9615563,Good,Good,0
10094,Ashbury,14170,Inner West,0.0384437,Good,Good,0
10095,Ashby (NSW),11730,Clarence Valley,1,Good,Good,0
10096,Ashby Heights,11730,Clarence Valley,1,Good,Good,0
10097,Ashby Island,11730,Clarence Valley,1,Good,Good,0
10098,Ashcroft,14900,Liverpool,1,Good,Good,0
10099,Ashfield (NSW),14170,Inner West,1,Good,Good,0
10100,Ashford (NSW),14220,Inverell,1,Good,Good,0
10101,Ashley,15300,Moree Plains,1,Good,Good,0
10102,Ashmont,17750,Wagga Wagga,1,Good,Good,0
10103,Ashtonfield,15050,Maitland,1,Good,Good,0
10104,Asquith,14000,Hornsby,1,Acceptable,Good,0
10105,Atholwood,14220,Inverell,1,Good,Good,0
10106,Attunga,17310,Tamworth Regional,1,Good,Good,0
10107,Auburn (NSW),12380,Cumberland,1,Good,Good,0
10108,Auburn Vale,14220,Inverell,1,Good,Good,0
10109,Austinmer,18450,Wollongong,1,Good,Good,0
10110,Austral,14900,Liverpool,1,Good,Good,0
10111,Austral Eden,14350,Kempsey,1,Good,Good,0
10112,Avalon Beach,15990,Northern Beaches,1,Good,Good,0
10113,Avisford,15270,Mid-Western Regional,1,Good,Good,0
10114,Avoca (NSW),18350,Wingecarribee,1,Good,Good,0
10115,Avoca Beach,11650,Central Coast (NSW),1,Good,Good,0
10116,Avon (NSW),18350,Wingecarribee,0.6,Good,Good,0
10116,Avon (NSW),18450,Wollongong,0.4,Good,Good,0
10117,Avondale (NSW),18450,Wollongong,1,Good,Good,0
10118,Avonside,17040,Snowy Monaro Regional,1,Good,Good,0
10119,Awaba,14650,Lake Macquarie,1,Good,Good,0
10120,Aylmerton,18350,Wingecarribee,1,Good,Good,0
10121,Baan Baa,15750,Narrabri,1,Good,Good,0
10122,Babinda (NSW),10950,Bogan,1,Good,Good,0
10123,Babyl Creek,14550,Kyogle,1,Good,Good,0
10124,Back Creek (Bland - NSW),10800,Bland,1,Good,Good,0
10125,Back Creek (Gwydir - NSW),13660,Gwydir,1,Good,Good,0
10126,Back Creek (Mid-Coast - NSW),15240,Mid-Coast,1,Good,Good,0
10127,Back Creek (Queanbeyan-Palerang Regional - NSW),16490,Queanbeyan-Palerang Regional,1,Good,Good,0
10128,Back Creek (Tenterfield - NSW),17400,Tenterfield,1,Good,Good,0
10129,Back Creek (Tweed - NSW),17550,Tweed,1,Good,Good,0
10130,Back Forest,16950,Shoalhaven,1,Good,Good,0
10131,Backmede,16610,Richmond Valley,1,Good,Good,0
10132,Backwater,10180,Armidale Regional,1,Good,Good,0
10133,Badgerys Creek,14900,Liverpool,0.9431508,Good,Good,0
10133,Badgerys Creek,16350,Penrith,0.0568492,Good,Good,0
10134,Badja,17040,Snowy Monaro Regional,1,Good,Good,0
10135,Baerami,15650,Muswellbrook,1,Good,Good,0
10136,Baerami Creek,15650,Muswellbrook,1,Good,Good,0
10137,Bagnoo,16380,Port Macquarie-Hastings,1,Good,Good,0
10138,Bago,16380,Port Macquarie-Hastings,1,Good,Good,0
10139,Bagotville,10250,Ballina,1,Good,Good,0
10140,Bakers Creek (Mid-Coast - NSW),15240,Mid-Coast,1,Good,Good,0
10141,Bakers Creek (Nambucca Valley - NSW),15700,Nambucca Valley,1,Good,Good,0
10142,Bakers Creek (Uralla - NSW),17650,Uralla,1,Good,Good,0
10143,Bakers Swamp,12390,Dubbo Regional,1,Good,Good,0
10144,Balaclava (NSW),18350,Wingecarribee,1,Good,Good,0
10145,Balala,17650,Uralla,1,Good,Good,0
10146,Balcolyn,14650,Lake Macquarie,1,Good,Good,0
10147,Bald Blair,10180,Armidale Regional,1,Good,Good,0
10148,Bald Hills (NSW),10550,Bega Valley,1,Good,Good,0
10149,Bald Nob,13010,Glen Innes Severn,1,Good,Good,0
10150,Bald Ridge,10470,Bathurst Regional,0.0005869,Good,Good,1
10150,Bald Ridge,16100,Oberon,0.9994131,Good,Good,0
10151,Baldersleigh,10180,Armidale Regional,1,Good,Good,0
10152,Baldry,11400,Cabonne,1,Good,Good,0
10153,Balfours Peak,13660,Gwydir,1,Good,Good,0
10154,Balgowlah,15990,Northern Beaches,1,Good,Good,0
10155,Balgowlah Heights,15990,Northern Beaches,1,Good,Good,0
10156,Balgownie,18450,Wollongong,1,Good,Good,0
10157,Balickera,16400,Port Stephens,1,Good,Good,0
10158,Balladoran,12950,Gilgandra,1,Good,Good,0
10159,Ballalaba,16490,Queanbeyan-Palerang Regional,1,Good,Good,0
10160,Balldale,12870,Federation,0.6380526,Good,Good,0
10160,Balldale,13340,Greater Hume Shire,0.3619474,Good,Good,0
10161,Ballengarra,16380,Port Macquarie-Hastings,1,Good,Good,0
10162,Ballimore,12390,Dubbo Regional,1,Good,Good,0
10163,Ballina,10250,Ballina,1,Good,Good,0
10164,Ballyroe,16100,Oberon,1,Good,Good,0
10165,Balmain,14170,Inner West,1,Good,Good,0
10166,Balmain East,14170,Inner West,0.9978697,Good,Good,0
10166,Balmain East,19399,Unincorporated NSW,0.0021303,Acceptable,Good,1
10167,Balmoral (Lake Macquarie - NSW),14650,Lake Macquarie,1,Good,Good,0
10168,Balmoral (Wingecarribee - NSW),18350,Wingecarribee,1,Good,Good,0
10169,Balranald,10300,Balranald,1,Good,Good,0
10170,Bamarang,16950,Shoalhaven,1,Good,Good,0
10171,Banda Banda,16380,Port Macquarie-Hastings,1,Good,Good,0
10172,Bandon Grove,12700,Dungog,1,Good,Good,0
10173,Bangadang,17080,Snowy Valleys,1,Good,Good,0
10174,Bangalee (NSW),16950,Shoalhaven,1,Good,Good,0
10175,Bangalow,11350,Byron,1,Good,Good,0
10176,Bangheet,13660,Gwydir,1,Good,Good,0
10177,Bango,18710,Yass Valley,1,Good,Good,0
10178,Bangor (NSW),17150,Sutherland Shire,1,Good,Good,0
10179,Banksia,10500,Bayside (NSW),1,Good,Good,0
10180,Banksmeadow,10500,Bayside (NSW),1,Good,Good,0
10181,Bankstown,11570,Canterbury-Bankstown,1,Good,Good,0
10182,Bankstown Aerodrome,11570,Canterbury-Bankstown,1,Good,Good,0
10183,Bannaby,17640,Upper Lachlan Shire,1,Good,Good,0
10184,Bannister (NSW),17640,Upper Lachlan Shire,1,Good,Good,0
10185,Banoon,17310,Tamworth Regional,1,Good,Good,0
10186,Banora Point,17550,Tweed,1,Good,Good,0
10187,Banyabba,11730,Clarence Valley,0.9996777,Good,Good,0
10187,Banyabba,16610,Richmond Valley,0.0003223,Good,Good,1
10188,Bar Beach,15900,Newcastle,1,Good,Good,0
10189,Bar Point,11650,Central Coast (NSW),1,Good,Good,0
10190,Bara,15270,Mid-Western Regional,1,Good,Good,0
10191,Baradine,18020,Warrumbungle Shire,1,Good,Good,0
10192,Barangaroo,17200,Sydney,1,Good,Good,0
10193,Barcoongere,11730,Clarence Valley,0.5714286,Good,Good,0
10193,Barcoongere,11800,Coffs Harbour,0.4285714,Good,Good,0
10194,Barden Ridge,17150,Sutherland Shire,1,Good,Good,0
10195,Bardia,11500,Campbelltown (NSW),1,Good,Good,0
10196,Bardwell Park,10500,Bayside (NSW),1,Good,Good,0
10197,Bardwell Valley,10500,Bayside (NSW),1,Good,Good,0
10198,Barellan,10800,Bland,0.0866658,Good,Good,0
10198,Barellan,15800,Narrandera,0.9133342,Good,Good,0
10199,Bargo,18350,Wingecarribee,4.40E-06,Good,Good,1
10199,Bargo,18400,Wollondilly,0.9999956,Good,Good,0
10200,Barham,15520,Murray River,1,Good,Good,0
10201,Barigan,15270,Mid-Western Regional,1,Good,Good,0
10202,Barkers Vale,14550,Kyogle,1,Good,Good,0
10203,Barmedman,10800,Bland,0.9278663,Good,Good,0
10203,Barmedman,17350,Temora,0.0721337,Good,Good,0
10204,Barneys Reef,15270,Mid-Western Regional,1,Good,Good,0
10205,Barnsley,14650,Lake Macquarie,1,Good,Good,0
10206,Barooga,10650,Berrigan,1,Good,Good,0
10207,Barraba,13660,Gwydir,0.0053621,Good,Good,1
10207,Barraba,17310,Tamworth Regional,0.9946379,Good,Good,0
10208,Barrack Heights,16900,Shellharbour,1,Good,Good,0
10209,Barrack Point,16900,Shellharbour,1,Good,Good,0
10210,Barraganyatti,14350,Kempsey,1,Good,Good,0
10211,Barragga Bay,10550,Bega Valley,1,Good,Good,0
10212,Barratta (NSW),12730,Edward River,1,Good,Good,0
10213,Barren Grounds,14400,Kiama,0.5,Good,Good,0
10213,Barren Grounds,16950,Shoalhaven,0.5,Good,Good,0
10214,Barrengarry,16950,Shoalhaven,1,Good,Good,0
10215,Barretts Creek,11730,Clarence Valley,1,Good,Good,0
10216,Barringella,16950,Shoalhaven,1,Good,Good,0
10217,Barrington (NSW),15240,Mid-Coast,1,Good,Good,0
10218,Barrington Tops,15240,Mid-Coast,1,Good,Good,0
10219,Barry (Blayney - NSW),10850,Blayney,1,Good,Good,0
10220,Barry (Tamworth Regional - NSW),17310,Tamworth Regional,0.5,Good,Good,0
10220,Barry (Tamworth Regional - NSW),17620,Upper Hunter Shire,0.5,Good,Good,0
10221,Barwang,13910,Hilltops,1,Good,Good,0
10222,Baryulgil,11730,Clarence Valley,1,Good,Good,0
10223,Basin View,16950,Shoalhaven,1,Good,Good,0
10224,Bass Hill,11570,Canterbury-Bankstown,1,Good,Good,0
10225,Bassendean (NSW),14220,Inverell,1,Good,Good,0
10226,Batar Creek,16380,Port Macquarie-Hastings,1,Good,Good,0
10227,Bateau Bay,11650,Central Coast (NSW),1,Good,Good,0
10228,Batehaven,12750,Eurobodalla,1,Good,Good,0
10229,Batemans Bay,12750,Eurobodalla,1,Good,Good,0
10230,Bathampton,10470,Bathurst Regional,1,Good,Good,0
10231,Bathurst,10470,Bathurst Regional,1,Good,Good,0
10232,Batlow,17080,Snowy Valleys,1,Good,Good,0
10233,Baulkham Hills,16260,Parramatta,0.027793,Acceptable,Good,0
10233,Baulkham Hills,17420,The Hills Shire,0.972207,Good,Good,0
10234,Baw Baw (NSW),13310,Goulburn Mulwaree,1,Good,Good,0
10235,Bawley Point,16950,Shoalhaven,1,Good,Good,0
10236,Baxters Ridge,15240,Mid-Coast,1,Good,Good,0
10237,Bayview (NSW),15990,Northern Beaches,1,Good,Good,0
10238,Beacon Hill,15990,Northern Beaches,1,Good,Good,0
10239,Beaconsfield (NSW),17200,Sydney,1,Good,Good,0
10240,Bean Creek,14550,Kyogle,1,Good,Good,0
10241,Bearbong,12950,Gilgandra,1,Good,Good,0
10242,Beaumont (NSW),16950,Shoalhaven,1,Good,Good,0
10243,Beaumont Hills,17420,The Hills Shire,1,Good,Good,0
10244,Beckom,10800,Bland,0.1557431,Good,Good,0
10244,Beckom,12000,Coolamon,0.8442569,Good,Good,0
10245,Bective,17310,Tamworth Regional,1,Good,Good,0
10246,Bectric,17350,Temora,1,Good,Good,0
10247,Bedgerabong,12900,Forbes,1,Good,Good,0
10248,Beechwood,16380,Port Macquarie-Hastings,1,Good,Good,0
10249,Beecroft,14000,Hornsby,0.7415163,Acceptable,Good,0
10249,Beecroft,16260,Parramatta,0.2584837,Acceptable,Good,0
10250,Beecroft Peninsula,16950,Shoalhaven,1,Good,Good,0
10251,Beelbangera,13450,Griffith,1,Good,Good,0
10252,Beemunnel,17950,Warren,1,Good,Good,0
10253,Bega,10550,Bega Valley,1,Good,Good,0
10254,Beggan Beggan,13910,Hilltops,1,Good,Good,0
10255,Belanglo,18350,Wingecarribee,1,Good,Good,0
10256,Belbora,15240,Mid-Coast,1,Good,Good,0
10257,Belfield,11570,Canterbury-Bankstown,0.7645683,Good,Good,0
10257,Belfield,17100,Strathfield,0.2354317,Acceptable,Good,0
10258,Belford,17000,Singleton,1,Good,Good,0
10259,Belfrayden,17750,Wagga Wagga,1,Good,Good,0
10260,Belgravia,11400,Cabonne,1,Good,Good,0
10261,Belimbla Park,18400,Wollondilly,1,Good,Good,0
10262,Bell (NSW),10900,Blue Mountains,0.9995244,Good,Good,0
10262,Bell (NSW),14870,Lithgow,0.0004756,Good,Good,1
10263,Bella Vista,17420,The Hills Shire,1,Good,Good,0
10264,Bellambi,18450,Wollongong,1,Good,Good,0
10265,Bellangry,16380,Port Macquarie-Hastings,1,Good,Good,0
10266,Bellata,15300,Moree Plains,0.0965413,Good,Good,0
10266,Bellata,15750,Narrabri,0.9034587,Good,Good,0
10267,Bellawongarah,16950,Shoalhaven,1,Good,Good,0
10268,Bellbird,11720,Cessnock,1,Good,Good,0
10269,Bellbird Heights,11720,Cessnock,1,Good,Good,0
10270,Bellbrook,14350,Kempsey,1,Good,Good,0
10271,Bellevue Hill,18500,Woollahra,1,Acceptable,Good,0
10272,Bellimbopinni,14350,Kempsey,1,Good,Good,0
10273,Bellingen,10600,Bellingen,1,Good,Good,0
10274,Bellmount Forest,17640,Upper Lachlan Shire,0.2155477,Good,Good,0
10274,Bellmount Forest,18710,Yass Valley,0.7844523,Good,Good,0
10275,Belltrees,17620,Upper Hunter Shire,1,Good,Good,0
10276,Belmont (NSW),14650,Lake Macquarie,1,Good,Good,0
10277,Belmont North,14650,Lake Macquarie,1,Good,Good,0
10278,Belmont South,14650,Lake Macquarie,1,Good,Good,0
10279,Belmore,11570,Canterbury-Bankstown,1,Good,Good,0
10280,Belmore River,14350,Kempsey,1,Good,Good,0
10281,Beloka,17040,Snowy Monaro Regional,1,Good,Good,0
10282,Belowra,12750,Eurobodalla,1,Good,Good,0
10283,Belrose,15990,Northern Beaches,1,Good,Good,0
10284,Bemboka,10550,Bega Valley,1,Good,Good,0
10285,Ben Bullen,14870,Lithgow,1,Good,Good,0
10286,Ben Lomond (NSW),10180,Armidale Regional,0.9006665,Good,Good,0
10286,Ben Lomond (NSW),13010,Glen Innes Severn,0.0993335,Good,Good,0
10287,Benandarah,12750,Eurobodalla,1,Good,Good,0
10288,Bendalong,16950,Shoalhaven,1,Good,Good,0
10289,Bendemeer,17310,Tamworth Regional,1,Good,Good,0
10290,Bendick Murrell,13910,Hilltops,1,Good,Good,0
10291,Bendolba,12700,Dungog,1,Good,Good,0
10292,Bendoura,16490,Queanbeyan-Palerang Regional,1,Good,Good,0
10293,Benerembah,11600,Carrathool,0.1482368,Good,Good,0
10293,Benerembah,13450,Griffith,0.8517632,Good,Good,0
10294,Bengalla,15650,Muswellbrook,1,Good,Good,0
10295,Bennetts Green,14650,Lake Macquarie,1,Good,Good,0
10296,Benolong,12390,Dubbo Regional,1,Good,Good,0
10297,Bensville,11650,Central Coast (NSW),1,Good,Good,0
10298,Bentley (NSW),14850,Lismore,0.2291024,Good,Good,0
10298,Bentley (NSW),16610,Richmond Valley,0.7708976,Good,Good,0
10299,Berala,12380,Cumberland,1,Good,Good,0
10300,Berambing,10900,Blue Mountains,0.0693853,Good,Good,0
10300,Berambing,13800,Hawkesbury,0.9306147,Good,Good,0
10301,Beresfield,15900,Newcastle,1,Good,Good,0
10302,Bergalia,12750,Eurobodalla,1,Good,Good,0
10303,Berkeley,18450,Wollongong,1,Good,Good,0
10304,Berkeley Vale,11650,Central Coast (NSW),1,Good,Good,0
10305,Berkshire Park,16350,Penrith,1,Good,Good,0
10306,Berlang,16490,Queanbeyan-Palerang Regional,1,Good,Good,0
10307,Bermagui,10550,Bega Valley,1,Good,Good,0
10308,Berowra,14000,Hornsby,1,Acceptable,Good,0
10309,Berowra Heights,14000,Hornsby,1,Acceptable,Good,0
10310,Berowra Waters,14000,Hornsby,1,Acceptable,Good,0
10311,Berrambool,10550,Bega Valley,1,Good,Good,0
10312,Berrara,16950,Shoalhaven,1,Good,Good,0
10313,Berremangra,13910,Hilltops,1,Good,Good,0
10314,Berrico,15240,Mid-Coast,1,Good,Good,0
10315,Berridale,17040,Snowy Monaro Regional,1,Good,Good,0
10316,Berrigal,15300,Moree Plains,1,Good,Good,0
10317,Berrigan,10650,Berrigan,0.9928514,Good,Good,0
10317,Berrigan,15560,Murrumbidgee,0.0071486,Good,Good,1
10318,Berrilee,14000,Hornsby,1,Acceptable,Good,0
10319,Berrima,18350,Wingecarribee,1,Good,Good,0
10320,Berringer Lake,16950,Shoalhaven,1,Good,Good,0
10321,Berry,16950,Shoalhaven,1,Good,Good,0
10322,Berry Jerry,12000,Coolamon,1,Good,Good,0
10323,Berry Mountain,16950,Shoalhaven,1,Good,Good,0
10324,Berry Park,15050,Maitland,1,Good,Good,0
10325,Berthong,13910,Hilltops,1,Good,Good,0
10326,Beryl,15270,Mid-Western Regional,1,Good,Good,0
10327,Bethungra,14300,Junee,1,Good,Good,0
10328,Bevendale,17640,Upper Lachlan Shire,1,Good,Good,0
10329,Beverley Park,12930,Georges River,1,Acceptable,Good,0
10330,Beverly Hills,11570,Canterbury-Bankstown,0.1671299,Good,Good,0
10330,Beverly Hills,12930,Georges River,0.8328701,Acceptable,Good,0
10331,Bewong,16950,Shoalhaven,1,Good,Good,0
10332,Bexhill,14850,Lismore,1,Good,Good,0
10333,Bexley,10500,Bayside (NSW),1,Good,Good,0
10334,Bexley North,10500,Bayside (NSW),1,Good,Good,0
10335,Biala,17640,Upper Lachlan Shire,1,Good,Good,0
10336,Bibbenluke,17040,Snowy Monaro Regional,1,Good,Good,0
10337,Biddon,12950,Gilgandra,1,Good,Good,0
10338,Bidgeemia,14950,Lockhart,1,Good,Good,0
10339,Bidwill (NSW),10750,Blacktown,1,Good,Good,0
10340,Bielsdown Hills,10600,Bellingen,1,Good,Good,0
10341,Big Hill (NSW),17640,Upper Lachlan Shire,1,Good,Good,0
10342,Big Jacks Creek,14920,Liverpool Plains,1,Good,Good,0
10343,Big Ridge,17000,Singleton,1,Good,Good,0
10344,Big Springs,17750,Wagga Wagga,1,Good,Good,0
10345,Bigga,17640,Upper Lachlan Shire,1,Good,Good,0
10346,Bilambil,17550,Tweed,1,Good,Good,0
10347,Bilambil Heights,17550,Tweed,1,Good,Good,0
10348,Bilbul,13450,Griffith,1,Good,Good,0
10349,Bilgola Beach,15990,Northern Beaches,1,Good,Good,0
10350,Bilgola Plateau,15990,Northern Beaches,1,Good,Good,0
10351,Billeroy,12150,Coonamble,1,Good,Good,0
10352,Billilingra,17040,Snowy Monaro Regional,1,Good,Good,0
10353,Billimari,12350,Cowra,1,Good,Good,0
10354,Billinudgel,11350,Byron,1,Good,Good,0
10355,Billys Creek,11730,Clarence Valley,1,Good,Good,0
10356,Billywillinga,10470,Bathurst Regional,1,Good,Good,0
10357,Bilpin,13800,Hawkesbury,1,Good,Good,0
10358,Bimberi,17080,Snowy Valleys,1,Good,Good,0
10359,Bimbi,18100,Weddin,1,Good,Good,0
10360,Bimbimbie,12750,Eurobodalla,1,Good,Good,0
10361,Binalong,18710,Yass Valley,1,Good,Good,0
10362,Binda,17640,Upper Lachlan Shire,1,Good,Good,0
10363,Bindera,15240,Mid-Coast,1,Good,Good,0
10364,Bingara,13660,Gwydir,1,Good,Good,0
10365,Bingeebeebra Creek,14550,Kyogle,1,Good,Good,0
10366,Bingie,12750,Eurobodalla,1,Good,Good,0
10367,Bingleburra,12700,Dungog,1,Good,Good,0
10368,Biniguy,15300,Moree Plains,1,Good,Good,0
10369,Binjura,17040,Snowy Monaro Regional,1,Good,Good,0
10370,Binna Burra (NSW),11350,Byron,1,Good,Good,0
10371,Binnaway,18020,Warrumbungle Shire,1,Good,Good,0
10372,Binya,11600,Carrathool,0.4961618,Good,Good,0
10372,Binya,15800,Narrandera,0.5038382,Good,Good,0
10373,Birchgrove,14170,Inner West,1,Good,Good,0
10374,Birdwood (NSW),16380,Port Macquarie-Hastings,1,Good,Good,0
10375,Birganbigil,12730,Edward River,1,Good,Good,0
10376,Birmingham Gardens,15900,Newcastle,1,Good,Good,0
10377,Birriwa,15270,Mid-Western Regional,1,Good,Good,0
10378,Birrong,11570,Canterbury-Bankstown,1,Good,Good,0
10379,Bishops Bridge,11720,Cessnock,0.351863,Good,Good,0
10379,Bishops Bridge,15050,Maitland,0.648137,Good,Good,0
10380,Bithramere,17310,Tamworth Regional,1,Good,Good,0
10381,Black Creek (Port Macquarie-Hastings - NSW),16380,Port Macquarie-Hastings,1,Good,Good,0
10382,Black Creek (Snowy Valleys - NSW),17080,Snowy Valleys,1,Good,Good,0
10383,Black Head,15240,Mid-Coast,1,Good,Good,0
10384,Black Hill (NSW),11720,Cessnock,0.3449046,Good,Good,0
10384,Black Hill (NSW),15900,Newcastle,0.6550954,Good,Good,0
10385,Black Hollow,12150,Coonamble,1,Good,Good,0
10386,Black Mountain (NSW),10180,Armidale Regional,1,Good,Good,0
10387,Black Range (NSW),10550,Bega Valley,1,Good,Good,0
10388,Black Springs (NSW),16100,Oberon,1,Good,Good,0
10389,Blackalls Park,14650,Lake Macquarie,1,Good,Good,0
10390,Blackbutt (NSW),16900,Shellharbour,1,Good,Good,0
10391,Blackett,10750,Blacktown,1,Good,Good,0
10392,Blackheath,10900,Blue Mountains,1,Good,Good,0
10393,Blackmans Flat,14870,Lithgow,1,Good,Good,0
10394,Blackmans Point,16380,Port Macquarie-Hastings,1,Good,Good,0
10395,Blacksmiths,14650,Lake Macquarie,1,Good,Good,0
10396,Blacktown,10750,Blacktown,1,Good,Good,0
10397,Blackville,14920,Liverpool Plains,1,Good,Good,0
10398,Blackwall (NSW),11650,Central Coast (NSW),1,Good,Good,0
10399,Blair Athol (NSW),11500,Campbelltown (NSW),1,Good,Good,0
10400,Blairmount,11500,Campbelltown (NSW),1,Good,Good,0
10401,Blakebrook,14850,Lismore,1,Good,Good,0
10402,Blakehurst,12930,Georges River,1,Acceptable,Good,0
10403,Blakney Creek,17640,Upper Lachlan Shire,1,Good,Good,0
10404,Bland,10800,Bland,1,Good,Good,0
10405,Blandford,14920,Liverpool Plains,4.74E-05,Good,Good,1
10405,Blandford,17620,Upper Hunter Shire,0.9999526,Good,Good,0
10406,Blaxland (NSW),10900,Blue Mountains,1,Good,Good,0
10407,Blaxlands Creek,11730,Clarence Valley,1,Good,Good,0
10408,Blaxlands Ridge,13800,Hawkesbury,1,Good,Good,0
10409,Blayney,10850,Blayney,1,Good,Good,0
10410,Bligh Park,13800,Hawkesbury,1,Good,Good,0
10411,Blighty,12730,Edward River,1,Good,Good,0
10412,Blowering,17080,Snowy Valleys,1,Good,Good,0
10413,Blue Bay,11650,Central Coast (NSW),1,Good,Good,0
10414,Blue Haven,11650,Central Coast (NSW),1,Good,Good,0
10415,Blue Knob,14850,Lismore,1,Good,Good,0
10416,Blue Mountains National Park,10900,Blue Mountains,0.6,Good,Good,0
10416,Blue Mountains National Park,18400,Wollondilly,0.4,Good,Good,0
10417,Blue Nobby,13660,Gwydir,1,Good,Good,0
10418,Blue Vale,13550,Gunnedah,1,Good,Good,0
10419,Blueys Beach,15240,Mid-Coast,1,Good,Good,0
10420,Boambee,11800,Coffs Harbour,1,Good,Good,0
10421,Boambee East,11800,Coffs Harbour,1,Good,Good,0
10422,Boambolo,18710,Yass Valley,1,Good,Good,0
10423,Boat Harbour (Lismore - NSW),14850,Lismore,1,Good,Good,0
10424,Boat Harbour (Port Stephens - NSW),16400,Port Stephens,1,Good,Good,0
10425,Bobadah,10950,Bogan,0.7501558,Good,Good,0
10425,Bobadah,14600,Lachlan,0.2498442,Good,Good,0
10426,Bobin,15240,Mid-Coast,1,Good,Good,0
10427,Bobs Creek,16380,Port Macquarie-Hastings,1,Good,Good,0
10428,Bobs Farm,16400,Port Stephens,1,Good,Good,0
10429,Bobundara,17040,Snowy Monaro Regional,1,Good,Good,0
10430,Boco,17040,Snowy Monaro Regional,1,Good,Good,0
10431,Bocoble,15270,Mid-Western Regional,1,Good,Good,0
10432,Bocobra,11400,Cabonne,1,Good,Good,0
10433,Bodalla,12750,Eurobodalla,1,Good,Good,0
10434,Bodangora,12390,Dubbo Regional,1,Good,Good,0
10435,Boeill Creek,18200,Wentworth,1,Good,Good,0
10436,Bogan,17950,Warren,1,Good,Good,0
10437,Bogan Gate,16200,Parkes,1,Good,Good,0
10438,Bogangar,17550,Tweed,1,Good,Good,0
10439,Bogee,14870,Lithgow,1,Good,Good,0
10440,Boggabilla,15300,Moree Plains,1,Good,Good,0
10441,Boggabri,13550,Gunnedah,0.0274647,Good,Good,0
10441,Boggabri,15750,Narrabri,0.9725353,Good,Good,0
10442,Bogong Peaks Wilderness,17080,Snowy Valleys,1,Good,Good,0
10443,Bohena Creek,15750,Narrabri,1,Good,Good,0
10444,Bohnock,15240,Mid-Coast,1,Good,Good,0
10445,Bolaro,17040,Snowy Monaro Regional,1,Good,Good,0
10446,Bolivia,17400,Tenterfield,1,Good,Good,0
10447,Bolong,16950,Shoalhaven,1,Good,Good,0
10448,Bolton Point,14650,Lake Macquarie,1,Good,Good,0
10449,Bolwarra (NSW),15050,Maitland,1,Good,Good,0
10450,Bolwarra Heights,15050,Maitland,1,Good,Good,0
10451,Bom Bom,11730,Clarence Valley,1,Good,Good,0
10452,Bomaderry,16950,Shoalhaven,1,Good,Good,0
10453,Bombah Point,15240,Mid-Coast,1,Good,Good,0
10454,Bombala,17040,Snowy Monaro Regional,1,Good,Good,0
10455,Bombay,16490,Queanbeyan-Palerang Regional,1,Good,Good,0
10456,Bombira,15270,Mid-Western Regional,1,Good,Good,0
10457,Bombo,14400,Kiama,1,Good,Good,0
10458,Bombowlee,17080,Snowy Valleys,1,Good,Good,0
10459,Bombowlee Creek,17080,Snowy Valleys,1,Good,Good,0
10460,Bomen,17750,Wagga Wagga,1,Good,Good,0
10461,Bonalbo,14550,Kyogle,1,Good,Good,0
10462,Bondi,18050,Waverley,1,Good,Good,0
10463,Bondi Beach,18050,Waverley,1,Good,Good,0
10464,Bondi Forest,17040,Snowy Monaro Regional,1,Good,Good,0
10465,Bondi Junction,18050,Waverley,1,Good,Good,0
10466,Bonnells Bay,14650,Lake Macquarie,1,Good,Good,0
10467,Bonnet Bay,17150,Sutherland Shire,1,Good,Good,0
10468,Bonny Hills,16380,Port Macquarie-Hastings,1,Good,Good,0
10469,Bonnyrigg,12850,Fairfield,1,Good,Good,0
10470,Bonnyrigg Heights,12850,Fairfield,1,Good,Good,0
10471,Bonshaw (NSW),14220,Inverell,1,Good,Good,0
10472,Bonville,11800,Coffs Harbour,1,Good,Good,0
10473,Booerie Creek,14850,Lismore,1,Good,Good,0
10474,Book Book,17750,Wagga Wagga,1,Good,Good,0
10475,Booker Bay,11650,Central Coast (NSW),1,Good,Good,0
10476,Bookham,18710,Yass Valley,1,Good,Good,0
10477,Bookookoorara,17400,Tenterfield,1,Good,Good,0
10478,Bookram,11730,Clarence Valley,1,Good,Good,0
10479,Boolambayte,15240,Mid-Coast,1,Good,Good,0
10480,Boolaroo,14650,Lake Macquarie,1,Good,Good,0
10481,Boolcarroll,15750,Narrabri,1,Good,Good,0
10482,Booligal,10300,Balranald,0.0001019,Good,Good,1
10482,Booligal,11600,Carrathool,0.0306798,Good,Good,0
10482,Booligal,13850,Hay,0.9692182,Good,Good,0
10483,Boolijah,16950,Shoalhaven,1,Good,Good,0
10484,Boomanoomana,10650,Berrigan,1,Good,Good,0
10485,Boomerang Beach,15240,Mid-Coast,1,Good,Good,0
10486,Boomey,11400,Cabonne,1,Good,Good,0
10487,Boomi,15300,Moree Plains,1,Good,Good,0
10488,Boomi Creek,14550,Kyogle,1,Good,Good,0
10489,Boona Mount,14600,Lachlan,1,Good,Good,0
10490,Boonal,13660,Gwydir,1,Good,Good,0
10491,Boonoo Boonoo,17400,Tenterfield,1,Good,Good,0
10492,Boorabee Park,14550,Kyogle,1,Good,Good,0
10493,Booragul,14650,Lake Macquarie,1,Good,Good,0
10494,Booral (NSW),15240,Mid-Coast,1,Good,Good,0
10495,Boorga,11600,Carrathool,1,Good,Good,0
10496,Boorganna,16380,Port Macquarie-Hastings,1,Good,Good,0
10497,Boorolong,10180,Armidale Regional,0.9998592,Good,Good,0
10497,Boorolong,17650,Uralla,0.0001408,Good,Good,1
10498,Boorook,17400,Tenterfield,1,Good,Good,0
10499,Boorooma,17750,Wagga Wagga,1,Good,Good,0
10500,Booroorban,12730,Edward River,0.8533496,Good,Good,0
10500,Booroorban,13850,Hay,0.1466504,Good,Good,0
10501,Boorowa,13910,Hilltops,1,Good,Good,0
10502,Bootawa,15240,Mid-Coast,1,Good,Good,0
10503,Booti Booti,15240,Mid-Coast,1,Good,Good,0
10504,Booyong,11350,Byron,0.5,Good,Good,0
10504,Booyong,14850,Lismore,0.5,Good,Good,0
10505,Bora Ridge,16610,Richmond Valley,1,Good,Good,0
10506,Borah Creek,17310,Tamworth Regional,1,Good,Good,0
10507,Borambola,17750,Wagga Wagga,1,Good,Good,0
10508,Border Ranges,14550,Kyogle,1,Good,Good,0
10509,Boree,11400,Cabonne,1,Good,Good,0
10510,Boree Creek,12870,Federation,0.6233528,Good,Good,0
10510,Boree Creek,14950,Lockhart,0.2076073,Good,Good,0
10510,Boree Creek,15800,Narrandera,0.1690399,Good,Good,0
10511,Borenore,11400,Cabonne,1,Good,Good,0
10512,Boro,16490,Queanbeyan-Palerang Regional,1,Good,Good,0
10513,Bossley Park,12850,Fairfield,1,Good,Good,0
10514,Bostobrick,10600,Bellingen,1,Good,Good,0
10515,Botany,10500,Bayside (NSW),1,Good,Good,0
10516,Botobolar,15270,Mid-Western Regional,1,Good,Good,0
10517,Bottle Creek,14550,Kyogle,1,Good,Good,0
10518,Bouddi,11650,Central Coast (NSW),1,Good,Good,0
10519,Bourbah,12150,Coonamble,1,Good,Good,0
10520,Bourke,11150,Bourke,1,Good,Good,0
10521,Bourkelands,17750,Wagga Wagga,1,Good,Good,0
10522,Bournda,10550,Bega Valley,1,Good,Good,0
10523,Bournewood,12390,Dubbo Regional,1,Good,Good,0
10524,Bow Bowing,11500,Campbelltown (NSW),1,Good,Good,0
10525,Bowan Park,11400,Cabonne,1,Good,Good,0
10526,Bowen Mountain,13800,Hawkesbury,1,Good,Good,0
10527,Bowenfels,14870,Lithgow,1,Good,Good,0
10528,Bowling Alley Point,17310,Tamworth Regional,1,Good,Good,0
10529,Bowman,15240,Mid-Coast,1,Good,Good,0
10530,Bowman Farm,15240,Mid-Coast,1,Good,Good,0
10531,Bowmans Creek,15650,Muswellbrook,0.2943596,Good,Good,0
10531,Bowmans Creek,17000,Singleton,0.7056404,Good,Good,0
10532,Bowna,13340,Greater Hume Shire,1,Good,Good,0
10533,Bowning,18710,Yass Valley,1,Good,Good,0
10534,Bowral,18350,Wingecarribee,1,Good,Good,0
10535,Bowraville,15700,Nambucca Valley,1,Good,Good,0
10536,Box Head,11650,Central Coast (NSW),1,Good,Good,0
10537,Box Hill (NSW),17420,The Hills Shire,1,Good,Good,0
10538,Boxers Creek,13310,Goulburn Mulwaree,1,Good,Good,0
10539,Boydtown,10550,Bega Valley,1,Good,Good,0
10540,Bradbury (NSW),11500,Campbelltown (NSW),1,Good,Good,0
10541,Braefield,14920,Liverpool Plains,1,Good,Good,0
10542,Braemar,18350,Wingecarribee,1,Good,Good,0
10543,Braemar Bay,17040,Snowy Monaro Regional,1,Good,Good,0
10544,Braidwood,16490,Queanbeyan-Palerang Regional,1,Good,Good,0
10545,Brandy Hill,16400,Port Stephens,1,Good,Good,0
10546,Branxton,11720,Cessnock,0.4355574,Good,Good,0
10546,Branxton,17000,Singleton,0.5644426,Good,Good,0
10547,Braunstone,11730,Clarence Valley,1,Good,Good,0
10548,Brawboy,17620,Upper Hunter Shire,1,Good,Good,0
10549,Bray Park (NSW),17550,Tweed,1,Good,Good,0
10550,Brays Creek,17550,Tweed,1,Good,Good,0
10551,Brayton,13310,Goulburn Mulwaree,0.6208302,Good,Good,0
10551,Brayton,17640,Upper Lachlan Shire,0.3791698,Good,Good,0
10552,Breadalbane (NSW),13310,Goulburn Mulwaree,9.43E-05,Good,Good,1
10552,Breadalbane (NSW),17640,Upper Lachlan Shire,0.9999057,Good,Good,0
10553,Breakfast Creek,15270,Mid-Western Regional,1,Good,Good,0
10554,Breakfast Point,11520,Canada Bay,1,Good,Good,0
10555,Bream Beach,16950,Shoalhaven,1,Good,Good,0
10556,Bredbo,17040,Snowy Monaro Regional,1,Good,Good,0
10557,Breelong,12950,Gilgandra,1,Good,Good,0
10558,Breeza,13550,Gunnedah,1,Good,Good,0
10559,Bretti,15240,Mid-Coast,1,Good,Good,0
10560,Brewarrina,11200,Brewarrina,1,Good,Good,0
10561,Brewongle,10470,Bathurst Regional,1,Good,Good,0
10562,Briarbrook,10180,Armidale Regional,0.9994742,Good,Good,0
10562,Briarbrook,17650,Uralla,0.0005258,Good,Good,1
10563,Bribbaree,13910,Hilltops,0.8551887,Good,Good,0
10563,Bribbaree,18100,Weddin,0.1448113,Good,Good,0
10564,Bridgman,17000,Singleton,1,Good,Good,0
10565,Brierfield,10600,Bellingen,1,Good,Good,0
10566,Brighton-Le-Sands,10500,Bayside (NSW),1,Good,Good,0
10567,Brightwaters,14650,Lake Macquarie,1,Good,Good,0
10568,Bril Bril,16380,Port Macquarie-Hastings,1,Good,Good,0
10569,Brimbin,15240,Mid-Coast,1,Good,Good,0
10570,Brindabella,17080,Snowy Valleys,0.9995845,Good,Good,0
10570,Brindabella,18710,Yass Valley,0.0004155,Good,Good,1
10571,Brinerville,10600,Bellingen,0.5,Good,Good,0
10571,Brinerville,15700,Nambucca Valley,0.5,Good,Good,0
10572,Bringelly,11450,Camden,0.2256984,Good,Good,0
10572,Bringelly,14900,Liverpool,0.7743016,Good,Good,0
10573,Bringenbrong,17080,Snowy Valleys,1,Good,Good,0
10574,Brisbane Grove,13310,Goulburn Mulwaree,1,Good,Good,0
10575,Broadmeadow,15900,Newcastle,1,Good,Good,0
10576,Broadwater (Bega Valley - NSW),10550,Bega Valley,1,Good,Good,0
10577,Broadwater (Richmond Valley - NSW),14850,Lismore,0.078072,Good,Good,0
10577,Broadwater (Richmond Valley - NSW),16610,Richmond Valley,0.921928,Good,Good,0
10578,Broadway,17640,Upper Lachlan Shire,1,Good,Good,0
10579,Brobenah,15800,Narrandera,1,Good,Good,0
10580,Brocklehurst,12390,Dubbo Regional,1,Good,Good,0
10581,Brocklesby,13340,Greater Hume Shire,1,Good,Good,0
10582,Brockley,10180,Armidale Regional,1,Good,Good,0
10583,Brodies Plains,14220,Inverell,1,Good,Good,0
10584,Brogans Creek,14870,Lithgow,0.0049628,Good,Good,1
10584,Brogans Creek,15270,Mid-Western Regional,0.9950372,Good,Good,0
10585,Brogers Creek,16950,Shoalhaven,1,Good,Good,0
10586,Brogo,10550,Bega Valley,1,Good,Good,0
10587,Broke (NSW),17000,Singleton,1,Good,Good,0
10588,Broken Head,10250,Ballina,0.0831321,Good,Good,0
10588,Broken Head,11350,Byron,0.9168679,Good,Good,0
10589,Broken Hill,11250,Broken Hill,0.9936102,Good,Good,0
10589,Broken Hill,19399,Unincorporated NSW,0.0063898,Acceptable,Good,1
10590,Brombin,16380,Port Macquarie-Hastings,1,Good,Good,0
10591,Bronte,18050,Waverley,1,Good,Good,0
10592,Brookdale (NSW),17750,Wagga Wagga,1,Good,Good,0
10593,Brookfield (NSW),12700,Dungog,1,Good,Good,0
10594,Brooklana,11800,Coffs Harbour,1,Good,Good,0
10595,Brooklet,10250,Ballina,1,Good,Good,0
10596,Brooklyn (NSW),14000,Hornsby,1,Acceptable,Good,0
10597,Brookong,14950,Lockhart,1,Good,Good,0
10598,Brookvale,15990,Northern Beaches,1,Good,Good,0
10599,Brooman,16950,Shoalhaven,1,Good,Good,0
10600,Brooms Head,11730,Clarence Valley,1,Good,Good,0
10601,Broughams Gate,19399,Unincorporated NSW,1,Acceptable,Good,0
10602,Broughton (NSW),16950,Shoalhaven,1,Good,Good,0
10603,Broughton Vale,16950,Shoalhaven,1,Good,Good,0
10604,Broughton Village,14400,Kiama,1,Good,Good,0
10605,Broulee,12750,Eurobodalla,1,Good,Good,0
10606,Brownlow Hill,18400,Wollondilly,1,Good,Good,0
10607,Browns Creek,10850,Blayney,1,Good,Good,0
10608,Browns Mountain,16950,Shoalhaven,1,Good,Good,0
10609,Brownsville,18450,Wollongong,1,Good,Good,0
10610,Brucedale,17750,Wagga Wagga,1,Good,Good,0
10611,Bruie Plains,16200,Parkes,1,Good,Good,0
10612,Bruinbun,10470,Bathurst Regional,1,Good,Good,0
10613,Brumby Plains,14550,Kyogle,1,Good,Good,0
10614,Brundee,16950,Shoalhaven,1,Good,Good,0
10615,Brungle,17080,Snowy Valleys,1,Good,Good,0
10616,Brungle Creek,17080,Snowy Valleys,1,Good,Good,0
10617,Brunkerville,11720,Cessnock,1,Good,Good,0
10618,Brunswick Heads,11350,Byron,1,Good,Good,0
10619,Brushgrove,11730,Clarence Valley,1,Good,Good,0
10620,Brushy Creek,10180,Armidale Regional,1,Good,Good,0
10621,Buangla,16950,Shoalhaven,1,Good,Good,0
10622,Bucca (NSW),11800,Coffs Harbour,1,Good,Good,0
10623,Bucca Wauka,15240,Mid-Coast,1,Good,Good,0
10624,Buccarumbi,11730,Clarence Valley,1,Good,Good,0
10625,Buchanan (NSW),11720,Cessnock,1,Good,Good,0
10626,Buckajo,10550,Bega Valley,1,Good,Good,0
10627,Buckaroo,15270,Mid-Western Regional,1,Good,Good,0
10628,Buckenbowra,12750,Eurobodalla,1,Good,Good,0
10629,Buckenderra,17040,Snowy Monaro Regional,1,Good,Good,0
10630,Buckendoon,14850,Lismore,1,Good,Good,0
10631,Bucketty,11720,Cessnock,0.9999379,Good,Good,0
10631,Bucketty,13800,Hawkesbury,6.21E-05,Good,Good,1
10632,Buckra Bendinni,15700,Nambucca Valley,1,Good,Good,0
10633,Budawang,16490,Queanbeyan-Palerang Regional,0.9993347,Good,Good,0
10633,Budawang,16950,Shoalhaven,0.0006653,Good,Good,1
10634,Buddabadah,10950,Bogan,1,Good,Good,0
10635,Budden,15270,Mid-Western Regional,1,Good,Good,0
10636,Budderoo,14400,Kiama,0.6666667,Good,Good,0
10636,Budderoo,16950,Shoalhaven,0.3333333,Good,Good,0
10637,Buddong,17080,Snowy Valleys,1,Good,Good,0
10638,Budgee Budgee (NSW),15270,Mid-Western Regional,1,Good,Good,0
10639,Budgewoi,11650,Central Coast (NSW),1,Good,Good,0
10640,Budgewoi Peninsula,11650,Central Coast (NSW),1,Good,Good,0
10641,Budgong,16950,Shoalhaven,1,Good,Good,0
10642,Buff Point,11650,Central Coast (NSW),1,Good,Good,0
10643,Bugaldie,18020,Warrumbungle Shire,1,Good,Good,0
10644,Bukalong,17040,Snowy Monaro Regional,1,Good,Good,0
10645,Bukkulla,14220,Inverell,1,Good,Good,0
10646,Bulahdelah,15240,Mid-Coast,1,Good,Good,0
10647,Bulee,16950,Shoalhaven,1,Good,Good,0
10648,Bulga (NSW),17000,Singleton,1,Good,Good,0
10649,Bulga Forest,15240,Mid-Coast,1,Good,Good,0
10650,Bulgary,17750,Wagga Wagga,1,Good,Good,0
10651,Bulla (NSW),11750,Cobar,1,Good,Good,0
10652,Bulla Creek,13910,Hilltops,1,Good,Good,0
10653,Bullaburra,10900,Blue Mountains,1,Good,Good,0
10654,Bullagreen,17950,Warren,1,Good,Good,0
10655,Bullarah,15300,Moree Plains,1,Good,Good,0
10656,Bullatale,15520,Murray River,1,Good,Good,0
10657,Bullawa Creek,15750,Narrabri,1,Good,Good,0
10658,Bulldog,11730,Clarence Valley,1,Good,Good,0
10659,Bulli,18450,Wollongong,1,Good,Good,0
10660,Bulliac,15240,Mid-Coast,1,Good,Good,0
10661,Bullio,18350,Wingecarribee,1,Good,Good,0
10662,Bulyeroi,15750,Narrabri,1,Good,Good,0
10663,Bumbaldry,12350,Cowra,0.1031197,Good,Good,0
10663,Bumbaldry,18100,Weddin,0.8968803,Good,Good,0
10664,Bumbalong,17040,Snowy Monaro Regional,1,Good,Good,0
10665,Bundabah,15240,Mid-Coast,1,Good,Good,0
10666,Bundagen,11800,Coffs Harbour,1,Good,Good,0
10667,Bundanoon (NSW),18350,Wingecarribee,1,Good,Good,0
10668,Bundarra,13660,Gwydir,0.1853817,Good,Good,0
10668,Bundarra,14220,Inverell,0.0388696,Good,Good,0
10668,Bundarra,17310,Tamworth Regional,0.0179479,Good,Good,0
10668,Bundarra,17650,Uralla,0.7578008,Good,Good,0
10669,Bundeena,17150,Sutherland Shire,1,Good,Good,0
10670,Bundella,14920,Liverpool Plains,1,Good,Good,0
10671,Bundemar,15850,Narromine,0.2572816,Good,Good,0
10671,Bundemar,17950,Warren,0.7427184,Good,Good,0
10672,Bundewallah,16950,Shoalhaven,1,Good,Good,0
10673,Bundook,15240,Mid-Coast,1,Good,Good,0
10674,Bundure,15560,Murrumbidgee,1,Good,Good,0
10675,Bungaba,15270,Mid-Western Regional,1,Good,Good,0
10676,Bungabbee,14850,Lismore,1,Good,Good,0
10677,Bungalora,17550,Tweed,1,Good,Good,0
10678,Bungarby,17040,Snowy Monaro Regional,1,Good,Good,0
10679,Bungarribee,10750,Blacktown,1,Good,Good,0
10680,Bungawalbin,16610,Richmond Valley,1,Good,Good,0
10681,Bungendore,16490,Queanbeyan-Palerang Regional,1,Good,Good,0
10682,Bungonia,13310,Goulburn Mulwaree,1,Good,Good,0
10683,Bungowannah,13340,Greater Hume Shire,1,Good,Good,0
10684,Bungwahl,15240,Mid-Coast,1,Good,Good,0
10685,Bunnaloo,15520,Murray River,1,Good,Good,0
10686,Bunnan,17620,Upper Hunter Shire,1,Good,Good,0
10687,Bunyah,15240,Mid-Coast,1,Good,Good,0
10688,Bunyan,17040,Snowy Monaro Regional,1,Good,Good,0
10689,Burcher,14600,Lachlan,1,Good,Good,0
10690,Bureen,15650,Muswellbrook,1,Good,Good,0
10691,Burnt Bridge,14350,Kempsey,1,Good,Good,0
10692,Burnt Yards,10850,Blayney,1,Good,Good,0
10693,Buronga,18200,Wentworth,1,Good,Good,0
10694,Burra (Queanbeyan-Palerang Regional - NSW),16490,Queanbeyan-Palerang Regional,0.9685056,Good,Good,0
10694,Burra (Queanbeyan-Palerang Regional - NSW),17040,Snowy Monaro Regional,0.0314944,Good,Good,0
10695,Burra (Snowy Valleys - NSW),17080,Snowy Valleys,1,Good,Good,0
10696,Burra Creek,12160,Cootamundra-Gundagai Regional,1,Good,Good,0
10697,Burraboi,15520,Murray River,1,Good,Good,0
10698,Burradoo,18350,Wingecarribee,1,Good,Good,0
10699,Burraga,16100,Oberon,1,Good,Good,0
10700,Burragate,10550,Bega Valley,1,Good,Good,0
10701,Burrandana,17750,Wagga Wagga,1,Good,Good,0
10702,Burraneer,17150,Sutherland Shire,1,Good,Good,0
10703,Burrangong,13910,Hilltops,1,Good,Good,0
10704,Burrapine,15700,Nambucca Valley,1,Good,Good,0
10705,Burrawang,18350,Wingecarribee,1,Good,Good,0
10706,Burrell Creek,15240,Mid-Coast,1,Good,Good,0
10707,Burren Junction,17900,Walgett,1,Good,Good,0
10708,Burrier,16950,Shoalhaven,1,Good,Good,0
10709,Burrill Lake,16950,Shoalhaven,1,Good,Good,0
10710,Burringbar,17550,Tweed,1,Good,Good,0
10711,Burrinjuck,18710,Yass Valley,1,Good,Good,0
10712,Burroway,15850,Narromine,1,Good,Good,0
10713,Burrumbuttock,13340,Greater Hume Shire,1,Good,Good,0
10714,Burrundulla,15270,Mid-Western Regional,1,Good,Good,0
10715,Burrungubugge,17040,Snowy Monaro Regional,1,Good,Good,0
10716,Burwood (NSW),11300,Burwood,1,Acceptable,Good,0
10717,Burwood Heights,11300,Burwood,1,Acceptable,Good,0
10718,Busby,14900,Liverpool,1,Good,Good,0
10719,Busbys Flat,11730,Clarence Valley,0.0001751,Good,Good,1
10719,Busbys Flat,16610,Richmond Valley,0.9998249,Good,Good,0
10720,Bushells Ridge,11650,Central Coast (NSW),1,Good,Good,0
10721,Buttaba,14650,Lake Macquarie,1,Good,Good,0
10722,Buttai,11720,Cessnock,1,Good,Good,0
10723,Butterwick,16400,Port Stephens,1,Good,Good,0
10724,Buxton (NSW),18350,Wingecarribee,0.0567378,Good,Good,0
10724,Buxton (NSW),18400,Wollondilly,0.9432622,Good,Good,0
10725,Byabarra,16380,Port Macquarie-Hastings,1,Good,Good,0
10726,Byadbo Wilderness,17040,Snowy Monaro Regional,1,Good,Good,0
10727,Byangum,17550,Tweed,1,Good,Good,0
10728,Bylong,15270,Mid-Western Regional,1,Good,Good,0
10729,Byng,11400,Cabonne,1,Good,Good,0
10730,Byrock,10950,Bogan,0.0003221,Good,Good,1
10730,Byrock,11150,Bourke,0.8702093,Good,Good,0
10730,Byrock,11200,Brewarrina,0.1291465,Good,Good,0
10730,Byrock,11750,Cobar,0.0003221,Good,Good,1
10731,Byron Bay,11350,Byron,1,Good,Good,0
10732,Byrrill Creek,17550,Tweed,1,Good,Good,0
10733,Bywong,16490,Queanbeyan-Palerang Regional,0.9428977,Good,Good,0
10733,Bywong,18710,Yass Valley,0.0571023,Good,Good,0
10734,Cabarita (NSW),11520,Canada Bay,1,Good,Good,0
10735,Cabarita Beach,17550,Tweed,1,Good,Good,0
10736,Cabbage Tree Island (Ballina - NSW),10250,Ballina,1,Good,Good,0
10737,Cabbage Tree Island (Mid-Coast - NSW),15240,Mid-Coast,1,Good,Good,0
10738,Cabramatta,12850,Fairfield,1,Good,Good,0
10739,Cabramatta West,12850,Fairfield,1,Good,Good,0
10740,Cabramurra,17080,Snowy Valleys,1,Good,Good,0
10741,Caddens,16350,Penrith,1,Good,Good,0
10742,Cadgee (NSW),12750,Eurobodalla,1,Good,Good,0
10743,Cadia,11400,Cabonne,1,Good,Good,0
10744,Caerleon,15270,Mid-Western Regional,1,Good,Good,0
10745,Caffreys Flat,15240,Mid-Coast,1,Good,Good,0
10746,Cairncross,16380,Port Macquarie-Hastings,1,Good,Good,0
10747,Calala,17310,Tamworth Regional,1,Good,Good,0
10748,Calamia,11730,Clarence Valley,1,Good,Good,0
10749,Calderwood,16900,Shellharbour,1,Good,Good,0
10750,Caldwell,15520,Murray River,1,Good,Good,0
10751,Calga,11650,Central Coast (NSW),1,Good,Good,0
10752,Califat,17080,Snowy Valleys,1,Good,Good,0
10753,Calimo,15520,Murray River,1,Good,Good,0
10754,Callaghan,15900,Newcastle,1,Good,Good,0
10755,Callaghans Creek,15240,Mid-Coast,1,Good,Good,0
10756,Callala Bay,16950,Shoalhaven,1,Good,Good,0
10757,Callala Beach,16950,Shoalhaven,1,Good,Good,0
10758,Calliope (NSW),11730,Clarence Valley,1,Good,Good,0
10759,Caloola,10470,Bathurst Regional,0.9320569,Good,Good,0
10759,Caloola,10850,Blayney,0.0679431,Good,Good,0
10760,Cambalong,17040,Snowy Monaro Regional,1,Good,Good,0
10761,Camberwell (NSW),17000,Singleton,1,Good,Good,0
10762,Cambewarra,16950,Shoalhaven,1,Good,Good,0
10763,Cambewarra Village,16950,Shoalhaven,1,Good,Good,0
10764,Camboon (NSW),15270,Mid-Western Regional,1,Good,Good,0
10765,Cambra,12700,Dungog,1,Good,Good,0
10766,Cambridge Gardens,16350,Penrith,1,Good,Good,0
10767,Cambridge Park,16350,Penrith,1,Good,Good,0
10768,Cambridge Plateau,14550,Kyogle,1,Good,Good,0
10769,Camden,11450,Camden,1,Good,Good,0
10770,Camden Head,16380,Port Macquarie-Hastings,1,Good,Good,0
10771,Camden Park (NSW),18400,Wollondilly,1,Good,Good,0
10772,Camden South,11450,Camden,1,Good,Good,0
10773,Camellia,16260,Parramatta,1,Acceptable,Good,0
10774,Cameron Park,14650,Lake Macquarie,1,Good,Good,0
10775,Camerons Creek,17650,Uralla,1,Good,Good,0
10776,Camira (NSW),16610,Richmond Valley,1,Good,Good,0
10777,Cammeray,15950,North Sydney,1,Good,Good,0
10778,Camp Creek (NSW),14220,Inverell,1,Good,Good,0
10779,Campbelltown (NSW),11500,Campbelltown (NSW),1,Good,Good,0
10780,Camperdown (NSW),14170,Inner West,0.3602252,Good,Good,0
10780,Camperdown (NSW),17200,Sydney,0.6397748,Good,Good,0
10781,Campsie,11570,Canterbury-Bankstown,1,Good,Good,0
10782,Campvale,16400,Port Stephens,1,Good,Good,0
10783,Cams Wharf,14650,Lake Macquarie,1,Good,Good,0
10784,Canada Bay,11520,Canada Bay,1,Good,Good,0
10785,Canadian Lead,15270,Mid-Western Regional,1,Good,Good,0
10786,Canbelego,10950,Bogan,0.2083247,Good,Good,0
10786,Canbelego,11750,Cobar,0.7916753,Good,Good,0
10787,Candelo,10550,Bega Valley,1,Good,Good,0
10788,Cangai,11730,Clarence Valley,1,Good,Good,0
10789,Caniaba,14850,Lismore,1,Good,Good,0
10790,Canley Heights,12850,Fairfield,1,Good,Good,0
10791,Canley Vale,12850,Fairfield,1,Good,Good,0
10792,Canobolas,11400,Cabonne,0.3471327,Good,Good,0
10792,Canobolas,16150,Orange,0.6528673,Good,Good,0
10793,Canoelands,14000,Hornsby,1,Acceptable,Good,0
10794,Canonba,10950,Bogan,0.9996432,Good,Good,0
10794,Canonba,17950,Warren,0.0003568,Good,Good,1
10795,Canowindra,11400,Cabonne,0.806511,Good,Good,0
10795,Canowindra,12350,Cowra,0.193489,Good,Good,0
10796,Canterbury (NSW),11570,Canterbury-Bankstown,1,Good,Good,0
10797,Canton Beach,11650,Central Coast (NSW),1,Good,Good,0
10798,Canyonleigh,18350,Wingecarribee,1,Good,Good,0
10799,Caparra,15240,Mid-Coast,1,Good,Good,0
10800,Capeen Creek,14550,Kyogle,1,Good,Good,0
10801,Capertee,14870,Lithgow,1,Good,Good,0
10802,Capoompeta,13010,Glen Innes Severn,1,Good,Good,0
10803,Captains Flat,16490,Queanbeyan-Palerang Regional,1,Good,Good,0
10804,Carabost,13340,Greater Hume Shire,1,Good,Good,0
10805,Caragabal,18100,Weddin,1,Good,Good,0
10806,Carcalgong,15270,Mid-Western Regional,1,Good,Good,0
10807,Carcoar,10850,Blayney,1,Good,Good,0
10808,Cardiff (NSW),14650,Lake Macquarie,1,Good,Good,0
10809,Cardiff Heights,14650,Lake Macquarie,1,Good,Good,0
10810,Cardiff South,14650,Lake Macquarie,1,Good,Good,0
10811,Carey Bay,14650,Lake Macquarie,1,Good,Good,0
10812,Cargo,11400,Cabonne,1,Good,Good,0
10813,Carinda,12150,Coonamble,0.0602504,Good,Good,0
10813,Carinda,17900,Walgett,0.8494041,Good,Good,0
10813,Carinda,17950,Warren,0.0903455,Good,Good,0
10814,Caringbah,17150,Sutherland Shire,1,Good,Good,0
10815,Caringbah South,17150,Sutherland Shire,1,Good,Good,0
10816,Carlaminda,17040,Snowy Monaro Regional,1,Good,Good,0
10817,Carlingford,16260,Parramatta,0.9999996,Acceptable,Good,0
10817,Carlingford,17420,The Hills Shire,4.00E-07,Good,Good,1
10818,Carlton (NSW),10500,Bayside (NSW),0.3489693,Good,Good,0
10818,Carlton (NSW),12930,Georges River,0.6510307,Acceptable,Good,0
10819,Carnes Hill,14900,Liverpool,1,Good,Good,0
10820,Carnham,11730,Clarence Valley,1,Good,Good,0
10821,Carool,17550,Tweed,1,Good,Good,0
10822,Caroona,13550,Gunnedah,0.0396456,Good,Good,0
10822,Caroona,14920,Liverpool Plains,0.9603544,Good,Good,0
10823,Carrabolla,12700,Dungog,1,Good,Good,0
10824,Carrai,10180,Armidale Regional,1,Good,Good,0
10825,Carramar (NSW),12850,Fairfield,1,Good,Good,0
10826,Carrathool,11600,Carrathool,0.8132539,Good,Good,0
10826,Carrathool,15560,Murrumbidgee,0.1867461,Good,Good,0
10827,Carrick (NSW),13310,Goulburn Mulwaree,1,Good,Good,0
10828,Carrington (Mid-Coast - NSW),15240,Mid-Coast,1,Good,Good,0
10829,Carrington (Newcastle - NSW),15900,Newcastle,1,Good,Good,0
10830,Carrington Falls,14400,Kiama,1,Good,Good,0
10831,Carroll,13550,Gunnedah,1,Good,Good,0
10832,Carrowbrook,17000,Singleton,1,Good,Good,0
10833,Carrs Creek,11730,Clarence Valley,1,Good,Good,0
10834,Carrs Island,11730,Clarence Valley,1,Good,Good,0
10835,Carrs Peninsula,11730,Clarence Valley,1,Good,Good,0
10836,Carss Park,12930,Georges River,1,Acceptable,Good,0
10837,Cartwright,14900,Liverpool,1,Good,Good,0
10838,Cartwrights Hill,17750,Wagga Wagga,1,Good,Good,0
10839,Carwell,15270,Mid-Western Regional,1,Good,Good,0
10840,Carwoola,16490,Queanbeyan-Palerang Regional,1,Good,Good,0
10841,Cascade (NSW),10600,Bellingen,1,Good,Good,0
10842,Casino,16610,Richmond Valley,1,Good,Good,0
10843,Cassilis (NSW),17620,Upper Hunter Shire,0.988982,Good,Good,0
10843,Cassilis (NSW),18020,Warrumbungle Shire,0.011018,Good,Good,0
10844,Castle Cove,18250,Willoughby,1,Good,Good,0
10845,Castle Doyle,10180,Armidale Regional,1,Good,Good,0
10846,Castle Hill (NSW),14000,Hornsby,0.1389454,Acceptable,Good,0
10846,Castle Hill (NSW),17420,The Hills Shire,0.8610546,Good,Good,0
10847,Castle Rock,15650,Muswellbrook,1,Good,Good,0
10848,Castlecrag,18250,Willoughby,1,Good,Good,0
10849,Castlereagh,16350,Penrith,1,Good,Good,0
10850,Casuarina (NSW),17550,Tweed,1,Good,Good,0
10851,Casula,14900,Liverpool,1,Good,Good,0
10852,Catalina,12750,Eurobodalla,1,Good,Good,0
10853,Cataract,18400,Wollondilly,0.9593301,Good,Good,0
10853,Cataract,18450,Wollongong,0.0406699,Good,Good,0
10854,Cathcart (NSW),10550,Bega Valley,0.0002827,Good,Good,1
10854,Cathcart (NSW),17040,Snowy Monaro Regional,0.9997173,Good,Good,0
10855,Catherine Field,11450,Camden,1,Good,Good,0
10856,Catherine Hill Bay,14650,Lake Macquarie,1,Good,Good,0
10857,Cathundral,17950,Warren,1,Good,Good,0
10858,Cattai,13800,Hawkesbury,0.4777021,Good,Good,0
10858,Cattai,17420,The Hills Shire,0.5222979,Good,Good,0
10859,Cattle Creek (NSW),14920,Liverpool Plains,1,Good,Good,0
10860,Cavan (NSW),18710,Yass Valley,1,Good,Good,0
10861,Caves Beach,14650,Lake Macquarie,1,Good,Good,0
10862,Cawdor (NSW),11450,Camden,0.3883683,Good,Good,0
10862,Cawdor (NSW),18400,Wollondilly,0.6116317,Good,Good,0
10863,Cawongla,14550,Kyogle,1,Good,Good,0
10864,Cecil Hills,14900,Liverpool,1,Good,Good,0
10865,Cecil Park,12850,Fairfield,0.9999629,Good,Good,0
10865,Cecil Park,14900,Liverpool,3.71E-05,Good,Good,1
10866,Cedar Brush Creek,11650,Central Coast (NSW),1,Good,Good,0
10867,Cedar Creek (Cessnock - NSW),11720,Cessnock,1,Good,Good,0
10868,Cedar Creek (Tweed - NSW),17550,Tweed,1,Good,Good,0
10869,Cedar Party,15240,Mid-Coast,1,Good,Good,0
10870,Cedar Point,14550,Kyogle,1,Good,Good,0
10871,Cells River,15240,Mid-Coast,1,Good,Good,0
10872,Centennial Park (NSW),16550,Randwick,3.62E-05,Good,Good,1
10872,Centennial Park (NSW),17200,Sydney,0.9999638,Good,Good,0
10873,Central Colo,13800,Hawkesbury,1,Good,Good,0
10874,Central Macdonald,13800,Hawkesbury,1,Good,Good,0
10875,Central Mangrove,11650,Central Coast (NSW),1,Good,Good,0
10876,Central Tilba,12750,Eurobodalla,1,Good,Good,0
10877,Cessnock,11720,Cessnock,1,Good,Good,0
10878,Chaelundi,11730,Clarence Valley,1,Good,Good,0
10879,Chain Valley Bay,11650,Central Coast (NSW),1,Good,Good,0
10880,Chakola,17040,Snowy Monaro Regional,1,Good,Good,0
10881,Chambigne,11730,Clarence Valley,1,Good,Good,0
10882,Charbon,15270,Mid-Western Regional,1,Good,Good,0
10883,Charles Sturt University,17750,Wagga Wagga,1,Good,Good,0
10884,Charlestown (NSW),14650,Lake Macquarie,1,Good,Good,0
10885,Charleys Forest,16490,Queanbeyan-Palerang Regional,1,Good,Good,0
10886,Charlotte Bay,15240,Mid-Coast,1,Good,Good,0
10887,Charlton (NSW),10470,Bathurst Regional,0.5705463,Good,Good,0
10887,Charlton (NSW),16100,Oberon,0.4294537,Good,Good,0
10888,Charmhaven,11650,Central Coast (NSW),1,Good,Good,0
10889,Chatham Valley,16100,Oberon,1,Good,Good,0
10890,Chatsbury,17640,Upper Lachlan Shire,1,Good,Good,0
10891,Chatswood,18250,Willoughby,1,Good,Good,0
10892,Chatswood West,16700,Ryde,0.2196475,Good,Good,0
10892,Chatswood West,18250,Willoughby,0.7803525,Good,Good,0
10893,Chatsworth (NSW),11730,Clarence Valley,1,Good,Good,0
10894,Cheero Point,11650,Central Coast (NSW),1,Good,Good,0
10895,Cheltenham (NSW),14000,Hornsby,0.9999954,Acceptable,Good,0
10895,Cheltenham (NSW),16260,Parramatta,4.60E-06,Acceptable,Good,1
10896,Cherry Tree Hill,14220,Inverell,1,Good,Good,0
10897,Cherrybrook,14000,Hornsby,1,Acceptable,Good,0
10898,Chester Hill,11570,Canterbury-Bankstown,0.9416871,Good,Good,0
10898,Chester Hill,12380,Cumberland,0.0583129,Good,Good,0
10899,Chichester (NSW),12700,Dungog,1,Good,Good,0
10900,Chifley (NSW),16550,Randwick,1,Good,Good,0
10901,Chilcotts Creek,14920,Liverpool Plains,1,Good,Good,0
10902,Chilcotts Grass,14850,Lismore,1,Good,Good,0
10903,Chillingham,17550,Tweed,1,Good,Good,0
10904,Chinderah,17550,Tweed,1,Good,Good,0
10905,Chinnock,10550,Bega Valley,1,Good,Good,0
10906,Chippendale,17200,Sydney,1,Good,Good,0
10907,Chipping Norton,14900,Liverpool,1,Good,Good,0
10908,Chisholm (NSW),15050,Maitland,1,Good,Good,0
10909,Chiswick,11520,Canada Bay,1,Good,Good,0
10910,Chittaway Bay,11650,Central Coast (NSW),1,Good,Good,0
10911,Chittaway Point,11650,Central Coast (NSW),1,Good,Good,0
10912,Chowan Creek,17550,Tweed,1,Good,Good,0
10913,Chullora,11570,Canterbury-Bankstown,1,Good,Good,0
10914,Church Point,15990,Northern Beaches,1,Good,Good,0
10915,Clandulla,15270,Mid-Western Regional,1,Good,Good,0
10916,Clare (NSW),10300,Balranald,1,Good,Good,0
10917,Claremont Meadows,16350,Penrith,1,Good,Good,0
10918,Clarence,14870,Lithgow,1,Good,Good,0
10919,Clarence Town,12700,Dungog,1,Good,Good,0
10920,Clarendon (NSW),13800,Hawkesbury,1,Good,Good,0
10921,Clarenza,11730,Clarence Valley,1,Good,Good,0
10922,Clareville,15990,Northern Beaches,1,Good,Good,0
10923,Claymore,11500,Campbelltown (NSW),1,Good,Good,0
10924,Clear Creek,10470,Bathurst Regional,1,Good,Good,0
10925,Clear Range,17040,Snowy Monaro Regional,1,Good,Good,0
10926,Clearfield,16610,Richmond Valley,1,Good,Good,0
10927,Clemton Park,11570,Canterbury-Bankstown,1,Good,Good,0
10928,Clergate,11400,Cabonne,1,Good,Good,0
10929,Cleveland (NSW),18450,Wollongong,1,Good,Good,0
10930,Clifden,11730,Clarence Valley,1,Good,Good,0
10931,Cliftleigh,11720,Cessnock,0.9900314,Good,Good,0
10931,Cliftleigh,15050,Maitland,0.0099686,Good,Good,1
10932,Clifton (NSW),18450,Wollongong,1,Good,Good,0
10933,Clifton Grove,11400,Cabonne,0.2649273,Good,Good,0
10933,Clifton Grove,16150,Orange,0.7350727,Good,Good,0
10934,Clontarf (NSW),15990,Northern Beaches,1,Good,Good,0
10935,Clothiers Creek,17550,Tweed,1,Good,Good,0
10936,Clouds Creek,11730,Clarence Valley,1,Good,Good,0
10937,Clovelly,16550,Randwick,1,Good,Good,0
10938,Clunes (NSW),11350,Byron,0.1526524,Good,Good,0
10938,Clunes (NSW),14850,Lismore,0.8473476,Good,Good,0
10939,Clybucca,14350,Kempsey,1,Good,Good,0
10940,Clyde (NSW),16260,Parramatta,1,Acceptable,Good,0
10941,Clydesdale (NSW),17000,Singleton,1,Good,Good,0
10942,Coal Point,14650,Lake Macquarie,1,Good,Good,0
10943,Coalcliff,18450,Wollongong,1,Good,Good,0
10944,Coaldale,11730,Clarence Valley,1,Good,Good,0
10945,Coasters Retreat,15990,Northern Beaches,1,Good,Good,0
10946,Cobaki,17550,Tweed,1,Good,Good,0
10947,Cobaki Lakes,17550,Tweed,1,Good,Good,0
10948,Cobar,11750,Cobar,1,Good,Good,0
10949,Cobar Park,14870,Lithgow,1,Good,Good,0
10950,Cobargo,10550,Bega Valley,1,Good,Good,0
10951,Cobark,15240,Mid-Coast,1,Good,Good,0
10952,Cobbadah,13660,Gwydir,1,Good,Good,0
10953,Cobbitty,11450,Camden,1,Good,Good,0
10954,Cobbora,18020,Warrumbungle Shire,1,Good,Good,0
10955,Cobramunga,15520,Murray River,1,Good,Good,0
10956,Cockwhy,16950,Shoalhaven,1,Good,Good,0
10957,Codrington (NSW),16610,Richmond Valley,1,Good,Good,0
10958,Coffee Camp,14850,Lismore,1,Good,Good,0
10959,Coffs Harbour,11800,Coffs Harbour,1,Good,Good,0
10960,Coggan,15270,Mid-Western Regional,1,Good,Good,0
10961,Cogra Bay,11650,Central Coast (NSW),1,Good,Good,0
10962,Coila,12750,Eurobodalla,1,Good,Good,0
10963,Coldstream (NSW),11730,Clarence Valley,1,Good,Good,0
10964,Coleambally,15560,Murrumbidgee,1,Good,Good,0
10965,Colebee,10750,Blacktown,1,Good,Good,0
10966,Coledale,18450,Wollongong,1,Good,Good,0
10967,Colinroobie,15800,Narrandera,1,Good,Good,0
10968,Colinton (NSW),17040,Snowy Monaro Regional,1,Good,Good,0
10969,Collarenebri,15300,Moree Plains,0.0657228,Good,Good,0
10969,Collarenebri,17900,Walgett,0.9342772,Good,Good,0
10970,Collaroy (NSW),15990,Northern Beaches,1,Good,Good,0
10971,Collaroy Plateau,15990,Northern Beaches,1,Good,Good,0
10972,Collector,16490,Queanbeyan-Palerang Regional,0.0401251,Good,Good,0
10972,Collector,17640,Upper Lachlan Shire,0.9411356,Good,Good,0
10972,Collector,18710,Yass Valley,0.0187393,Good,Good,0
10973,Collendina,12870,Federation,1,Good,Good,0
10974,Collerina,11200,Brewarrina,1,Good,Good,0
10975,Collie (NSW),12950,Gilgandra,0.4781876,Good,Good,0
10975,Collie (NSW),17950,Warren,0.5218124,Good,Good,0
10976,Collingullie,17750,Wagga Wagga,1,Good,Good,0
10977,Collingwood (NSW),15270,Mid-Western Regional,1,Good,Good,0
10978,Collins Creek,14550,Kyogle,1,Good,Good,0
10979,Collombatti,14350,Kempsey,1,Good,Good,0
10980,Collum Collum,11730,Clarence Valley,1,Good,Good,0
10981,Colly Blue,14920,Liverpool Plains,1,Good,Good,0
10982,Colo (Bathurst Regional - NSW),10470,Bathurst Regional,1,Good,Good,0
10983,Colo (Hawkesbury - NSW),13800,Hawkesbury,1,Good,Good,0
10984,Colo Heights,13800,Hawkesbury,1,Good,Good,0
10985,Colo Vale,18350,Wingecarribee,1,Good,Good,0
10986,Colongra,11650,Central Coast (NSW),1,Good,Good,0
10987,Colyton,16350,Penrith,1,Good,Good,0
10988,Comara,14350,Kempsey,1,Good,Good,0
10989,Combaning,17350,Temora,1,Good,Good,0
10990,Combara,12150,Coonamble,1,Good,Good,0
10991,Comberton,16950,Shoalhaven,1,Good,Good,0
10992,Comboyne,15240,Mid-Coast,0.0377496,Good,Good,0
10992,Comboyne,16380,Port Macquarie-Hastings,0.9622504,Good,Good,0
10993,Come By Chance,17900,Walgett,1,Good,Good,0
10994,Comerong Island,16950,Shoalhaven,1,Good,Good,0
10995,Commissioners Creek,17550,Tweed,1,Good,Good,0
10996,Como (NSW),17150,Sutherland Shire,1,Good,Good,0
10997,Comobella,12390,Dubbo Regional,1,Good,Good,0
10998,Conargo,12730,Edward River,1,Good,Good,0
10999,Concord,11520,Canada Bay,1,Good,Good,0
11000,Concord West,11520,Canada Bay,1,Good,Good,0
11001,Condell Park,11570,Canterbury-Bankstown,1,Good,Good,0
11002,Condobolin,14600,Lachlan,1,Good,Good,0
11003,Condong,17550,Tweed,1,Good,Good,0
11004,Coneac,15240,Mid-Coast,1,Good,Good,0
11005,Congarinni,15700,Nambucca Valley,1,Good,Good,0
11006,Congarinni North,15700,Nambucca Valley,1,Good,Good,0
11007,Congewai,11720,Cessnock,1,Good,Good,0
11008,Congo,12750,Eurobodalla,1,Good,Good,0
11009,Conimbia,12150,Coonamble,1,Good,Good,0
11010,Coniston,18450,Wollongong,1,Good,Good,0
11011,Conjola,16950,Shoalhaven,1,Good,Good,0
11012,Conjola Park,16950,Shoalhaven,1,Good,Good,0
11013,Connells Point,12930,Georges River,1,Acceptable,Good,0
11014,Constitution Hill,16260,Parramatta,1,Acceptable,Good,0
11015,Coogee (NSW),16550,Randwick,1,Good,Good,0
11016,Cookamidgera,12900,Forbes,0.350398,Good,Good,0
11016,Cookamidgera,16200,Parkes,0.649602,Good,Good,0
11017,Cookardinia,13340,Greater Hume Shire,1,Good,Good,0
11018,Cooks Gap,15270,Mid-Western Regional,1,Good,Good,0
11019,Cooks Hill,15900,Newcastle,1,Good,Good,0
11020,Cooks Myalls,16200,Parkes,1,Good,Good,0
11021,Coolabah,10950,Bogan,0.999616,Good,Good,0
11021,Coolabah,11200,Brewarrina,0.000384,Good,Good,1
11022,Coolac,12160,Cootamundra-Gundagai Regional,1,Good,Good,0
11023,Coolagolite,10550,Bega Valley,1,Good,Good,0
11024,Coolah,18020,Warrumbungle Shire,1,Good,Good,0
11025,Coolamon,12000,Coolamon,1,Good,Good,0
11026,Coolangatta (NSW),16950,Shoalhaven,1,Good,Good,0
11027,Coolangubra,10550,Bega Valley,1,Good,Good,0
11028,Coolatai,13660,Gwydir,0.7884061,Good,Good,0
11028,Coolatai,14220,Inverell,0.2115939,Good,Good,0
11029,Cooleman,17080,Snowy Valleys,1,Good,Good,0
11030,Cooleys Creek,17080,Snowy Valleys,1,Good,Good,0
11031,Coolgardie (NSW),10250,Ballina,1,Good,Good,0
11032,Coolongolook,15240,Mid-Coast,1,Good,Good,0
11033,Coolringdon,17040,Snowy Monaro Regional,1,Good,Good,0
11034,Coolumbooka,17040,Snowy Monaro Regional,1,Good,Good,0
11035,Coolumburra,16950,Shoalhaven,1,Good,Good,0
11036,Cooma (NSW),17040,Snowy Monaro Regional,1,Good,Good,0
11037,Coomba Bay,15240,Mid-Coast,1,Good,Good,0
11038,Coomba Park,15240,Mid-Coast,1,Good,Good,0
11039,Coombadjha,11730,Clarence Valley,0.9990958,Good,Good,0
11039,Coombadjha,13010,Glen Innes Severn,0.0009042,Good,Good,1
11040,Coombell,16610,Richmond Valley,1,Good,Good,0
11041,Coomealla,18200,Wentworth,1,Good,Good,0
11042,Coomoo Coomoo,14920,Liverpool Plains,1,Good,Good,0
11043,Coonabarabran,18020,Warrumbungle Shire,1,Good,Good,0
11044,Coonamble,12150,Coonamble,1,Good,Good,0
11045,Coongbar,11730,Clarence Valley,1,Good,Good,0
11046,Cooperabung,16380,Port Macquarie-Hastings,1,Good,Good,0
11047,Coopernook,15240,Mid-Coast,1,Good,Good,0
11048,Coopers Gully,10550,Bega Valley,1,Good,Good,0
11049,Coopers Shoot,11350,Byron,1,Good,Good,0
11050,Cooplacurripa,15240,Mid-Coast,1,Good,Good,0
11051,Coorabell,11350,Byron,1,Good,Good,0
11052,Cooranbong,14650,Lake Macquarie,1,Good,Good,0
11053,Cootamundra,12160,Cootamundra-Gundagai Regional,1,Good,Good,0
11054,Cootralantra,17040,Snowy Monaro Regional,1,Good,Good,0
11055,Cooyal,15270,Mid-Western Regional,1,Good,Good,0
11056,Copacabana,11650,Central Coast (NSW),1,Good,Good,0
11057,Cope,15270,Mid-Western Regional,1,Good,Good,0
11058,Copeland,15240,Mid-Coast,1,Good,Good,0
11059,Copeton,13660,Gwydir,0.1789661,Good,Good,0
11059,Copeton,14220,Inverell,0.8210339,Good,Good,0
11060,Copmanhurst,11730,Clarence Valley,1,Good,Good,0
11061,Coppabella (NSW),13340,Greater Hume Shire,1,Good,Good,0
11062,Copperhannia,10470,Bathurst Regional,1,Good,Good,0
11063,Coraki,14850,Lismore,0.0233598,Good,Good,0
11063,Coraki,16610,Richmond Valley,0.9766402,Good,Good,0
11064,Coralville,15240,Mid-Coast,1,Good,Good,0
11065,Coramba,11800,Coffs Harbour,1,Good,Good,0
11066,Corang,16490,Queanbeyan-Palerang Regional,1,Good,Good,0
11067,Corangula,14350,Kempsey,1,Good,Good,0
11068,Corbie Hill,14750,Leeton,0.9759966,Good,Good,0
11068,Corbie Hill,15800,Narrandera,0.0240034,Good,Good,0
11069,Cordeaux,18450,Wollongong,1,Good,Good,0
11070,Cordeaux Heights,18450,Wollongong,1,Good,Good,0
11071,Coree,12730,Edward River,0.3335895,Good,Good,0
11071,Coree,15560,Murrumbidgee,0.6664105,Good,Good,0
11072,Coreen,12870,Federation,1,Good,Good,0
11073,Corindi Beach,11800,Coffs Harbour,1,Good,Good,0
11074,Corinella (NSW),12900,Forbes,0.8492607,Good,Good,0
11074,Corinella (NSW),14600,Lachlan,0.1507393,Good,Good,0
11075,Corlette,16400,Port Stephens,1,Good,Good,0
11076,Corndale (NSW),14850,Lismore,1,Good,Good,0
11077,Corney Town,14870,Lithgow,1,Good,Good,0
11078,Cornwallis,13800,Hawkesbury,1,Good,Good,0
11079,Corobimilla,15800,Narrandera,1,Good,Good,0
11080,Corowa,12870,Federation,1,Good,Good,0
11081,Corrabare,11720,Cessnock,1,Good,Good,0
11082,Corrimal,18450,Wollongong,1,Good,Good,0
11083,Corrong,10300,Balranald,1,Good,Good,0
11084,Corrowong,17040,Snowy Monaro Regional,1,Good,Good,0
11085,Corunna,12750,Eurobodalla,1,Good,Good,0
11086,Cottage Point,15990,Northern Beaches,1,Good,Good,0
11087,Cottonvale (NSW),17400,Tenterfield,1,Good,Good,0
11088,Cougal,14550,Kyogle,1,Good,Good,0
11089,Countegany,17040,Snowy Monaro Regional,1,Good,Good,0
11090,Courabyra,17080,Snowy Valleys,1,Good,Good,0
11091,Couradda,15750,Narrabri,1,Good,Good,0
11092,Couragago,17080,Snowy Valleys,1,Good,Good,0
11093,Couridjah,18400,Wollondilly,1,Good,Good,0
11094,Coutts Crossing,11730,Clarence Valley,1,Good,Good,0
11095,Cow Flat,10470,Bathurst Regional,1,Good,Good,0
11096,Cowabbie,12000,Coolamon,1,Good,Good,0
11097,Cowan,14000,Hornsby,1,Acceptable,Good,0
11098,Cowper,11730,Clarence Valley,1,Good,Good,0
11099,Cowra,12350,Cowra,1,Good,Good,0
11100,Coxs Creek,15270,Mid-Western Regional,1,Good,Good,0
11101,Coxs Crown,15270,Mid-Western Regional,1,Good,Good,0
11102,Crabbes Creek,17550,Tweed,1,Good,Good,0
11103,Crackenback,17040,Snowy Monaro Regional,1,Good,Good,0
11104,Craigie (NSW),17040,Snowy Monaro Regional,1,Good,Good,0
11105,Cranebrook,16350,Penrith,1,Good,Good,0
11106,Crangan Bay,11650,Central Coast (NSW),0.9934426,Good,Good,0
11106,Crangan Bay,14650,Lake Macquarie,0.0065574,Good,Good,1
11107,Craven,15240,Mid-Coast,1,Good,Good,0
11108,Craven Plateau,15240,Mid-Coast,1,Good,Good,0
11109,Crawford River,15240,Mid-Coast,1,Good,Good,0
11110,Crawney,17310,Tamworth Regional,0.8220791,Good,Good,0
11110,Crawney,17620,Upper Hunter Shire,0.1779209,Good,Good,0
11111,Creel Bay,17040,Snowy Monaro Regional,1,Good,Good,0
11112,Creewah,17040,Snowy Monaro Regional,1,Good,Good,0
11113,Cremorne (NSW),15950,North Sydney,1,Good,Good,0
11114,Cremorne Point,15950,North Sydney,1,Good,Good,0
11115,Crescent Head,14350,Kempsey,1,Good,Good,0
11116,Crestwood,16490,Queanbeyan-Palerang Regional,1,Good,Good,0
11117,Cringila,18450,Wollongong,1,Good,Good,0
11118,Croki,15240,Mid-Coast,1,Good,Good,0
11119,Cromer (NSW),15990,Northern Beaches,1,Good,Good,0
11120,Cronulla,17150,Sutherland Shire,1,Good,Good,0
11121,Crooble,13660,Gwydir,1,Good,Good,0
11122,Croobyar,16950,Shoalhaven,1,Good,Good,0
11123,Crooked Corner,17640,Upper Lachlan Shire,1,Good,Good,0
11124,Crookwell,17640,Upper Lachlan Shire,1,Good,Good,0
11125,Croom,14400,Kiama,0.3423399,Good,Good,0
11125,Croom,16900,Shellharbour,0.6576601,Good,Good,0
11126,Croppa Creek,13660,Gwydir,0.9285059,Good,Good,0
11126,Croppa Creek,15300,Moree Plains,0.0714941,Good,Good,0
11127,Cross Roads (NSW),15270,Mid-Western Regional,1,Good,Good,0
11128,Crosslands,16380,Port Macquarie-Hastings,1,Good,Good,0
11129,Croudace Bay,14650,Lake Macquarie,1,Good,Good,0
11130,Crowdy Bay,15240,Mid-Coast,1,Good,Good,0
11131,Crowdy Head,15240,Mid-Coast,1,Good,Good,0
11132,Crows Nest (NSW),15950,North Sydney,1,Good,Good,0
11133,Crowther,13910,Hilltops,1,Good,Good,0
11134,Crowther Island,11730,Clarence Valley,1,Good,Good,0
11135,Croydon (NSW),11300,Burwood,0.6008543,Acceptable,Good,0
11135,Croydon (NSW),14170,Inner West,0.3991457,Good,Good,0
11136,Croydon Park (NSW),11300,Burwood,0.5471088,Acceptable,Good,0
11136,Croydon Park (NSW),11570,Canterbury-Bankstown,0.3766506,Good,Good,0
11136,Croydon Park (NSW),14170,Inner West,0.0762405,Good,Good,0
11137,Crudine,10470,Bathurst Regional,0.5998667,Good,Good,0
11137,Crudine,15270,Mid-Western Regional,0.4001333,Good,Good,0
11138,Cryon,17900,Walgett,1,Good,Good,0
11139,Crystal Creek (NSW),17550,Tweed,1,Good,Good,0
11140,Cubba,11750,Cobar,1,Good,Good,0
11141,Cudal,11400,Cabonne,1,Good,Good,0
11142,Cudgegong,15270,Mid-Western Regional,1,Good,Good,0
11143,Cudgel,14750,Leeton,1,Good,Good,0
11144,Cudgen,17550,Tweed,1,Good,Good,0
11145,Cudgera Creek,17550,Tweed,1,Good,Good,0
11146,Cudmirrah,16950,Shoalhaven,1,Good,Good,0
11147,Culburra Beach,16950,Shoalhaven,1,Good,Good,0
11148,Culcairn,13340,Greater Hume Shire,1,Good,Good,0
11149,Cullen Bullen,14870,Lithgow,1,Good,Good,0
11150,Cullenbone,15270,Mid-Western Regional,1,Good,Good,0
11151,Cullendore,17400,Tenterfield,1,Good,Good,0
11152,Cullerin,17640,Upper Lachlan Shire,1,Good,Good,0
11153,Cullivel,14950,Lockhart,1,Good,Good,0
11154,Culmaran Creek,14550,Kyogle,1,Good,Good,0
11155,Cumbalum,10250,Ballina,1,Good,Good,0
11156,Cumbandry,15270,Mid-Western Regional,1,Good,Good,0
11157,Cumberland Reach,13800,Hawkesbury,1,Good,Good,0
11158,Cumbo,15270,Mid-Western Regional,1,Good,Good,0
11159,Cumborah,17900,Walgett,1,Good,Good,0
11160,Cumnock,11400,Cabonne,1,Good,Good,0
11161,Cundle Flat,15240,Mid-Coast,1,Good,Good,0
11162,Cundletown,15240,Mid-Coast,1,Good,Good,0
11163,Cundumbul,12390,Dubbo Regional,1,Good,Good,0
11164,Cunjurong Point,16950,Shoalhaven,1,Good,Good,0
11165,Cunningar,13910,Hilltops,1,Good,Good,0
11166,Cunninyeuk,15520,Murray River,1,Good,Good,0
11167,Curban,12950,Gilgandra,1,Good,Good,0
11168,Curl Curl,15990,Northern Beaches,1,Good,Good,0
11169,Curlew Waters,14600,Lachlan,1,Good,Good,0
11170,Curlewis (NSW),13550,Gunnedah,1,Good,Good,0
11171,Curlwaa,18200,Wentworth,1,Good,Good,0
11172,Curra Creek,12390,Dubbo Regional,1,Good,Good,0
11173,Currabubula,14920,Liverpool Plains,1,Good,Good,0
11174,Curragh,10470,Bathurst Regional,1,Good,Good,0
11175,Curramore (NSW),14400,Kiama,1,Good,Good,0
11176,Currans Hill,11450,Camden,1,Good,Good,0
11177,Currarong,16950,Shoalhaven,1,Good,Good,0
11178,Currawang,13310,Goulburn Mulwaree,0.1790078,Good,Good,0
11178,Currawang,16490,Queanbeyan-Palerang Regional,0.8209922,Good,Good,0
11179,Currawarna,17750,Wagga Wagga,1,Good,Good,0
11180,Curraweela,17640,Upper Lachlan Shire,1,Good,Good,0
11181,Curricabark,15240,Mid-Coast,1,Good,Good,0
11182,Currowan,12750,Eurobodalla,0.6801652,Good,Good,0
11182,Currowan,16950,Shoalhaven,0.3198348,Good,Good,0
11183,Cuttabri,15750,Narrabri,1,Good,Good,0
11184,Cuttagee,10550,Bega Valley,1,Good,Good,0
11185,Dabee,15270,Mid-Western Regional,1,Good,Good,0
11186,Daceyville,10500,Bayside (NSW),1,Good,Good,0
11187,Dairy Arm,11720,Cessnock,1,Good,Good,0
11188,Dairy Flat,14550,Kyogle,1,Good,Good,0
11189,Dairymans Plains,17040,Snowy Monaro Regional,1,Good,Good,0
11190,Daleys Point,11650,Central Coast (NSW),1,Good,Good,0
11191,Dalgety,17040,Snowy Monaro Regional,1,Good,Good,0
11192,Dalmeny,12750,Eurobodalla,1,Good,Good,0
11193,Dalmorton,11730,Clarence Valley,1,Good,Good,0
11194,Dalswinton,15650,Muswellbrook,1,Good,Good,0
11195,Dalton,17640,Upper Lachlan Shire,1,Good,Good,0
11196,Dalwood (Ballina - NSW),10250,Ballina,1,Good,Good,0
11197,Dalwood (Singleton - NSW),17000,Singleton,1,Good,Good,0
11198,Dandaloo,15850,Narromine,1,Good,Good,0
11199,Dandry,18020,Warrumbungle Shire,1,Good,Good,0
11200,Dangar Island,14000,Hornsby,1,Acceptable,Good,0
11201,Dangarsleigh,10180,Armidale Regional,0.9999174,Good,Good,0
11201,Dangarsleigh,17650,Uralla,8.26E-05,Good,Good,1
11202,Dangelong,17040,Snowy Monaro Regional,1,Good,Good,0
11203,Dapto,18450,Wollongong,1,Good,Good,0
11204,Darawank,15240,Mid-Coast,1,Good,Good,0
11205,Darbalara,12160,Cootamundra-Gundagai Regional,1,Good,Good,0
11206,Darbys Falls,12350,Cowra,1,Good,Good,0
11207,Dareton,18200,Wentworth,1,Good,Good,0
11208,Dargan,14870,Lithgow,1,Good,Good,0
11209,Dark Corner,14870,Lithgow,1,Good,Good,0
11210,Darkes Forest,18400,Wollondilly,0.170149,Good,Good,0
11210,Darkes Forest,18450,Wollongong,0.829851,Good,Good,0
11211,Darkwood,10600,Bellingen,1,Good,Good,0
11212,Darling Point,18500,Woollahra,1,Acceptable,Good,0
11213,Darlinghurst,17200,Sydney,1,Good,Good,0
11214,Darlington (Singleton - NSW),17000,Singleton,1,Good,Good,0
11215,Darlington (Sydney - NSW),17200,Sydney,1,Good,Good,0
11216,Darlington Point,15560,Murrumbidgee,1,Good,Good,0
11217,Darlow,17080,Snowy Valleys,1,Good,Good,0
11218,Daroobalgie,12900,Forbes,1,Good,Good,0
11219,Dartbrook,17620,Upper Hunter Shire,1,Good,Good,0
11220,Daruka,17310,Tamworth Regional,1,Good,Good,0
11221,Davidson,15990,Northern Beaches,1,Good,Good,0
11222,Davis Creek,17620,Upper Hunter Shire,1,Good,Good,0
11223,Davistown,11650,Central Coast (NSW),1,Good,Good,0
11224,Dawes Point,17200,Sydney,1,Good,Good,0
11225,Daysdale,12870,Federation,1,Good,Good,0
11226,Dean Park,10750,Blacktown,1,Good,Good,0
11227,Deauville,16380,Port Macquarie-Hastings,1,Good,Good,0
11228,Debenham,16380,Port Macquarie-Hastings,1,Good,Good,0
11229,Dee Why,15990,Northern Beaches,1,Good,Good,0
11230,Deep Creek (Clarence Valley - NSW),11730,Clarence Valley,1,Good,Good,0
11231,Deep Creek (Kempsey - NSW),14350,Kempsey,1,Good,Good,0
11232,Deep Creek (Kyogle - NSW),14550,Kyogle,1,Good,Good,0
11233,Deepwater (NSW),13010,Glen Innes Severn,0.8702478,Good,Good,0
11233,Deepwater (NSW),17400,Tenterfield,0.1297522,Good,Good,0
11234,Deer Vale,10600,Bellingen,1,Good,Good,0
11235,Delegate,17040,Snowy Monaro Regional,1,Good,Good,0
11236,Delungra,13660,Gwydir,0.1592823,Good,Good,0
11236,Delungra,14220,Inverell,0.8407177,Good,Good,0
11237,Denham Court,11500,Campbelltown (NSW),0.8578318,Good,Good,0
11237,Denham Court,14900,Liverpool,0.1421682,Good,Good,0
11238,Denhams Beach,12750,Eurobodalla,1,Good,Good,0
11239,Deniliquin,12730,Edward River,0.9755404,Good,Good,0
11239,Deniliquin,15520,Murray River,0.0244596,Good,Good,0
11240,Denistone,16700,Ryde,1,Good,Good,0
11241,Denistone East,16700,Ryde,1,Good,Good,0
11242,Denistone West,16700,Ryde,1,Good,Good,0
11243,Denman,15650,Muswellbrook,1,Good,Good,0
11244,Depot Beach,16950,Shoalhaven,1,Good,Good,0
11245,Derriwong,12900,Forbes,0.000263,Good,Good,1
11245,Derriwong,14600,Lachlan,0.999737,Good,Good,0
11246,Deua,12750,Eurobodalla,1,Good,Good,0
11247,Deua River Valley,12750,Eurobodalla,1,Good,Good,0
11248,Devils Hole,10550,Bega Valley,1,Good,Good,0
11249,Dewitt,15240,Mid-Coast,1,Good,Good,0
11250,Dharruk,10750,Blacktown,1,Good,Good,0
11251,Dhulura,17750,Wagga Wagga,1,Good,Good,0
11252,Dhuragoon,15520,Murray River,1,Good,Good,0
11253,Diamond Beach,15240,Mid-Coast,1,Good,Good,0
11254,Diamond Head,16380,Port Macquarie-Hastings,1,Good,Good,0
11255,Diehard,13010,Glen Innes Severn,1,Good,Good,0
11256,Diggers Camp,11730,Clarence Valley,1,Good,Good,0
11257,Dignams Creek,10550,Bega Valley,0.494019,Good,Good,0
11257,Dignams Creek,12750,Eurobodalla,0.505981,Good,Good,0
11258,Dilkoon,11730,Clarence Valley,1,Good,Good,0
11259,Dilpurra,15520,Murray River,1,Good,Good,0
11260,Dingo Forest,15240,Mid-Coast,1,Good,Good,0
11261,Dinoga,13660,Gwydir,1,Good,Good,0
11262,Dirnaseer,14300,Junee,1,Good,Good,0
11263,Dirty Creek,11800,Coffs Harbour,1,Good,Good,0
11264,Dobies Bight,14550,Kyogle,0.3529659,Good,Good,0
11264,Dobies Bight,16610,Richmond Valley,0.6470341,Good,Good,0
11265,Doctor George Mountain,10550,Bega Valley,1,Good,Good,0
11266,Doctors Gap,14870,Lithgow,1,Good,Good,0
11267,Dog Rocks,16100,Oberon,1,Good,Good,0
11268,Dolans Bay,17150,Sutherland Shire,1,Good,Good,0
11269,Dolls Point,10500,Bayside (NSW),1,Good,Good,0
11270,Dollys Flat,15240,Mid-Coast,1,Good,Good,0
11271,Dolphin Point,16950,Shoalhaven,1,Good,Good,0
11272,Dombarton,18450,Wollongong,1,Good,Good,0
11273,Donald Creek,10180,Armidale Regional,1,Good,Good,0
11274,Dondingalong,14350,Kempsey,0.999972,Good,Good,0
11274,Dondingalong,16380,Port Macquarie-Hastings,2.80E-05,Good,Good,1
11275,Doon Doon,17550,Tweed,1,Good,Good,0
11276,Doonbah,16610,Richmond Valley,1,Good,Good,0
11277,Doonside,10750,Blacktown,1,Good,Good,0
11278,Dooralong,11650,Central Coast (NSW),1,Good,Good,0
11279,Dora Creek,14650,Lake Macquarie,1,Good,Good,0
11280,Dorrigo,10600,Bellingen,1,Good,Good,0
11281,Dorrigo Mountain,10600,Bellingen,1,Good,Good,0
11282,Dorroughby,14850,Lismore,1,Good,Good,0
11283,Double Bay,18500,Woollahra,1,Acceptable,Good,0
11284,Doubtful Creek,14550,Kyogle,1,Good,Good,0
11285,Douglas Park,18400,Wollondilly,1,Good,Good,0
11286,Dover Heights,18050,Waverley,1,Good,Good,0
11287,Downside,17750,Wagga Wagga,1,Good,Good,0
11288,Doyalson,11650,Central Coast (NSW),1,Good,Good,0
11289,Doyalson North,11650,Central Coast (NSW),1,Good,Good,0
11290,Doyles Creek,17000,Singleton,1,Good,Good,0
11291,Doyles River,16380,Port Macquarie-Hastings,1,Good,Good,0
11292,Drake,17400,Tenterfield,1,Good,Good,0
11293,Drake Village,17400,Tenterfield,1,Good,Good,0
11294,Drildool,15750,Narrabri,1,Good,Good,0
11295,Dripstone,12390,Dubbo Regional,1,Good,Good,0
11296,Drummoyne,11520,Canada Bay,1,Good,Good,0
11297,Dry Creek (NSW),17620,Upper Hunter Shire,1,Good,Good,0
11298,Dry Plain,17040,Snowy Monaro Regional,1,Good,Good,0
11299,Dubbo,12390,Dubbo Regional,1,Good,Good,0
11300,Duck Creek,14550,Kyogle,1,Good,Good,0
11301,Duckenfield,15050,Maitland,1,Good,Good,0
11302,Duckmaloi,16100,Oberon,1,Good,Good,0
11303,Dudley,14650,Lake Macquarie,1,Good,Good,0
11304,Duffys Forest,15990,Northern Beaches,1,Good,Good,0
11305,Dulguigan,17550,Tweed,1,Good,Good,0
11306,Dulwich Hill,14170,Inner West,1,Good,Good,0
11307,Dum Dum,17550,Tweed,1,Good,Good,0
11308,Dumaresq,10180,Armidale Regional,0.9628578,Good,Good,0
11308,Dumaresq,17650,Uralla,0.0371422,Good,Good,0
11309,Dumaresq Island,15240,Mid-Coast,1,Good,Good,0
11310,Dumaresq Valley,17400,Tenterfield,1,Good,Good,0
11311,Dumbudgery,11730,Clarence Valley,1,Good,Good,0
11312,Dunbible,17550,Tweed,1,Good,Good,0
11313,Dunbogan,16380,Port Macquarie-Hastings,1,Good,Good,0
11314,Duncans Creek,17310,Tamworth Regional,1,Good,Good,0
11315,Dundas (NSW),16260,Parramatta,1,Acceptable,Good,0
11316,Dundas Valley,16260,Parramatta,1,Acceptable,Good,0
11317,Dundee,13010,Glen Innes Severn,1,Good,Good,0
11318,Dundurrabin,11730,Clarence Valley,1,Good,Good,0
11319,Dunedoo,18020,Warrumbungle Shire,1,Good,Good,0
11320,Dungarubba,14850,Lismore,1,Good,Good,0
11321,Dungay,17550,Tweed,1,Good,Good,0
11322,Dungeree,15270,Mid-Western Regional,1,Good,Good,0
11323,Dungog,12700,Dungog,1,Good,Good,0
11324,Dungowan,17310,Tamworth Regional,1,Good,Good,0
11325,Dunkeld (NSW),10470,Bathurst Regional,1,Good,Good,0
11326,Dunmore (NSW),16900,Shellharbour,1,Good,Good,0
11327,Dunolly (NSW),17000,Singleton,1,Good,Good,0
11328,Dunoon,14850,Lismore,1,Good,Good,0
11329,Duns Creek,16400,Port Stephens,1,Good,Good,0
11330,Dunville Loop,14870,Lithgow,1,Good,Good,0
11331,Dural (Hornsby - NSW),14000,Hornsby,0.6827793,Acceptable,Good,0
11331,Dural (Hornsby - NSW),17420,The Hills Shire,0.3172207,Good,Good,0
11332,Dural (Singleton - NSW),17000,Singleton,1,Good,Good,0
11333,Duramana,10470,Bathurst Regional,1,Good,Good,0
11334,Duranbah,17550,Tweed,1,Good,Good,0
11335,Duri,17310,Tamworth Regional,1,Good,Good,0
11336,Duroby,17550,Tweed,1,Good,Good,0
11337,Durran Durra,16490,Queanbeyan-Palerang Regional,1,Good,Good,0
11338,Durras North,16950,Shoalhaven,1,Good,Good,0
11339,Durren Durren,11650,Central Coast (NSW),1,Good,Good,0
11340,Duval,10180,Armidale Regional,1,Good,Good,0
11341,Dyers Crossing,15240,Mid-Coast,1,Good,Good,0
11342,Dyraaba,14550,Kyogle,1,Good,Good,0
11343,Dyrring,17000,Singleton,1,Good,Good,0
11344,Eagle Vale,11500,Campbelltown (NSW),1,Good,Good,0
11345,Eagleton,16400,Port Stephens,1,Good,Good,0
11346,Earlwood,11570,Canterbury-Bankstown,1,Good,Good,0
11347,East Albury,10050,Albury,1,Good,Good,0
11348,East Ballina,10250,Ballina,1,Good,Good,0
11349,East Branxton,11720,Cessnock,1,Good,Good,0
11350,East Coraki,14850,Lismore,0.6937038,Good,Good,0
11350,East Coraki,16610,Richmond Valley,0.3062962,Good,Good,0
11351,East Corrimal,18450,Wollongong,1,Good,Good,0
11352,East Gosford,11650,Central Coast (NSW),1,Good,Good,0
11353,East Gresford,12700,Dungog,1,Good,Good,0
11354,East Hills,11570,Canterbury-Bankstown,1,Good,Good,0
11355,East Jindabyne,17040,Snowy Monaro Regional,1,Good,Good,0
11356,East Kangaloon,18350,Wingecarribee,1,Good,Good,0
11357,East Kempsey,14350,Kempsey,1,Good,Good,0
11358,East Killara,14500,Ku-ring-gai,1,Good,Good,0
11359,East Kurrajong,13800,Hawkesbury,1,Good,Good,0
11360,East Lindfield,14500,Ku-ring-gai,1,Good,Good,0
11361,East Lismore,14850,Lismore,1,Good,Good,0
11362,East Lynne,12750,Eurobodalla,0.2695935,Good,Good,0
11362,East Lynne,16950,Shoalhaven,0.7304065,Good,Good,0
11363,East Maitland,15050,Maitland,1,Good,Good,0
11364,East Ryde,16700,Ryde,1,Good,Good,0
11365,East Seaham,16400,Port Stephens,1,Good,Good,0
11366,East Tamworth,17310,Tamworth Regional,1,Good,Good,0
11367,East Wagga Wagga,17750,Wagga Wagga,1,Good,Good,0
11368,East Wardell,10250,Ballina,1,Good,Good,0
11369,Eastern Creek,10750,Blacktown,1,Good,Good,0
11370,Eastgardens,10500,Bayside (NSW),1,Good,Good,0
11371,Eastlakes,10500,Bayside (NSW),1,Good,Good,0
11372,Eastwood (NSW),16260,Parramatta,0.244706,Acceptable,Good,0
11372,Eastwood (NSW),16700,Ryde,0.755294,Good,Good,0
11373,Eatonsville,11730,Clarence Valley,1,Good,Good,0
11374,Ebenezer (NSW),13800,Hawkesbury,1,Good,Good,0
11375,Ebor,10180,Armidale Regional,1,Good,Good,0
11376,Eccleston,12700,Dungog,1,Good,Good,0
11377,Edderton,15650,Muswellbrook,1,Good,Good,0
11378,Eden,10550,Bega Valley,1,Good,Good,0
11379,Eden Creek,14550,Kyogle,1,Good,Good,0
11380,Edensor Park,12850,Fairfield,1,Good,Good,0
11381,Edenville,14550,Kyogle,1,Good,Good,0
11382,Edgecliff,18500,Woollahra,1,Acceptable,Good,0
11383,Edgeroi,15750,Narrabri,1,Good,Good,0
11384,Edgeworth,14650,Lake Macquarie,1,Good,Good,0
11385,Edith (NSW),16100,Oberon,1,Good,Good,0
11386,Edmondson Park,14900,Liverpool,1,Good,Good,0
11387,Edrom,10550,Bega Valley,1,Good,Good,0
11388,Eenaweena,17950,Warren,1,Good,Good,0
11389,Eglinton (NSW),10470,Bathurst Regional,1,Good,Good,0
11390,Eighteen Mile,11730,Clarence Valley,1,Good,Good,0
11391,Elands,15240,Mid-Coast,0.9999425,Good,Good,0
11391,Elands,16380,Port Macquarie-Hastings,5.75E-05,Good,Good,1
11392,Elanora Heights,15990,Northern Beaches,1,Good,Good,0
11393,Elcombe,13660,Gwydir,1,Good,Good,0
11394,Elderslie (Camden - NSW),11450,Camden,1,Good,Good,0
11395,Elderslie (Singleton - NSW),17000,Singleton,1,Good,Good,0
11396,Eleebana,14650,Lake Macquarie,1,Good,Good,0
11397,Elermore Vale,14650,Lake Macquarie,0.0169259,Good,Good,0
11397,Elermore Vale,15900,Newcastle,0.9830741,Good,Good,0
11398,Elizabeth Bay,17200,Sydney,1,Good,Good,0
11399,Elizabeth Beach,15240,Mid-Coast,1,Good,Good,0
11400,Elizabeth Hills,14900,Liverpool,1,Good,Good,0
11401,Ellalong,11720,Cessnock,1,Good,Good,0
11402,Elland,11730,Clarence Valley,1,Good,Good,0
11403,Ellangowan (NSW),16610,Richmond Valley,1,Good,Good,0
11404,Ellenborough,16380,Port Macquarie-Hastings,1,Good,Good,0
11405,Ellerslie (Snowy Valleys - NSW),17080,Snowy Valleys,1,Good,Good,0
11406,Ellerslie (Wentworth - NSW),18200,Wentworth,1,Good,Good,0
11407,Ellerston,17620,Upper Hunter Shire,1,Good,Good,0
11408,Ellis Lane,11450,Camden,1,Good,Good,0
11409,Elong Elong,12390,Dubbo Regional,1,Good,Good,0
11410,Elrington,11720,Cessnock,1,Good,Good,0
11411,Elsmore,14220,Inverell,1,Good,Good,0
11412,Eltham (NSW),14850,Lismore,1,Good,Good,0
11413,Elvina Bay,15990,Northern Beaches,1,Good,Good,0
11414,Emerald Beach,11800,Coffs Harbour,1,Good,Good,0
11415,Emerald Hill,13550,Gunnedah,1,Good,Good,0
11416,Emerton,10750,Blacktown,1,Good,Good,0
11417,Emmaville,13010,Glen Innes Severn,0.9999602,Good,Good,0
11417,Emmaville,14220,Inverell,1.99E-05,Good,Good,1
11417,Emmaville,17400,Tenterfield,1.99E-05,Good,Good,1
11418,Empire Bay,11650,Central Coast (NSW),1,Good,Good,0
11419,Empire Vale,10250,Ballina,1,Good,Good,0
11420,Emu Heights (NSW),16350,Penrith,1,Good,Good,0
11421,Emu Plains,16350,Penrith,1,Good,Good,0
11422,Emu Swamp,11400,Cabonne,0.7792132,Good,Good,0
11422,Emu Swamp,16150,Orange,0.2207868,Good,Good,0
11423,Endrick,16950,Shoalhaven,1,Good,Good,0
11424,Enfield (NSW),11300,Burwood,1,Acceptable,Good,0
11425,Engadine,17150,Sutherland Shire,1,Good,Good,0
11426,Englorie Park,11500,Campbelltown (NSW),1,Good,Good,0
11427,Enmore (Armidale Regional - NSW),10180,Armidale Regional,1,Good,Good,0
11428,Enmore (Inner West - NSW),14170,Inner West,1,Good,Good,0
11429,Enngonia,11150,Bourke,0.9779743,Good,Good,0
11429,Enngonia,11200,Brewarrina,0.0220257,Good,Good,0
11430,Environa,16490,Queanbeyan-Palerang Regional,1,Good,Good,0
11431,Epping (NSW),16260,Parramatta,1,Acceptable,Good,0
11432,Eraring,14650,Lake Macquarie,1,Good,Good,0
11433,Eremerang,11750,Cobar,1,Good,Good,0
11434,Erigolia,11600,Carrathool,1,Good,Good,0
11435,Erin Vale,14300,Junee,1,Good,Good,0
11436,Erina,11650,Central Coast (NSW),1,Good,Good,0
11437,Erina Heights,11650,Central Coast (NSW),1,Good,Good,0
11438,Ermington,16260,Parramatta,1,Acceptable,Good,0
11439,Erowal Bay,16950,Shoalhaven,1,Good,Good,0
11440,Errowanbang,10850,Blayney,1,Good,Good,0
11441,Erskine Park,16350,Penrith,1,Good,Good,0
11442,Erskineville,17200,Sydney,1,Good,Good,0
11443,Erudgere,15270,Mid-Western Regional,1,Good,Good,0
11444,Eschol Park,11500,Campbelltown (NSW),1,Good,Good,0
11445,Esk (NSW),11730,Clarence Valley,0.5,Good,Good,0
11445,Esk (NSW),16610,Richmond Valley,0.5,Good,Good,0
11446,Essington,16100,Oberon,1,Good,Good,0
11447,Estella,17750,Wagga Wagga,1,Good,Good,0
11448,Ettalong Beach,11650,Central Coast (NSW),1,Good,Good,0
11449,Ettamogah,10050,Albury,1,Good,Good,0
11450,Ettrema,16950,Shoalhaven,1,Good,Good,0
11451,Ettrick (NSW),14550,Kyogle,1,Good,Good,0
11452,Euabalong,11750,Cobar,0.824022,Good,Good,0
11452,Euabalong,14600,Lachlan,0.175978,Good,Good,0
11453,Euabalong West,11750,Cobar,1,Good,Good,0
11454,Euberta,17750,Wagga Wagga,1,Good,Good,0
11455,Euchareena,12390,Dubbo Regional,1,Good,Good,0
11456,Eucumbene,17040,Snowy Monaro Regional,1,Good,Good,0
11457,Eugowra,11400,Cabonne,0.8677554,Good,Good,0
11457,Eugowra,12900,Forbes,0.1322446,Good,Good,0
11458,Eulah Creek,15750,Narrabri,1,Good,Good,0
11459,Eumungerie,12390,Dubbo Regional,1,Good,Good,0
11460,Eunanoreenya,17750,Wagga Wagga,1,Good,Good,0
11461,Eungai Creek,15700,Nambucca Valley,1,Good,Good,0
11462,Eungai Rail,15700,Nambucca Valley,1,Good,Good,0
11463,Eungella (NSW),17550,Tweed,1,Good,Good,0
11464,Eureka (NSW),11350,Byron,1,Good,Good,0
11465,Eurimbla,11400,Cabonne,0.4888938,Good,Good,0
11465,Eurimbla,12390,Dubbo Regional,0.5111062,Good,Good,0
11466,Eurobodalla,12750,Eurobodalla,1,Good,Good,0
11467,Euroka,14350,Kempsey,1,Good,Good,0
11468,Euroley,14750,Leeton,0.4026732,Good,Good,0
11468,Euroley,15800,Narrandera,0.5973268,Good,Good,0
11469,Eurongilly,14300,Junee,1,Good,Good,0
11470,Eurunderee,15270,Mid-Western Regional,1,Good,Good,0
11471,Euston,10300,Balranald,0.9855395,Good,Good,0
11471,Euston,18200,Wentworth,0.0144605,Good,Good,0
11472,Evans Head,16610,Richmond Valley,1,Good,Good,0
11473,Evans Plains,10470,Bathurst Regional,1,Good,Good,0
11474,Eveleigh,17200,Sydney,1,Good,Good,0
11475,Eviron,17550,Tweed,1,Good,Good,0
11476,Ewingar,11730,Clarence Valley,1,Good,Good,0
11477,Ewingsdale,11350,Byron,1,Good,Good,0
11478,Exeter (NSW),18350,Wingecarribee,1,Good,Good,0
11479,Failford,15240,Mid-Coast,1,Good,Good,0
11480,Fairfield (NSW),12380,Cumberland,0.0083738,Good,Good,1
11480,Fairfield (NSW),12850,Fairfield,0.9916262,Good,Good,0
11481,Fairfield East,12850,Fairfield,1,Good,Good,0
11482,Fairfield Heights,12850,Fairfield,1,Good,Good,0
11483,Fairfield West,12850,Fairfield,1,Good,Good,0
11484,Fairholme,14600,Lachlan,1,Good,Good,0
11485,Fairlight,15990,Northern Beaches,1,Good,Good,0
11486,Fairy Hill,16610,Richmond Valley,1,Good,Good,0
11487,Fairy Meadow,18450,Wollongong,1,Good,Good,0
11488,Falbrook,17000,Singleton,1,Good,Good,0
11489,Falconer,10180,Armidale Regional,1,Good,Good,0
11490,Falls Creek (NSW),16950,Shoalhaven,1,Good,Good,0
11491,Far Meadow,16950,Shoalhaven,1,Good,Good,0
11492,Fargunyah,14950,Lockhart,1,Good,Good,0
11493,Farley,15050,Maitland,1,Good,Good,0
11494,Farmborough Heights,18450,Wollongong,1,Good,Good,0
11495,Farnham,12390,Dubbo Regional,1,Good,Good,0
11496,Farrants Hill,17550,Tweed,1,Good,Good,0
11497,Farringdon,16490,Queanbeyan-Palerang Regional,1,Good,Good,0
11498,Fassifern (NSW),14650,Lake Macquarie,1,Good,Good,0
11499,Faulconbridge,10900,Blue Mountains,1,Good,Good,0
11500,Faulkland,15240,Mid-Coast,1,Good,Good,0
11501,Fawcetts Plain,14550,Kyogle,1,Good,Good,0
11502,Federal (NSW),11350,Byron,1,Good,Good,0
11503,Fennell Bay,14650,Lake Macquarie,1,Good,Good,0
11504,Fern Bay,16400,Port Stephens,1,Good,Good,0
11505,Fern Gully,17000,Singleton,1,Good,Good,0
11506,Fernances,13800,Hawkesbury,1,Good,Good,0
11507,Fernances Crossing,11720,Cessnock,1,Good,Good,0
11508,Fernbank Creek,16380,Port Macquarie-Hastings,1,Good,Good,0
11509,Fernbrook,10600,Bellingen,1,Good,Good,0
11510,Fernhill,18450,Wollongong,1,Good,Good,0
11511,Fernleigh,10250,Ballina,1,Good,Good,0
11512,Fernmount,10600,Bellingen,1,Good,Good,0
11513,Fernside,14850,Lismore,1,Good,Good,0
11514,Fernvale (NSW),17550,Tweed,1,Good,Good,0
11515,Ferodale,16400,Port Stephens,1,Good,Good,0
11516,Fiddletown,14000,Hornsby,1,Acceptable,Good,0
11517,Fifield,14600,Lachlan,1,Good,Good,0
11518,Figtree,18450,Wollongong,1,Good,Good,0
11519,Findon Creek,14550,Kyogle,1,Good,Good,0
11520,Fine Flower,11730,Clarence Valley,1,Good,Good,0
11521,Fingal Bay,16400,Port Stephens,1,Good,Good,0
11522,Fingal Head,17550,Tweed,1,Good,Good,0
11523,Finley,10650,Berrigan,0.9870487,Good,Good,0
11523,Finley,15560,Murrumbidgee,0.0129513,Good,Good,0
11524,Firefly,15240,Mid-Coast,1,Good,Good,0
11525,Fishermans Bay,16400,Port Stephens,1,Good,Good,0
11526,Fishermans Paradise,16950,Shoalhaven,1,Good,Good,0
11527,Fishermans Reach,14350,Kempsey,1,Good,Good,0
11528,Fishers Hill,12700,Dungog,1,Good,Good,0
11529,Fishing Point,14650,Lake Macquarie,1,Good,Good,0
11530,Fitzgeralds Mount,10470,Bathurst Regional,1,Good,Good,0
11531,Fitzgeralds Valley,10470,Bathurst Regional,1,Good,Good,0
11532,Fitzroy Falls,18350,Wingecarribee,1,Good,Good,0
11533,Five Dock,11520,Canada Bay,1,Good,Good,0
11534,Five Ways,10950,Bogan,1,Good,Good,0
11535,Flat Tops,12700,Dungog,1,Good,Good,0
11536,Fletcher (NSW),15900,Newcastle,1,Good,Good,0
11537,Flinders (NSW),16900,Shellharbour,1,Good,Good,0
11538,Floraville,14650,Lake Macquarie,1,Good,Good,0
11539,Forbes (NSW),12900,Forbes,1,Good,Good,0
11540,Forbes Creek,16490,Queanbeyan-Palerang Regional,1,Good,Good,0
11541,Forbes River,16380,Port Macquarie-Hastings,1,Good,Good,0
11542,Forbesdale,15240,Mid-Coast,1,Good,Good,0
11543,Fords Bridge,11150,Bourke,1,Good,Good,0
11544,Fordwich,17000,Singleton,1,Good,Good,0
11545,Forest Glen (NSW),14000,Hornsby,1,Acceptable,Good,0
11546,Forest Grove (NSW),10470,Bathurst Regional,1,Good,Good,0
11547,Forest Hill (NSW),17750,Wagga Wagga,1,Good,Good,0
11548,Forest Land,17400,Tenterfield,1,Good,Good,0
11549,Forest Lodge,17200,Sydney,1,Good,Good,0
11550,Forest Reefs,10850,Blayney,1,Good,Good,0
11551,Forestville (NSW),15990,Northern Beaches,1,Good,Good,0
11552,Forresters Beach,11650,Central Coast (NSW),1,Good,Good,0
11553,Forster (NSW),15240,Mid-Coast,1,Good,Good,0
11554,Fortis Creek,11730,Clarence Valley,1,Good,Good,0
11555,Fosters Valley,10470,Bathurst Regional,1,Good,Good,0
11556,Fosterton,12700,Dungog,1,Good,Good,0
11557,Fountaindale,11650,Central Coast (NSW),1,Good,Good,0
11558,Four Corners,12730,Edward River,0.3333333,Good,Good,0
11558,Four Corners,15560,Murrumbidgee,0.6666667,Good,Good,0
11559,Four Mile Creek (NSW),11400,Cabonne,1,Good,Good,0
11560,Fowlers Gap,19399,Unincorporated NSW,1,Acceptable,Good,0
11561,Foxground,14400,Kiama,1,Good,Good,0
11562,Frazer Park,11650,Central Coast (NSW),1,Good,Good,0
11563,Frazers Creek,16380,Port Macquarie-Hastings,1,Good,Good,0
11564,Frederickton,14350,Kempsey,1,Good,Good,0
11565,Freeburn Island,11730,Clarence Valley,1,Good,Good,0
11566,Freemans,11650,Central Coast (NSW),1,Good,Good,0
11567,Freemans Reach,13800,Hawkesbury,1,Good,Good,0
11568,Freemans Waterhole,14650,Lake Macquarie,1,Good,Good,0
11569,Freemantle,10470,Bathurst Regional,1,Good,Good,0
11570,French Park,14950,Lockhart,1,Good,Good,0
11571,Frenchs Forest,15990,Northern Beaches,1,Good,Good,0
11572,Freshwater (NSW),15990,Northern Beaches,1,Good,Good,0
11573,Frog Rock,15270,Mid-Western Regional,1,Good,Good,0
11574,Frogmore,13910,Hilltops,1,Good,Good,0
11575,Frogs Hollow,10550,Bega Valley,1,Good,Good,0
11576,Frying Pan,17040,Snowy Monaro Regional,1,Good,Good,0
11577,Fullerton,17640,Upper Lachlan Shire,1,Good,Good,0
11578,Fullerton Cove,16400,Port Stephens,1,Good,Good,0
11579,Furracabad,13010,Glen Innes Severn,1,Good,Good,0
11580,Gables,17420,The Hills Shire,1,Good,Good,0
11581,Gadara,17080,Snowy Valleys,1,Good,Good,0
11582,Gala Vale,15560,Murrumbidgee,1,Good,Good,0
11583,Galambine,15270,Mid-Western Regional,1,Good,Good,0
11584,Galong,13910,Hilltops,1,Good,Good,0
11585,Galore,15800,Narrandera,0.1508556,Good,Good,0
11585,Galore,17750,Wagga Wagga,0.8491444,Good,Good,0
11586,Galston,14000,Hornsby,1,Acceptable,Good,0
11587,Ganbenang,14870,Lithgow,0.9999039,Good,Good,0
11587,Ganbenang,16100,Oberon,9.61E-05,Good,Good,1
11588,Gangat,15240,Mid-Coast,1,Good,Good,0
11589,Ganmain,12000,Coolamon,0.9320078,Good,Good,0
11589,Ganmain,17750,Wagga Wagga,0.0679922,Good,Good,0
11590,Garah,15300,Moree Plains,1,Good,Good,0
11591,Garden Suburb,14650,Lake Macquarie,1,Good,Good,0
11592,Garema,12900,Forbes,1,Good,Good,0
11593,Garland,10850,Blayney,1,Good,Good,0
11594,Garland Valley,17000,Singleton,1,Good,Good,0
11595,Garoo,17310,Tamworth Regional,1,Good,Good,0
11596,Garra,11400,Cabonne,1,Good,Good,0
11597,Garthowen,17310,Tamworth Regional,1,Good,Good,0
11598,Gateshead,14650,Lake Macquarie,1,Good,Good,0
11599,Gearys Flat,16380,Port Macquarie-Hastings,1,Good,Good,0
11600,Geehi,17080,Snowy Valleys,1,Good,Good,0
11601,Gelston Park,17750,Wagga Wagga,1,Good,Good,0
11602,Gemalla,10470,Bathurst Regional,1,Good,Good,0
11603,Geneva,14550,Kyogle,1,Good,Good,0
11604,Georges Creek (NSW),14220,Inverell,1,Good,Good,0
11605,Georges Hall,11570,Canterbury-Bankstown,1,Good,Good,0
11606,Georges Plains,10470,Bathurst Regional,1,Good,Good,0
11607,Georgetown (NSW),15900,Newcastle,1,Good,Good,0
11608,Georgica,14850,Lismore,1,Good,Good,0
11609,Gerogery,13340,Greater Hume Shire,1,Good,Good,0
11610,Gerringong,14400,Kiama,1,Good,Good,0
11611,Gerroa,14400,Kiama,1,Good,Good,0
11612,Geurie,12390,Dubbo Regional,1,Good,Good,0
11613,Ghinni Ghi,14550,Kyogle,1,Good,Good,0
11614,Ghinni Ghinni,15240,Mid-Coast,1,Good,Good,0
11615,Ghoolendaadi,13550,Gunnedah,1,Good,Good,0
11616,Giants Creek,15650,Muswellbrook,1,Good,Good,0
11617,Gibberagee,11730,Clarence Valley,0.002403,Good,Good,1
11617,Gibberagee,16610,Richmond Valley,0.997597,Good,Good,0
11618,Gibraltar Range,13010,Glen Innes Severn,1,Good,Good,0
11619,Gidginbung,17350,Temora,1,Good,Good,0
11620,Gidley,17310,Tamworth Regional,1,Good,Good,0
11621,Gilead,11500,Campbelltown (NSW),1,Good,Good,0
11622,Gilgai,14220,Inverell,1,Good,Good,0
11623,Gilgandra,12950,Gilgandra,1,Good,Good,0
11624,Gilgooma,12150,Coonamble,1,Good,Good,0
11625,Gilgunnia,11750,Cobar,1,Good,Good,0
11626,Gillenbah,15800,Narrandera,1,Good,Good,0
11627,Gilletts Ridge,11730,Clarence Valley,1,Good,Good,0
11628,Gillieston Heights,15050,Maitland,1,Good,Good,0
11629,Gilmandyke,16100,Oberon,1,Good,Good,0
11630,Gilmore (NSW),17080,Snowy Valleys,1,Good,Good,0
11631,Gin Gin (NSW),15850,Narromine,0.757732,Good,Good,0
11631,Gin Gin (NSW),17950,Warren,0.242268,Good,Good,0
11632,Gineroi,13660,Gwydir,1,Good,Good,0
11633,Ginghi,15270,Mid-Western Regional,1,Good,Good,0
11634,Gingkin,16100,Oberon,1,Good,Good,0
11635,Girards Hill,14850,Lismore,1,Good,Good,0
11636,Girilambone,10950,Bogan,1,Good,Good,0
11637,Giro,15240,Mid-Coast,1,Good,Good,0
11638,Girral,10800,Bland,1,Good,Good,0
11639,Girralong,15700,Nambucca Valley,1,Good,Good,0
11640,Girraween (NSW),12380,Cumberland,1,Good,Good,0
11641,Girvan,15240,Mid-Coast,1,Good,Good,0
11642,Gladesville,14100,Hunters Hill,0.1848287,Acceptable,Good,0
11642,Gladesville,16700,Ryde,0.8151713,Good,Good,0
11643,Gladstone (NSW),14350,Kempsey,1,Good,Good,0
11644,Glanmire (NSW),10470,Bathurst Regional,1,Good,Good,0
11645,Glebe (NSW),17200,Sydney,1,Good,Good,0
11646,Gledswood Hills,11450,Camden,1,Good,Good,0
11647,Glen Alice,14870,Lithgow,1,Good,Good,0
11648,Glen Allen,17040,Snowy Monaro Regional,1,Good,Good,0
11649,Glen Alpine,11500,Campbelltown (NSW),1,Good,Good,0
11650,Glen Davis,14870,Lithgow,1,Good,Good,0
11651,Glen Elgin,13010,Glen Innes Severn,1,Good,Good,0
11652,Glen Fergus,17040,Snowy Monaro Regional,1,Good,Good,0
11653,Glen Innes,13010,Glen Innes Severn,1,Good,Good,0
11654,Glen Martin,12700,Dungog,1,Good,Good,0
11655,Glen Nevis,13010,Glen Innes Severn,1,Good,Good,0
11656,Glen Oak,12700,Dungog,0.0405918,Good,Good,0
11656,Glen Oak,16400,Port Stephens,0.9594082,Good,Good,0
11657,Glen Ward,15240,Mid-Coast,1,Good,Good,0
11658,Glen William,12700,Dungog,1,Good,Good,0
11659,Glenbawn,17620,Upper Hunter Shire,1,Good,Good,0
11660,Glenbrook,10900,Blue Mountains,1,Good,Good,0
11661,Glencoe (NSW),13010,Glen Innes Severn,1,Good,Good,0
11662,Glendale (NSW),14650,Lake Macquarie,1,Good,Good,0
11663,Glendenning,10750,Blacktown,1,Good,Good,0
11664,Glendon,17000,Singleton,1,Good,Good,0
11665,Glendon Brook,17000,Singleton,1,Good,Good,0
11666,Glenelg (NSW),18100,Weddin,1,Good,Good,0
11667,Glenellen,13340,Greater Hume Shire,1,Good,Good,0
11668,Glenfield (NSW),11500,Campbelltown (NSW),1,Good,Good,0
11669,Glenfield Park,17750,Wagga Wagga,1,Good,Good,0
11670,Glengarrie,17550,Tweed,1,Good,Good,0
11671,Glenhaven,14000,Hornsby,0.0540974,Acceptable,Good,0
11671,Glenhaven,17420,The Hills Shire,0.9459026,Good,Good,0
11672,Gleniffer,10600,Bellingen,1,Good,Good,0
11673,Glenmore (NSW),18400,Wollondilly,1,Good,Good,0
11674,Glenmore Park,16350,Penrith,1,Good,Good,0
11675,Glennies Creek,17000,Singleton,1,Good,Good,0
11676,Glenning Valley,11650,Central Coast (NSW),1,Good,Good,0
11677,Glenorie,14000,Hornsby,0.3900638,Acceptable,Good,0
11677,Glenorie,17420,The Hills Shire,0.6099362,Good,Good,0
11678,Glenquarry,18350,Wingecarribee,1,Good,Good,0
11679,Glenreagh,11730,Clarence Valley,1,Good,Good,0
11680,Glenridding,17000,Singleton,1,Good,Good,0
11681,Glenrock (NSW),17620,Upper Hunter Shire,1,Good,Good,0
11682,Glenroy (Albury - NSW),10050,Albury,1,Good,Good,0
11683,Glenroy (Snowy Valleys - NSW),17080,Snowy Valleys,1,Good,Good,0
11684,Glenthorne,15240,Mid-Coast,1,Good,Good,0
11685,Glenugie,11730,Clarence Valley,1,Good,Good,0
11686,Glenwood (NSW),10750,Blacktown,1,Good,Good,0
11687,Glenworth Valley,11650,Central Coast (NSW),1,Good,Good,0
11688,Glossodia,13800,Hawkesbury,1,Good,Good,0
11689,Gloucester,15240,Mid-Coast,1,Good,Good,0
11690,Gloucester Tops,15240,Mid-Coast,1,Good,Good,0
11691,Goat Island,10250,Ballina,1,Good,Good,0
11692,Gobarralong,12160,Cootamundra-Gundagai Regional,1,Good,Good,0
11693,Gobbagombalin,17750,Wagga Wagga,1,Good,Good,0
11694,Gocup,17080,Snowy Valleys,1,Good,Good,0
11695,Godfreys Creek,13910,Hilltops,1,Good,Good,0
11696,Gogeldrie,14750,Leeton,1,Good,Good,0
11697,Gol Gol,18200,Wentworth,1,Good,Good,0
11698,Gollan,12390,Dubbo Regional,1,Good,Good,0
11699,Golspie,17640,Upper Lachlan Shire,1,Good,Good,0
11700,Gongolgon,11200,Brewarrina,1,Good,Good,0
11701,Gonn,15520,Murray River,1,Good,Good,0
11702,Gooandra,17040,Snowy Monaro Regional,1,Good,Good,0
11703,Goobarragandra,17080,Snowy Valleys,1,Good,Good,0
11704,Good Forest,14870,Lithgow,1,Good,Good,0
11705,Good Hope,18710,Yass Valley,1,Good,Good,0
11706,Goodmans Ford,18350,Wingecarribee,1,Good,Good,0
11707,Goodnight,15520,Murray River,1,Good,Good,0
11708,Goodooga,11200,Brewarrina,1,Good,Good,0
11709,Goodwood Island,11730,Clarence Valley,1,Good,Good,0
11710,Googong,16490,Queanbeyan-Palerang Regional,1,Good,Good,0
11711,Goolgowi,11600,Carrathool,1,Good,Good,0
11712,Goolhi,13550,Gunnedah,0.0003075,Good,Good,1
11712,Goolhi,18020,Warrumbungle Shire,0.9996925,Good,Good,0
11713,Goolma,12390,Dubbo Regional,0.1539813,Good,Good,0
11713,Goolma,15270,Mid-Western Regional,0.8460187,Good,Good,0
11714,Goolmangar,14850,Lismore,1,Good,Good,0
11715,Gooloogong,11400,Cabonne,0.1004852,Good,Good,0
11715,Gooloogong,12350,Cowra,0.8995148,Good,Good,0
11716,Goombargana,13340,Greater Hume Shire,1,Good,Good,0
11717,Goonellabah,14850,Lismore,1,Good,Good,0
11718,Goonengerry,11350,Byron,1,Good,Good,0
11719,Goonoo Forest,12390,Dubbo Regional,0.9990991,Good,Good,0
11719,Goonoo Forest,18020,Warrumbungle Shire,0.0009009,Good,Good,1
11720,Goonoo Goonoo,17310,Tamworth Regional,1,Good,Good,0
11721,Goonumbla,16200,Parkes,1,Good,Good,0
11722,Goorangoola,17000,Singleton,1,Good,Good,0
11723,Goorianawa,18020,Warrumbungle Shire,1,Good,Good,0
11724,Gordon (NSW),14500,Ku-ring-gai,1,Good,Good,0
11725,Gorge Creek,14550,Kyogle,1,Good,Good,0
11726,Gormans Hill,10470,Bathurst Regional,1,Good,Good,0
11727,Gorokan,11650,Central Coast (NSW),1,Good,Good,0
11728,Gosford,11650,Central Coast (NSW),1,Good,Good,0
11729,Gosforth,15050,Maitland,1,Good,Good,0
11730,Gostwyck,17650,Uralla,1,Good,Good,0
11731,Goulburn,13310,Goulburn Mulwaree,1,Good,Good,0
11732,Gouldsville,17000,Singleton,1,Good,Good,0
11733,Gowan,10470,Bathurst Regional,0.5831252,Good,Good,0
11733,Gowan,11400,Cabonne,0.4168748,Good,Good,0
11734,Gowang,18020,Warrumbungle Shire,1,Good,Good,0
11735,Gowrie (Singleton - NSW),17000,Singleton,1,Good,Good,0
11736,Gowrie (Tamworth Regional - NSW),14920,Liverpool Plains,0.0001,Good,Good,1
11736,Gowrie (Tamworth Regional - NSW),17310,Tamworth Regional,0.9999,Good,Good,0
11737,Grabben Gullen,17640,Upper Lachlan Shire,1,Good,Good,0
11738,Gradys Creek,14550,Kyogle,1,Good,Good,0
11739,Grafton,11730,Clarence Valley,1,Good,Good,0
11740,Gragin,14220,Inverell,1,Good,Good,0
11741,Grahamstown,17080,Snowy Valleys,1,Good,Good,0
11742,Graman,13660,Gwydir,0.1132805,Good,Good,0
11742,Graman,14220,Inverell,0.8867195,Good,Good,0
11743,Grantham Farm,10750,Blacktown,1,Good,Good,0
11744,Grants Beach,16380,Port Macquarie-Hastings,1,Good,Good,0
11745,Granville (NSW),12380,Cumberland,0.6446921,Good,Good,0
11745,Granville (NSW),16260,Parramatta,0.3553079,Acceptable,Good,0
11746,Grasmere,11450,Camden,1,Good,Good,0
11747,Grassy Head,14350,Kempsey,1,Good,Good,0
11748,Grattai,15270,Mid-Western Regional,1,Good,Good,0
11749,Gravesend,13660,Gwydir,0.9999666,Good,Good,0
11749,Gravesend,15300,Moree Plains,3.34E-05,Good,Good,1
11750,Grays Point,17150,Sutherland Shire,1,Good,Good,0
11751,Great Mackerel Beach,15990,Northern Beaches,1,Good,Good,0
11752,Great Marlow,11730,Clarence Valley,1,Good,Good,0
11753,Green Cape,10550,Bega Valley,1,Good,Good,0
11754,Green Creek,17620,Upper Hunter Shire,1,Good,Good,0
11755,Green Forest,14850,Lismore,1,Good,Good,0
11756,Green Gully (NSW),15270,Mid-Western Regional,1,Good,Good,0
11757,Green Hills (Armidale Regional - NSW),10180,Armidale Regional,1,Good,Good,0
11758,Green Hills (Snowy Valleys - NSW),17080,Snowy Valleys,1,Good,Good,0
11759,Green Pigeon,14550,Kyogle,1,Good,Good,0
11760,Green Point (Central Coast - NSW),11650,Central Coast (NSW),1,Good,Good,0
11761,Green Point (Mid-Coast - NSW),15240,Mid-Coast,1,Good,Good,0
11762,Green Valley (NSW),14900,Liverpool,1,Good,Good,0
11763,Greenacre,11570,Canterbury-Bankstown,0.9377534,Good,Good,0
11763,Greenacre,17100,Strathfield,0.0622466,Acceptable,Good,0
11764,Greendale (Bega Valley - NSW),10550,Bega Valley,1,Good,Good,0
11765,Greendale (Liverpool - NSW),14900,Liverpool,1,Good,Good,0
11766,Greenethorpe,18100,Weddin,1,Good,Good,0
11767,Greenfield Park,12850,Fairfield,1,Good,Good,0
11768,Greengrove,11650,Central Coast (NSW),1,Good,Good,0
11769,Greenhill (NSW),14350,Kempsey,1,Good,Good,0
11770,Greenhills Beach,17150,Sutherland Shire,1,Good,Good,0
11771,Greenlands (Singleton - NSW),17000,Singleton,1,Good,Good,0
11772,Greenlands (Snowy Monaro Regional - NSW),10550,Bega Valley,0.001994,Good,Good,1
11772,Greenlands (Snowy Monaro Regional - NSW),17040,Snowy Monaro Regional,0.998006,Good,Good,0
11773,Greenleigh,16490,Queanbeyan-Palerang Regional,1,Good,Good,0
11774,Greenridge,16610,Richmond Valley,1,Good,Good,0
11775,Greenwell Point,16950,Shoalhaven,1,Good,Good,0
11776,Greenwich,14700,Lane Cove,1,Good,Good,0
11777,Greenwich Park,13310,Goulburn Mulwaree,0.3145552,Good,Good,0
11777,Greenwich Park,17640,Upper Lachlan Shire,0.6854448,Good,Good,0
11778,Greg Greg,17080,Snowy Valleys,1,Good,Good,0
11779,Gregadoo,17750,Wagga Wagga,1,Good,Good,0
11780,Gregory Hills,11450,Camden,1,Good,Good,0
11781,Greigs Flat,10550,Bega Valley,1,Good,Good,0
11782,Grenfell,18100,Weddin,1,Good,Good,0
11783,Gresford,12700,Dungog,1,Good,Good,0
11784,Greta (NSW),11720,Cessnock,0.9815928,Good,Good,0
11784,Greta (NSW),15050,Maitland,0.0184072,Good,Good,0
11785,Greta Main,11720,Cessnock,1,Good,Good,0
11786,Grevillia,14550,Kyogle,1,Good,Good,0
11787,Greystanes,12380,Cumberland,1,Good,Good,0
11788,Griffith (NSW),13450,Griffith,1,Good,Good,0
11789,Grogan,17350,Temora,1,Good,Good,0
11790,Grong Grong,15800,Narrandera,1,Good,Good,0
11791,Grose Vale,13800,Hawkesbury,1,Good,Good,0
11792,Grose Wold,13800,Hawkesbury,1,Good,Good,0
11793,Grosses Plain,17040,Snowy Monaro Regional,1,Good,Good,0
11794,Growee,15270,Mid-Western Regional,1,Good,Good,0
11795,Guerilla Bay,12750,Eurobodalla,1,Good,Good,0
11796,Guildford (NSW),12380,Cumberland,1,Good,Good,0
11797,Guildford West,12380,Cumberland,1,Good,Good,0
11798,Gulargambone,12150,Coonamble,1,Good,Good,0
11799,Gulf Creek,13660,Gwydir,1,Good,Good,0
11800,Gulgong,15270,Mid-Western Regional,1,Good,Good,0
11801,Gulmarrad,11730,Clarence Valley,1,Good,Good,0
11802,Gum Flat,14220,Inverell,1,Good,Good,0
11803,Gum Scrub,16380,Port Macquarie-Hastings,1,Good,Good,0
11804,Gumbalie,11150,Bourke,1,Good,Good,0
11805,Gumble,11400,Cabonne,1,Good,Good,0
11806,Gumly Gumly,17750,Wagga Wagga,1,Good,Good,0
11807,Gumma,15700,Nambucca Valley,1,Good,Good,0
11808,Gunbar,11600,Carrathool,1,Good,Good,0
11809,Gundagai,12160,Cootamundra-Gundagai Regional,1,Good,Good,0
11810,Gundamulda,13660,Gwydir,1,Good,Good,0
11811,Gundaroo,18710,Yass Valley,1,Good,Good,0
11812,Gundary,13310,Goulburn Mulwaree,1,Good,Good,0
11813,Gunderbooka,11150,Bourke,1,Good,Good,0
11814,Gunderman,11650,Central Coast (NSW),1,Good,Good,0
11815,Gundy,17620,Upper Hunter Shire,1,Good,Good,0
11816,Gungal,15650,Muswellbrook,0.0744856,Good,Good,0
11816,Gungal,17620,Upper Hunter Shire,0.9255144,Good,Good,0
11817,Gungalman,12150,Coonamble,1,Good,Good,0
11818,Gunnedah,13550,Gunnedah,1,Good,Good,0
11819,Gunning,17640,Upper Lachlan Shire,1,Good,Good,0
11820,Gunning Gap,12900,Forbes,1,Good,Good,0
11821,Gunningbland,16200,Parkes,1,Good,Good,0
11822,Gunningrah,17040,Snowy Monaro Regional,1,Good,Good,0
11823,Guntawang,15270,Mid-Western Regional,1,Good,Good,0
11824,Gurley,15300,Moree Plains,1,Good,Good,0
11825,Gurnang,16100,Oberon,1,Good,Good,0
11826,Gurranang,11730,Clarence Valley,1,Good,Good,0
11827,Gurrundah,17640,Upper Lachlan Shire,1,Good,Good,0
11828,Guyong,11400,Cabonne,0.8304812,Good,Good,0
11828,Guyong,16150,Orange,0.1695188,Good,Good,0
11829,Guyra,10180,Armidale Regional,1,Good,Good,0
11830,Gwabegar,15750,Narrabri,1,Good,Good,0
11831,Gwandalan,11650,Central Coast (NSW),1,Good,Good,0
11832,Gwynneville,18450,Wollongong,1,Good,Good,0
11833,Gymea,17150,Sutherland Shire,1,Good,Good,0
11834,Gymea Bay,17150,Sutherland Shire,1,Good,Good,0
11835,Haberfield,11520,Canada Bay,1.50E-06,Good,Good,1
11835,Haberfield,14170,Inner West,0.9999985,Good,Good,0
11836,Hacks Ferry,16380,Port Macquarie-Hastings,1,Good,Good,0
11837,Halekulani,11650,Central Coast (NSW),1,Good,Good,0
11838,Halfway Creek,11730,Clarence Valley,0.9880689,Good,Good,0
11838,Halfway Creek,11800,Coffs Harbour,0.0119311,Good,Good,0
11839,Hallidays Point,15240,Mid-Coast,1,Good,Good,0
11840,Halloran,11650,Central Coast (NSW),1,Good,Good,0
11841,Halls Creek (NSW),17310,Tamworth Regional,1,Good,Good,0
11842,Hallsville,17310,Tamworth Regional,1,Good,Good,0
11843,Halton,12700,Dungog,1,Good,Good,0
11844,Hambledon Hill,17000,Singleton,1,Good,Good,0
11845,Hamilton (NSW),15900,Newcastle,1,Good,Good,0
11846,Hamilton East,15900,Newcastle,1,Good,Good,0
11847,Hamilton North,15900,Newcastle,1,Good,Good,0
11848,Hamilton South,15900,Newcastle,1,Good,Good,0
11849,Hamilton Valley,10050,Albury,1,Good,Good,0
11850,Hamlyn Terrace,11650,Central Coast (NSW),1,Good,Good,0
11851,Hammondville,14900,Liverpool,1,Good,Good,0
11852,Hampden Hall,14350,Kempsey,1,Good,Good,0
11853,Hampton (NSW),14870,Lithgow,1,Good,Good,0
11854,Hanging Rock,17310,Tamworth Regional,1,Good,Good,0
11855,Hanleys Creek,12700,Dungog,1,Good,Good,0
11856,Hannam Vale,15240,Mid-Coast,1,Good,Good,0
11857,Hanwood,13450,Griffith,1,Good,Good,0
11858,Harden,13910,Hilltops,1,Good,Good,0
11859,Hardys Bay,11650,Central Coast (NSW),1,Good,Good,0
11860,Harefield,14300,Junee,0.4195828,Good,Good,0
11860,Harefield,17750,Wagga Wagga,0.5804172,Good,Good,0
11861,Hargraves,12390,Dubbo Regional,3.33E-05,Good,Good,1
11861,Hargraves,15270,Mid-Western Regional,0.9999667,Good,Good,0
11862,Harolds Cross,16490,Queanbeyan-Palerang Regional,1,Good,Good,0
11863,Harparary,15750,Narrabri,1,Good,Good,0
11864,Harpers Hill,15050,Maitland,1,Good,Good,0
11865,Harrington,15240,Mid-Coast,1,Good,Good,0
11866,Harrington Park,11450,Camden,1,Good,Good,0
11867,Harris Park,16260,Parramatta,1,Acceptable,Good,0
11868,Hartley (NSW),14870,Lithgow,1,Good,Good,0
11869,Hartley Vale,14870,Lithgow,1,Good,Good,0
11870,Hartwood,12730,Edward River,1,Good,Good,0
11871,Hartys Plains,16380,Port Macquarie-Hastings,1,Good,Good,0
11872,Harwood,11730,Clarence Valley,1,Good,Good,0
11873,Hassall Grove,10750,Blacktown,1,Good,Good,0
11874,Hassans Walls,14870,Lithgow,1,Good,Good,0
11875,Hastings Point,17550,Tweed,1,Good,Good,0
11876,Hat Head,14350,Kempsey,1,Good,Good,0
11877,Hatfield,10300,Balranald,1,Good,Good,0
11878,Havilah (NSW),15270,Mid-Western Regional,1,Good,Good,0
11879,Hawkesbury Heights,10900,Blue Mountains,1,Good,Good,0
11880,Hawks Nest,15240,Mid-Coast,1,Good,Good,0
11881,Hay (NSW),13850,Hay,1,Good,Good,0
11882,Hay South,13850,Hay,1,Good,Good,0
11883,Hayes Gap,15270,Mid-Western Regional,1,Good,Good,0
11884,Haymarket,17200,Sydney,1,Good,Good,0
11885,Haystack,14550,Kyogle,1,Good,Good,0
11886,Hayters Hill,11350,Byron,1,Good,Good,0
11887,Haywards Bay,18450,Wollongong,1,Good,Good,0
11888,Hazelbrook,10900,Blue Mountains,1,Good,Good,0
11889,Hazelgrove,16100,Oberon,1,Good,Good,0
11890,Heathcote (NSW),17150,Sutherland Shire,1,Good,Good,0
11891,Heatherbrae,16400,Port Stephens,1,Good,Good,0
11892,Hebden,15650,Muswellbrook,0.69691,Good,Good,0
11892,Hebden,17000,Singleton,0.30309,Good,Good,0
11893,Hebersham,10750,Blacktown,1,Good,Good,0
11894,Heckenberg,14900,Liverpool,1,Good,Good,0
11895,Heddon Greta,11720,Cessnock,1,Good,Good,0
11896,Heifer Station,11730,Clarence Valley,1,Good,Good,0
11897,Helensburgh,18450,Wollongong,1,Good,Good,0
11898,Henley,14100,Hunters Hill,1,Acceptable,Good,0
11899,Henty (NSW),13340,Greater Hume Shire,0.976477,Good,Good,0
11899,Henty (NSW),14950,Lockhart,0.023523,Good,Good,0
11900,Hereford Hall,16490,Queanbeyan-Palerang Regional,1,Good,Good,0
11901,Hermidale,10950,Bogan,1,Good,Good,0
11902,Hermitage Flat,14870,Lithgow,1,Good,Good,0
11903,Hernani,10180,Armidale Regional,8.92E-05,Good,Good,1
11903,Hernani,11730,Clarence Valley,0.9999108,Good,Good,0
11904,Herons Creek,16380,Port Macquarie-Hastings,1,Good,Good,0
11905,Hexham (NSW),15900,Newcastle,1,Good,Good,0
11906,Hickeys Creek,14350,Kempsey,1,Good,Good,0
11907,High Range,18350,Wingecarribee,1,Good,Good,0
11908,Higher Macdonald,13800,Hawkesbury,1,Good,Good,0
11909,Highfields (NSW),14650,Lake Macquarie,1,Good,Good,0
11910,Hill End (NSW),10470,Bathurst Regional,1,Good,Good,0
11911,Hill Top (Snowy Monaro Regional - NSW),17040,Snowy Monaro Regional,1,Good,Good,0
11912,Hill Top (Wingecarribee - NSW),18350,Wingecarribee,1,Good,Good,0
11913,Hilldale,12700,Dungog,1,Good,Good,0
11914,Hillgrove (Armidale Regional - NSW),10180,Armidale Regional,1,Good,Good,0
11915,Hillgrove (Wagga Wagga - NSW),17750,Wagga Wagga,1,Good,Good,0
11916,Hillsborough (Lake Macquarie - NSW),14650,Lake Macquarie,1,Good,Good,0
11917,Hillsborough (Maitland - NSW),15050,Maitland,1,Good,Good,0
11918,Hillsdale,10500,Bayside (NSW),1,Good,Good,0
11919,Hillston,11600,Carrathool,1,Good,Good,0
11920,Hillville,15240,Mid-Coast,1,Good,Good,0
11921,Hillvue,17310,Tamworth Regional,1,Good,Good,0
11922,Hinchinbrook (NSW),14900,Liverpool,1,Good,Good,0
11923,Hinton,16400,Port Stephens,1,Good,Good,0
11924,Hobartville,13800,Hawkesbury,1,Good,Good,0
11925,Hobbys Yards,10850,Blayney,1,Good,Good,0
11926,Hogarth Range,14550,Kyogle,0.4685402,Good,Good,0
11926,Hogarth Range,16610,Richmond Valley,0.5314598,Good,Good,0
11927,Holbrook,13340,Greater Hume Shire,1,Good,Good,0
11928,Holgate,11650,Central Coast (NSW),1,Good,Good,0
11929,Hollisdale,16380,Port Macquarie-Hastings,1,Good,Good,0
11930,Hollydeen,15650,Muswellbrook,1,Good,Good,0
11931,Holmesville,14650,Lake Macquarie,1,Good,Good,0
11932,Holroyd,12380,Cumberland,0.9999678,Good,Good,0
11932,Holroyd,16260,Parramatta,3.22E-05,Acceptable,Good,1
11933,Holsworthy,11500,Campbelltown (NSW),0.0008859,Good,Good,1
11933,Holsworthy,14900,Liverpool,0.9991088,Good,Good,0
11933,Holsworthy,17150,Sutherland Shire,5.30E-06,Good,Good,1
11934,Holts Flat,17040,Snowy Monaro Regional,1,Good,Good,0
11935,Home Rule,15270,Mid-Western Regional,1,Good,Good,0
11936,Homebush (NSW),11520,Canada Bay,1.70E-06,Good,Good,1
11936,Homebush (NSW),17100,Strathfield,0.9999983,Acceptable,Good,0
11937,Homebush West,17100,Strathfield,1,Acceptable,Good,0
11938,Homeleigh,14550,Kyogle,1,Good,Good,0
11939,Honeybugle,10950,Bogan,1,Good,Good,0
11940,Hopefield,12870,Federation,1,Good,Good,0
11941,Hopkins Creek,17550,Tweed,1,Good,Good,0
11942,Horningsea Park,14900,Liverpool,1,Good,Good,0
11943,Hornsby,14000,Hornsby,1,Acceptable,Good,0
11944,Hornsby Heights,14000,Hornsby,1,Acceptable,Good,0
11945,Horse Station Creek,14550,Kyogle,1,Good,Good,0
11946,Horseshoe Bend,15050,Maitland,1,Good,Good,0
11947,Horseshoe Creek,14550,Kyogle,1,Good,Good,0
11948,Horsfield Bay,11650,Central Coast (NSW),1,Good,Good,0
11949,Horsley,18450,Wollongong,1,Good,Good,0
11950,Horsley Park,12850,Fairfield,1,Good,Good,0
11951,Hoskinstown,16490,Queanbeyan-Palerang Regional,1,Good,Good,0
11952,Hovells Creek,13910,Hilltops,1,Good,Good,0
11953,Howards Grass,14850,Lismore,1,Good,Good,0
11954,Howell,14220,Inverell,1,Good,Good,0
11955,Howes Valley,17000,Singleton,1,Good,Good,0
11956,Howick (NSW),17000,Singleton,1,Good,Good,0
11957,Howlong,12870,Federation,1,Good,Good,0
11958,Hoxton Park,14900,Liverpool,1,Good,Good,0
11959,Humula,13340,Greater Hume Shire,0.0398097,Good,Good,0
11959,Humula,17750,Wagga Wagga,0.9601903,Good,Good,0
11960,Hungerford (NSW),11150,Bourke,1,Good,Good,0
11961,Hunters Hill,14100,Hunters Hill,1,Acceptable,Good,0
11962,Hunterview,17000,Singleton,1,Good,Good,0
11963,Huntingdon,16380,Port Macquarie-Hastings,1,Good,Good,0
11964,Huntingwood,10750,Blacktown,1,Good,Good,0
11965,Huntley (Orange - NSW),16150,Orange,1,Good,Good,0
11966,Huntley (Wollongong - NSW),18450,Wollongong,1,Good,Good,0
11967,Huntleys Cove,14100,Hunters Hill,1,Acceptable,Good,0
11968,Huntleys Point,14100,Hunters Hill,1,Acceptable,Good,0
11969,Huonbrook,11350,Byron,1,Good,Good,0
11970,Hurlstone Park,11570,Canterbury-Bankstown,0.9094146,Good,Good,0
11970,Hurlstone Park,14170,Inner West,0.0905854,Good,Good,0
11971,Hurstville,12930,Georges River,1,Acceptable,Good,0
11972,Hurstville Grove,12930,Georges River,1,Acceptable,Good,0
11973,Huskisson,16950,Shoalhaven,1,Good,Good,0
11974,Hyams Beach,16950,Shoalhaven,1,Good,Good,0
11975,Hydes Creek,10600,Bellingen,1,Good,Good,0
11976,Hyland Park,15700,Nambucca Valley,1,Good,Good,0
11977,Hyndmans Creek,16380,Port Macquarie-Hastings,1,Good,Good,0
11978,Ilarwill,11730,Clarence Valley,1,Good,Good,0
11979,Ilford,15270,Mid-Western Regional,1,Good,Good,0
11980,Illabo,14300,Junee,1,Good,Good,0
11981,Illaroo,16950,Shoalhaven,1,Good,Good,0
11982,Illawong,17150,Sutherland Shire,1,Good,Good,0
11983,Iluka (NSW),11730,Clarence Valley,1,Good,Good,0
11984,Indi,17080,Snowy Valleys,1,Good,Good,0
11985,Ingebirah,17040,Snowy Monaro Regional,1,Good,Good,0
11986,Ingeegoodbee,17040,Snowy Monaro Regional,1,Good,Good,0
11987,Ingleburn,11500,Campbelltown (NSW),1,Good,Good,0
11988,Ingleside,15990,Northern Beaches,1,Good,Good,0
11989,Innes View,16380,Port Macquarie-Hastings,1,Good,Good,0
11990,Inverell,14220,Inverell,1,Good,Good,0
11991,Invergordon (NSW),15240,Mid-Coast,1,Good,Good,0
11992,Invergowrie,17650,Uralla,1,Good,Good,0
11993,Iron Pot Creek,14550,Kyogle,1,Good,Good,0
11994,Ironbark (NSW),17310,Tamworth Regional,1,Good,Good,0
11995,Ironmungy,17040,Snowy Monaro Regional,1,Good,Good,0
11996,Irvington,16610,Richmond Valley,1,Good,Good,0
11997,Irymple (NSW),11750,Cobar,1,Good,Good,0
11998,Isabella,16100,Oberon,1,Good,Good,0
11999,Islington,15900,Newcastle,1,Good,Good,0
12000,Ivanhoe (NSW),10300,Balranald,0.0849333,Good,Good,0
12000,Ivanhoe (NSW),11700,Central Darling,0.9150667,Good,Good,0
12001,Jackadgery,11730,Clarence Valley,1,Good,Good,0
12002,Jacks Creek,15750,Narrabri,1,Good,Good,0
12003,Jacksons Flat,14550,Kyogle,1,Good,Good,0
12004,Jacky Bulbin Flat,11730,Clarence Valley,1,Good,Good,0
12005,Jagumba,17080,Snowy Valleys,1,Good,Good,0
12006,Jagungal Wilderness,17080,Snowy Valleys,1,Good,Good,0
12007,Jamberoo,14400,Kiama,1,Good,Good,0
12008,James Creek,11730,Clarence Valley,1,Good,Good,0
12009,Jamisontown,16350,Penrith,1,Good,Good,0
12010,Jannali,17150,Sutherland Shire,1,Good,Good,0
12011,Jaspers Brush,16950,Shoalhaven,1,Good,Good,0
12012,Jaunter,16100,Oberon,1,Good,Good,0
12013,Jeir,18710,Yass Valley,1,Good,Good,0
12014,Jellat Jellat,10550,Bega Valley,1,Good,Good,0
12015,Jemalong,12900,Forbes,1,Good,Good,0
12016,Jembaicumbene,16490,Queanbeyan-Palerang Regional,1,Good,Good,0
12017,Jennings,17400,Tenterfield,1,Good,Good,0
12018,Jenolan,16100,Oberon,1,Good,Good,0
12019,Jeogla,10180,Armidale Regional,1,Good,Good,0
12020,Jerangle,17040,Snowy Monaro Regional,1,Good,Good,0
12021,Jeremadra,12750,Eurobodalla,1,Good,Good,0
12022,Jeremy,16100,Oberon,1,Good,Good,0
12023,Jerilderie,15560,Murrumbidgee,1,Good,Good,0
12024,Jerrabattgulla,16490,Queanbeyan-Palerang Regional,1,Good,Good,0
12025,Jerrabomberra,16490,Queanbeyan-Palerang Regional,1,Good,Good,0
12026,Jerrara,14400,Kiama,1,Good,Good,0
12027,Jerrawa,17640,Upper Lachlan Shire,1,Good,Good,0
12028,Jerrawangala,16950,Shoalhaven,1,Good,Good,0
12029,Jerrong,16100,Oberon,1,Good,Good,0
12030,Jerrys Plains,15650,Muswellbrook,0.3443519,Good,Good,0
12030,Jerrys Plains,17000,Singleton,0.6556481,Good,Good,0
12031,Jerseyville,14350,Kempsey,1,Good,Good,0
12032,Jesmond,15900,Newcastle,1,Good,Good,0
12033,Jewells,14650,Lake Macquarie,1,Good,Good,0
12034,Jews Lagoon,15750,Narrabri,1,Good,Good,0
12035,Jiggi,14850,Lismore,1,Good,Good,0
12036,Jilliby,11650,Central Coast (NSW),1,Good,Good,0
12037,Jimenbuen,17040,Snowy Monaro Regional,1,Good,Good,0
12038,Jincumbilly,17040,Snowy Monaro Regional,1,Good,Good,0
12039,Jindabyne,17040,Snowy Monaro Regional,1,Good,Good,0
12040,Jinden,16490,Queanbeyan-Palerang Regional,1,Good,Good,0
12041,Jindera,13340,Greater Hume Shire,1,Good,Good,0
12042,Jingellic,13340,Greater Hume Shire,0.2678395,Good,Good,0
12042,Jingellic,17080,Snowy Valleys,0.7321605,Good,Good,0
12043,Jingera,17040,Snowy Monaro Regional,1,Good,Good,0
12044,Joadja,18350,Wingecarribee,1,Good,Good,0
12045,Joes Box,14550,Kyogle,1,Good,Good,0
12046,Johns River,15240,Mid-Coast,1,Good,Good,0
12047,Jolly Nose,16380,Port Macquarie-Hastings,1,Good,Good,0
12048,Jones Bridge,17080,Snowy Valleys,1,Good,Good,0
12049,Jones Island,15240,Mid-Coast,1,Good,Good,0
12050,Jordan Springs,16350,Penrith,1,Good,Good,0
12051,Judds Creek,16100,Oberon,1,Good,Good,0
12052,Jugiong,13910,Hilltops,1,Good,Good,0
12053,Junction Hill,11730,Clarence Valley,1,Good,Good,0
12054,Junee,14300,Junee,1,Good,Good,0
12055,Junee Reefs,14300,Junee,1,Good,Good,0
12056,Kahibah,14650,Lake Macquarie,1,Good,Good,0
12057,Kains Flat,15270,Mid-Western Regional,1,Good,Good,0
12058,Kalang,10600,Bellingen,1,Good,Good,0
12059,Kalaru,10550,Bega Valley,1,Good,Good,0
12060,Kalkite,17040,Snowy Monaro Regional,1,Good,Good,0
12061,Kamarah,10800,Bland,0.20253,Good,Good,0
12061,Kamarah,15800,Narrandera,0.79747,Good,Good,0
12062,Kameruka,10550,Bega Valley,1,Good,Good,0
12063,Kanahooka,18450,Wollongong,1,Good,Good,0
12064,Kanangra,16100,Oberon,1,Good,Good,0
12065,Kandos,15270,Mid-Western Regional,1,Good,Good,0
12066,Kangaloon,18350,Wingecarribee,1,Good,Good,0
12067,Kangaroo Creek,11730,Clarence Valley,1,Good,Good,0
12068,Kangaroo Point (NSW),17150,Sutherland Shire,1,Good,Good,0
12069,Kangaroo Valley,16950,Shoalhaven,1,Good,Good,0
12070,Kangaroobie,11400,Cabonne,1,Good,Good,0
12071,Kangiara,18710,Yass Valley,1,Good,Good,0
12072,Kangy Angy,11650,Central Coast (NSW),1,Good,Good,0
12073,Kanimbla (NSW),14870,Lithgow,1,Good,Good,0
12074,Kanoona,10550,Bega Valley,1,Good,Good,0
12075,Kanwal,11650,Central Coast (NSW),1,Good,Good,0
12076,Kapooka,17750,Wagga Wagga,1,Good,Good,0
12077,Kaputar,15750,Narrabri,1,Good,Good,0
12078,Karaak Flat,15240,Mid-Coast,1,Good,Good,0
12079,Karabar,16490,Queanbeyan-Palerang Regional,1,Good,Good,0
12080,Karangi,11800,Coffs Harbour,1,Good,Good,0
12081,Kareela,17150,Sutherland Shire,1,Good,Good,0
12082,Kariong,11650,Central Coast (NSW),1,Good,Good,0
12083,Kars Springs,17620,Upper Hunter Shire,1,Good,Good,0
12084,Karuah,15240,Mid-Coast,0.0680153,Good,Good,0
12084,Karuah,16400,Port Stephens,0.9319847,Good,Good,0
12085,Katoomba,10900,Blue Mountains,1,Good,Good,0
12086,Kayuga,15650,Muswellbrook,1,Good,Good,0
12087,Kearns,11500,Campbelltown (NSW),1,Good,Good,0
12088,Kearsley,11720,Cessnock,1,Good,Good,0
12089,Keepit,13550,Gunnedah,1,Good,Good,0
12090,Keera,13660,Gwydir,1,Good,Good,0
12091,Keerrong,14850,Lismore,1,Good,Good,0
12092,Keinbah,11720,Cessnock,1,Good,Good,0
12093,Keiraville,18450,Wollongong,1,Good,Good,0
12094,Keith Hall,10250,Ballina,1,Good,Good,0
12095,Kellys Plains,10180,Armidale Regional,0.614444,Good,Good,0
12095,Kellys Plains,17650,Uralla,0.385556,Good,Good,0
12096,Kellyville,17420,The Hills Shire,1,Good,Good,0
12097,Kellyville Ridge,10750,Blacktown,1,Good,Good,0
12098,Kelso (NSW),10470,Bathurst Regional,1,Good,Good,0
12099,Kelvin,13550,Gunnedah,1,Good,Good,0
12100,Kembla Grange,18450,Wollongong,1,Good,Good,0
12101,Kembla Heights,18450,Wollongong,1,Good,Good,0
12102,Kemps Creek,14900,Liverpool,0.7685539,Good,Good,0
12102,Kemps Creek,16350,Penrith,0.2314461,Good,Good,0
12103,Kempsey,14350,Kempsey,1,Good,Good,0
12104,Kendall,16380,Port Macquarie-Hastings,1,Good,Good,0
12105,Kenebri,18020,Warrumbungle Shire,1,Good,Good,0
12106,Kennaicle Creek,10600,Bellingen,0.9966997,Good,Good,0
12106,Kennaicle Creek,15700,Nambucca Valley,0.0033003,Good,Good,1
12107,Kensington (NSW),16550,Randwick,1,Good,Good,0
12108,Kenthurst,17420,The Hills Shire,1,Good,Good,0
12109,Kentlyn,11500,Campbelltown (NSW),1,Good,Good,0
12110,Kentucky,17310,Tamworth Regional,0.1520786,Good,Good,0
12110,Kentucky,17650,Uralla,0.8479214,Good,Good,0
12111,Kentucky South,17650,Uralla,1,Good,Good,0
12112,Kerewong,16380,Port Macquarie-Hastings,1,Good,Good,0
12113,Keri Keri,15520,Murray River,1,Good,Good,0
12114,Kerrabee,15650,Muswellbrook,1,Good,Good,0
12115,Kerrigundi,11750,Cobar,1,Good,Good,0
12116,Kerrs Creek,11400,Cabonne,0.4658053,Good,Good,0
12116,Kerrs Creek,12390,Dubbo Regional,0.5341947,Good,Good,0
12117,Kew (NSW),16380,Port Macquarie-Hastings,1,Good,Good,0
12118,Keybarbin,11730,Clarence Valley,1,Good,Good,0
12119,Khancoban,17080,Snowy Valleys,1,Good,Good,0
12120,Khatambuhl,15240,Mid-Coast,1,Good,Good,0
12121,Kia Ora (NSW),15240,Mid-Coast,1,Good,Good,0
12122,Kiacatoo,14600,Lachlan,1,Good,Good,0
12123,Kiah,10550,Bega Valley,1,Good,Good,0
12124,Kiama,14400,Kiama,1,Good,Good,0
12125,Kiama Downs,14400,Kiama,1,Good,Good,0
12126,Kiama Heights,14400,Kiama,1,Good,Good,0
12127,Kianga (NSW),12750,Eurobodalla,1,Good,Good,0
12128,Kiar,11650,Central Coast (NSW),1,Good,Good,0
12129,Kickabil,12950,Gilgandra,1,Good,Good,0
12130,Kielvale,17550,Tweed,1,Good,Good,0
12131,Kikiamah,13910,Hilltops,1,Good,Good,0
12132,Kikoira,10800,Bland,1,Good,Good,0
12133,Kilaben Bay,14650,Lake Macquarie,1,Good,Good,0
12134,Kilgin,14850,Lismore,1,Good,Good,0
12135,Kilgra,14550,Kyogle,1,Good,Good,0
12136,Killabakh,15240,Mid-Coast,1,Good,Good,0
12137,Killara (NSW),14500,Ku-ring-gai,1,Good,Good,0
12138,Killarney Heights,15990,Northern Beaches,1,Good,Good,0
12139,Killarney Vale,11650,Central Coast (NSW),1,Good,Good,0
12140,Killawarra (NSW),15240,Mid-Coast,1,Good,Good,0
12141,Killcare,11650,Central Coast (NSW),1,Good,Good,0
12142,Killcare Heights,11650,Central Coast (NSW),1,Good,Good,0
12143,Killiekrankie,15700,Nambucca Valley,1,Good,Good,0
12144,Killimicat,17080,Snowy Valleys,1,Good,Good,0
12145,Killingworth (NSW),14650,Lake Macquarie,1,Good,Good,0
12146,Killongbutta,10470,Bathurst Regional,1,Good,Good,0
12147,Kimbriki,15240,Mid-Coast,1,Good,Good,0
12148,Kinchela,14350,Kempsey,1,Good,Good,0
12149,Kincumber,11650,Central Coast (NSW),1,Good,Good,0
12150,Kincumber South,11650,Central Coast (NSW),1,Good,Good,0
12151,Kindee,16380,Port Macquarie-Hastings,1,Good,Good,0
12152,Kindervale,16490,Queanbeyan-Palerang Regional,1,Good,Good,0
12153,King Creek,16380,Port Macquarie-Hastings,1,Good,Good,0
12154,Kingfisher Shores,11650,Central Coast (NSW),1,Good,Good,0
12155,Kinghorne,16950,Shoalhaven,1,Good,Good,0
12156,Kings Forest,17550,Tweed,1,Good,Good,0
12157,Kings Langley,10750,Blacktown,1,Good,Good,0
12158,Kings Park (NSW),10750,Blacktown,1,Good,Good,0
12159,Kings Plains (Blayney - NSW),10850,Blayney,1,Good,Good,0
12160,Kings Plains (Inverell - NSW),14220,Inverell,1,Good,Good,0
12161,Kings Point,16950,Shoalhaven,1,Good,Good,0
12162,Kingscliff,17550,Tweed,1,Good,Good,0
12163,Kingsdale,13310,Goulburn Mulwaree,1,Good,Good,0
12164,Kingsford (NSW),16550,Randwick,1,Good,Good,0
12165,Kingsgate,13010,Glen Innes Severn,1,Good,Good,0
12166,Kingsgrove,10500,Bayside (NSW),0.2271969,Good,Good,0
12166,Kingsgrove,11570,Canterbury-Bankstown,0.4945694,Good,Good,0
12166,Kingsgrove,12930,Georges River,0.2782337,Acceptable,Good,0
12167,Kingsland,14220,Inverell,1,Good,Good,0
12168,Kingstown,17650,Uralla,1,Good,Good,0
12169,Kingsvale,13910,Hilltops,1,Good,Good,0
12170,Kingswood (Bega Valley - NSW),10550,Bega Valley,1,Good,Good,0
12171,Kingswood (Penrith - NSW),16350,Penrith,1,Good,Good,0
12172,Kingswood (Tamworth Regional - NSW),17310,Tamworth Regional,1,Good,Good,0
12173,Kinvara,10250,Ballina,1,Good,Good,0
12174,Kioloa,16950,Shoalhaven,1,Good,Good,0
12175,Kiora,12750,Eurobodalla,1,Good,Good,0
12176,Kippara,16380,Port Macquarie-Hastings,1,Good,Good,0
12177,Kippaxs,15240,Mid-Coast,1,Good,Good,0
12178,Kippenduff,11730,Clarence Valley,0.0011723,Good,Good,1
12178,Kippenduff,16610,Richmond Valley,0.9988277,Good,Good,0
12179,Kirkconnell,10470,Bathurst Regional,1,Good,Good,0
12180,Kirkham,11450,Camden,1,Good,Good,0
12181,Kirrawee,17150,Sutherland Shire,1,Good,Good,0
12182,Kirribilli,15950,North Sydney,1,Good,Good,0
12183,Kitchener,11720,Cessnock,1,Good,Good,0
12184,Kiwarrak,15240,Mid-Coast,1,Good,Good,0
12185,Klori,17310,Tamworth Regional,1,Good,Good,0
12186,Knights Hill,14400,Kiama,1,Good,Good,0
12187,Knockrow,10250,Ballina,1,Good,Good,0
12188,Knorrit Flat,15240,Mid-Coast,1,Good,Good,0
12189,Knorrit Forest,15240,Mid-Coast,1,Good,Good,0
12190,Kogarah,10500,Bayside (NSW),0.5702915,Good,Good,0
12190,Kogarah,12930,Georges River,0.4297085,Acceptable,Good,0
12191,Kogarah Bay,12930,Georges River,1,Acceptable,Good,0
12192,Kooba,13450,Griffith,1,Good,Good,0
12193,Kookabookra,10180,Armidale Regional,0.6655585,Good,Good,0
12193,Kookabookra,13010,Glen Innes Severn,0.3344415,Good,Good,0
12194,Koolewong,11650,Central Coast (NSW),1,Good,Good,0
12195,Koolkhan,11730,Clarence Valley,1,Good,Good,0
12196,Koonawarra,18450,Wollongong,1,Good,Good,0
12197,Koonorigan,14850,Lismore,1,Good,Good,0
12198,Koonyum Range,11350,Byron,1,Good,Good,0
12199,Kooragang,15900,Newcastle,1,Good,Good,0
12200,Koorainghat,15240,Mid-Coast,1,Good,Good,0
12201,Koorawatha,12350,Cowra,0.2657601,Good,Good,0
12201,Koorawatha,13910,Hilltops,0.7342399,Good,Good,0
12202,Kooringal (NSW),17750,Wagga Wagga,1,Good,Good,0
12203,Kootingal,17310,Tamworth Regional,1,Good,Good,0
12204,Koraleigh,15520,Murray River,1,Good,Good,0
12205,Koreelah,17400,Tenterfield,1,Good,Good,0
12206,Korora,11800,Coffs Harbour,1,Good,Good,0
12207,Kosciuszko,17080,Snowy Valleys,1,Good,Good,0
12208,Kotara,15900,Newcastle,1,Good,Good,0
12209,Kotara South,14650,Lake Macquarie,1,Good,Good,0
12210,Krambach,15240,Mid-Coast,1,Good,Good,0
12211,Krawarree,16490,Queanbeyan-Palerang Regional,1,Good,Good,0
12212,Kremnos,11730,Clarence Valley,1,Good,Good,0
12213,Ku-ring-gai Chase,15990,Northern Beaches,1,Good,Good,0
12214,Kulnura,11650,Central Coast (NSW),1,Good,Good,0
12215,Kulwin (NSW),11750,Cobar,1,Good,Good,0
12216,Kunama,17080,Snowy Valleys,1,Good,Good,0
12217,Kundabung,14350,Kempsey,1,Good,Good,0
12218,Kundibakh,15240,Mid-Coast,1,Good,Good,0
12219,Kundle Kundle,15240,Mid-Coast,1,Good,Good,0
12220,Kungala,11730,Clarence Valley,1,Good,Good,0
12221,Kunghur,17550,Tweed,1,Good,Good,0
12222,Kunghur Creek,17550,Tweed,1,Good,Good,0
12223,Kurmond,13800,Hawkesbury,1,Good,Good,0
12224,Kurnell,17150,Sutherland Shire,1,Good,Good,0
12225,Kurraba Point,15950,North Sydney,1,Good,Good,0
12226,Kurrajong,13800,Hawkesbury,1,Good,Good,0
12227,Kurrajong Heights,13800,Hawkesbury,1,Good,Good,0
12228,Kurrajong Hills,13800,Hawkesbury,1,Good,Good,0
12229,Kurri Kurri,11720,Cessnock,1,Good,Good,0
12230,Kyalite,10300,Balranald,0.3792787,Good,Good,0
12230,Kyalite,15520,Murray River,0.6207213,Good,Good,0
12231,Kyarran,11730,Clarence Valley,1,Good,Good,0
12232,Kybeyan,17040,Snowy Monaro Regional,1,Good,Good,0
12233,Kyeamba,17750,Wagga Wagga,1,Good,Good,0
12234,Kyeemagh,10500,Bayside (NSW),1,Good,Good,0
12235,Kyle Bay,12930,Georges River,1,Acceptable,Good,0
12236,Kynnumboon,17550,Tweed,1,Good,Good,0
12237,Kyogle,14550,Kyogle,1,Good,Good,0
12238,La Perouse,16550,Randwick,1,Good,Good,0
12239,Lacmalac,17080,Snowy Valleys,1,Good,Good,0
12240,Lade Vale,17640,Upper Lachlan Shire,1,Good,Good,0
12241,Ladysmith,17750,Wagga Wagga,1,Good,Good,0
12242,Laffing Waters,10470,Bathurst Regional,1,Good,Good,0
12243,Laggan,17640,Upper Lachlan Shire,1,Good,Good,0
12244,Lagoon Grass,14850,Lismore,1,Good,Good,0
12245,Laguna,11720,Cessnock,1,Good,Good,0
12246,Lake Albert (NSW),17750,Wagga Wagga,1,Good,Good,0
12247,Lake Bathurst,13310,Goulburn Mulwaree,1,Good,Good,0
12248,Lake Brewster,11600,Carrathool,1,Good,Good,0
12249,Lake Burrendong,12390,Dubbo Regional,1,Good,Good,0
12250,Lake Cargelligo,14600,Lachlan,1,Good,Good,0
12251,Lake Cathie,16380,Port Macquarie-Hastings,1,Good,Good,0
12252,Lake Conjola,16950,Shoalhaven,1,Good,Good,0
12253,Lake Cowal,10800,Bland,0.9997439,Good,Good,0
12253,Lake Cowal,12900,Forbes,0.0002561,Good,Good,1
12254,Lake George,16490,Queanbeyan-Palerang Regional,1,Good,Good,0
12255,Lake Haven,11650,Central Coast (NSW),1,Good,Good,0
12256,Lake Heights,18450,Wollongong,1,Good,Good,0
12257,Lake Hiawatha,11730,Clarence Valley,1,Good,Good,0
12258,Lake Hume Village,10050,Albury,1,Good,Good,0
12259,Lake Illawarra,16900,Shellharbour,1,Good,Good,0
12260,Lake Innes,16380,Port Macquarie-Hastings,1,Good,Good,0
12261,Lake Macquarie,14650,Lake Macquarie,1,Good,Good,0
12262,Lake Munmorah,11650,Central Coast (NSW),1,Good,Good,0
12263,Lake Tabourie,16950,Shoalhaven,1,Good,Good,0
12264,Lake Wyangan,13450,Griffith,1,Good,Good,0
12265,Lakelands (NSW),14650,Lake Macquarie,1,Good,Good,0
12266,Lakemba,11570,Canterbury-Bankstown,1,Good,Good,0
12267,Lakesland,18400,Wollondilly,1,Good,Good,0
12268,Lakewood,16380,Port Macquarie-Hastings,1,Good,Good,0
12269,Lalalty,10650,Berrigan,1,Good,Good,0
12270,Lalor Park,10750,Blacktown,1,Good,Good,0
12271,Lambs Valley (Glen Innes Severn - NSW),13010,Glen Innes Severn,1,Good,Good,0
12272,Lambs Valley (Singleton - NSW),15050,Maitland,0.3333428,Good,Good,0
12272,Lambs Valley (Singleton - NSW),17000,Singleton,0.6666572,Good,Good,0
12273,Lambton,15900,Newcastle,1,Good,Good,0
12274,Landervale,15800,Narrandera,1,Good,Good,0
12275,Lane Cove,14700,Lane Cove,1,Good,Good,0
12276,Lane Cove North,14700,Lane Cove,0.7860891,Good,Good,0
12276,Lane Cove North,18250,Willoughby,0.2139109,Good,Good,0
12277,Lane Cove West,14700,Lane Cove,1,Good,Good,0
12278,Langley Vale,15240,Mid-Coast,1,Good,Good,0
12279,Lanitza,11730,Clarence Valley,1,Good,Good,0
12280,Lankeys Creek,13340,Greater Hume Shire,1,Good,Good,0
12281,Lansdowne (Canterbury-Bankstown - NSW),11570,Canterbury-Bankstown,1,Good,Good,0
12282,Lansdowne (Mid-Coast - NSW),15240,Mid-Coast,1,Good,Good,0
12283,Lansdowne Forest,15240,Mid-Coast,1,Good,Good,0
12284,Lansvale,12850,Fairfield,1,Good,Good,0
12285,Lapstone,10900,Blue Mountains,1,Good,Good,0
12286,Larbert,16490,Queanbeyan-Palerang Regional,1,Good,Good,0
12287,Largs,15050,Maitland,1,Good,Good,0
12288,Larnook,14550,Kyogle,0.0877312,Good,Good,0
12288,Larnook,14850,Lismore,0.9122688,Good,Good,0
12289,Larras Lee,11400,Cabonne,1,Good,Good,0
12290,Laughtondale,14000,Hornsby,1,Acceptable,Good,0
12291,Laurel Hill,17080,Snowy Valleys,1,Good,Good,0
12292,Laurieton,16380,Port Macquarie-Hastings,1,Good,Good,0
12293,Lavadia,11730,Clarence Valley,1,Good,Good,0
12294,Lavender Bay,15950,North Sydney,1,Good,Good,0
12295,Laverstock,18710,Yass Valley,1,Good,Good,0
12296,Lavington,10050,Albury,1,Good,Good,0
12297,Lawrence (NSW),11730,Clarence Valley,1,Good,Good,0
12298,Lawson (NSW),10900,Blue Mountains,1,Good,Good,0
12299,Leadville,18020,Warrumbungle Shire,1,Good,Good,0
12300,Leconfield,17000,Singleton,1,Good,Good,0
12301,Lee Creek,15270,Mid-Western Regional,1,Good,Good,0
12302,Leeton,14750,Leeton,1,Good,Good,0
12303,Leets Vale,13800,Hawkesbury,0.6724108,Good,Good,0
12303,Leets Vale,17420,The Hills Shire,0.3275892,Good,Good,0
12304,Leeville,16610,Richmond Valley,1,Good,Good,0
12305,Legume,17400,Tenterfield,1,Good,Good,0
12306,Leichhardt (NSW),14170,Inner West,1,Good,Good,0
12307,Lemington,17000,Singleton,1,Good,Good,0
12308,Lemon Tree,11650,Central Coast (NSW),1,Good,Good,0
12309,Lemon Tree Passage,16400,Port Stephens,1,Good,Good,0
12310,Len Waters Estate,14900,Liverpool,1,Good,Good,0
12311,Lenaghan,15900,Newcastle,1,Good,Good,0
12312,Lennox Head,10250,Ballina,1,Good,Good,0
12313,Leonay,16350,Penrith,1,Good,Good,0
12314,Leppington,11450,Camden,0.8573678,Good,Good,0
12314,Leppington,14900,Liverpool,0.1426322,Good,Good,0
12315,Lerida,17640,Upper Lachlan Shire,1,Good,Good,0
12316,Lethbridge Park,10750,Blacktown,1,Good,Good,0
12317,Leumeah,11500,Campbelltown (NSW),1,Good,Good,0
12318,Leura,10900,Blue Mountains,1,Good,Good,0
12319,Levenstrath,11730,Clarence Valley,1,Good,Good,0
12320,Lewinsbrook,12700,Dungog,1,Good,Good,0
12321,Lewis Ponds,11400,Cabonne,1,Good,Good,0
12322,Lewisham (NSW),14170,Inner West,1,Good,Good,0
12323,Leycester,14850,Lismore,1,Good,Good,0
12324,Liberty Grove,11520,Canada Bay,1,Good,Good,0
12325,Lidcombe,12380,Cumberland,0.8791533,Good,Good,0
12325,Lidcombe,16260,Parramatta,0.1208467,Acceptable,Good,0
12326,Liddell,17000,Singleton,1,Good,Good,0
12327,Lidsdale,14870,Lithgow,1,Good,Good,0
12328,Lidster,11400,Cabonne,1,Good,Good,0
12329,Lightning Ridge,17900,Walgett,1,Good,Good,0
12330,Lilli Pilli (Eurobodalla - NSW),12750,Eurobodalla,1,Good,Good,0
12331,Lilli Pilli (Sutherland Shire - NSW),17150,Sutherland Shire,1,Good,Good,0
12332,Lillian Rock,14550,Kyogle,1,Good,Good,0
12333,Lilydale (NSW),11730,Clarence Valley,1,Good,Good,0
12334,Lilyfield,14170,Inner West,1,Good,Good,0
12335,Lilyvale (NSW),18450,Wollongong,1,Good,Good,0
12336,Limbri,17310,Tamworth Regional,1,Good,Good,0
12337,Limeburners Creek (Mid-Coast - NSW),15240,Mid-Coast,1,Good,Good,0
12338,Limeburners Creek (Port Macquarie-Hastings - NSW),16380,Port Macquarie-Hastings,1,Good,Good,0
12339,Limekilns,10470,Bathurst Regional,1,Good,Good,0
12340,Limerick,17640,Upper Lachlan Shire,1,Good,Good,0
12341,Limestone (NSW),14220,Inverell,1,Good,Good,0
12342,Limpinwood,17550,Tweed,1,Good,Good,0
12343,Linburn,15270,Mid-Western Regional,1,Good,Good,0
12344,Linden (NSW),10900,Blue Mountains,1,Good,Good,0
12345,Lindendale,14850,Lismore,1,Good,Good,0
12346,Lindesay,17310,Tamworth Regional,1,Good,Good,0
12347,Lindesay Creek,14550,Kyogle,1,Good,Good,0
12348,Lindfield,14500,Ku-ring-gai,1,Good,Good,0
12349,Lindifferon,12730,Edward River,1,Good,Good,0
12350,Linley Point,14700,Lane Cove,1,Good,Good,0
12351,Lionsville,11730,Clarence Valley,1,Good,Good,0
12352,Lisarow,11650,Central Coast (NSW),1,Good,Good,0
12353,Lismore (NSW),14850,Lismore,1,Good,Good,0
12354,Lismore Heights,14850,Lismore,1,Good,Good,0
12355,Liston,17400,Tenterfield,1,Good,Good,0
12356,Lithgow,14870,Lithgow,1,Good,Good,0
12357,Little Back Creek,14550,Kyogle,1,Good,Good,0
12358,Little Bay,16550,Randwick,1,Good,Good,0
12359,Little Billabong,13340,Greater Hume Shire,1,Good,Good,0
12360,Little Forest,16950,Shoalhaven,1,Good,Good,0
12361,Little Hartley,14870,Lithgow,1,Good,Good,0
12362,Little Jacks Creek,14920,Liverpool Plains,1,Good,Good,0
12363,Little Jilliby,11650,Central Coast (NSW),1,Good,Good,0
12364,Little Pelican,14650,Lake Macquarie,1,Good,Good,0
12365,Little Plain,14220,Inverell,1,Good,Good,0
12366,Little River (NSW),17080,Snowy Valleys,1,Good,Good,0
12367,Little Topar,19399,Unincorporated NSW,1,Acceptable,Good,0
12368,Little Wobby,11650,Central Coast (NSW),1,Good,Good,0
12369,Littleton,14870,Lithgow,1,Good,Good,0
12370,Liverpool,14900,Liverpool,1,Good,Good,0
12371,Llanarth (NSW),10470,Bathurst Regional,1,Good,Good,0
12372,Llandilo,16350,Penrith,1,Good,Good,0
12373,Llangothlin,10180,Armidale Regional,1,Good,Good,0
12374,Lloyd,17750,Wagga Wagga,1,Good,Good,0
12375,Loadstone,14550,Kyogle,1,Good,Good,0
12376,Lochiel (NSW),10550,Bega Valley,1,Good,Good,0
12377,Lochinvar,11720,Cessnock,0.0091487,Good,Good,1
12377,Lochinvar,15050,Maitland,0.9908513,Good,Good,0
12378,Lockhart,14950,Lockhart,0.9313011,Good,Good,0
12378,Lockhart,17750,Wagga Wagga,0.0686989,Good,Good,0
12379,Locksley (NSW),10470,Bathurst Regional,1,Good,Good,0
12380,Loftus,17150,Sutherland Shire,1,Good,Good,0
12381,Loftville,14850,Lismore,1,Good,Good,0
12382,Logans Crossing,16380,Port Macquarie-Hastings,1,Good,Good,0
12383,Logie Brae,12730,Edward River,0.340064,Good,Good,0
12383,Logie Brae,15560,Murrumbidgee,0.659936,Good,Good,0
12384,Londonderry (NSW),16350,Penrith,1,Good,Good,0
12385,Long Beach,12750,Eurobodalla,1,Good,Good,0
12386,Long Flat (NSW),16380,Port Macquarie-Hastings,1,Good,Good,0
12387,Long Jetty,11650,Central Coast (NSW),1,Good,Good,0
12388,Long Plain (Inverell - NSW),14220,Inverell,1,Good,Good,0
12389,Long Plain (Snowy Monaro Regional - NSW),17040,Snowy Monaro Regional,0.5,Good,Good,0
12389,Long Plain (Snowy Monaro Regional - NSW),17080,Snowy Valleys,0.5,Good,Good,0
12390,Long Point (Campbelltown - NSW),11500,Campbelltown (NSW),1,Good,Good,0
12391,Long Point (Singleton - NSW),17000,Singleton,1,Good,Good,0
12392,Longarm,17310,Tamworth Regional,1,Good,Good,0
12393,Longreach (NSW),16950,Shoalhaven,1,Good,Good,0
12394,Longueville,14700,Lane Cove,1,Good,Good,0
12395,Loomberah,17310,Tamworth Regional,1,Good,Good,0
12396,Lord Howe Island,19399,Unincorporated NSW,1,Acceptable,Good,0
12397,Lords Hill,17040,Snowy Monaro Regional,1,Good,Good,0
12398,Lorn,15050,Maitland,1,Good,Good,0
12399,Lorne (NSW),16380,Port Macquarie-Hastings,1,Good,Good,0
12400,Lost River,17640,Upper Lachlan Shire,1,Good,Good,0
12401,Lostock,12700,Dungog,1,Good,Good,0
12402,Louisa Creek,11730,Clarence Valley,1,Good,Good,0
12403,Louth,11150,Bourke,1,Good,Good,0
12404,Louth Park,15050,Maitland,1,Good,Good,0
12405,Lovedale,11720,Cessnock,1,Good,Good,0
12406,Lovett Bay,15990,Northern Beaches,1,Good,Good,0
12407,Lowanna,11800,Coffs Harbour,1,Good,Good,0
12408,Lower Acacia Creek,17400,Tenterfield,1,Good,Good,0
12409,Lower Bago,17080,Snowy Valleys,1,Good,Good,0
12410,Lower Belford,17000,Singleton,1,Good,Good,0
12411,Lower Boro,13310,Goulburn Mulwaree,1,Good,Good,0
12412,Lower Bottle Creek,14550,Kyogle,1,Good,Good,0
12413,Lower Creek,10180,Armidale Regional,1,Good,Good,0
12414,Lower Duck Creek,14550,Kyogle,1,Good,Good,0
12415,Lower Dyraaba,14550,Kyogle,1,Good,Good,0
12416,Lower Lewis Ponds,11400,Cabonne,1,Good,Good,0
12417,Lower Macdonald,13800,Hawkesbury,1,Good,Good,0
12418,Lower Mangrove,11650,Central Coast (NSW),1,Good,Good,0
12419,Lower Pappinbarra,16380,Port Macquarie-Hastings,1,Good,Good,0
12420,Lower Peacock,14550,Kyogle,1,Good,Good,0
12421,Lower Portland,13800,Hawkesbury,0.5873456,Good,Good,0
12421,Lower Portland,17420,The Hills Shire,0.4126544,Good,Good,0
12422,Lower Southgate,11730,Clarence Valley,1,Good,Good,0
12423,Lowesdale,12870,Federation,1,Good,Good,0
12424,Lowther,14870,Lithgow,1,Good,Good,0
12425,Loxford,11720,Cessnock,1,Good,Good,0
12426,Lucas Heights,17150,Sutherland Shire,1,Good,Good,0
12427,Lucknow (NSW),16150,Orange,1,Good,Good,0
12428,Luddenham,14900,Liverpool,0.324742,Good,Good,0
12428,Luddenham,16350,Penrith,0.675258,Good,Good,0
12429,Lue,15270,Mid-Western Regional,1,Good,Good,0
12430,Lugarno,12930,Georges River,1,Acceptable,Good,0
12431,Lurnea,14900,Liverpool,1,Good,Good,0
12432,Luskintyre,15050,Maitland,1,Good,Good,0
12433,Lynchs Creek,14550,Kyogle,1,Good,Good,0
12434,Lyndhurst (Armidale Regional - NSW),10180,Armidale Regional,1,Good,Good,0
12435,Lyndhurst (Blayney - NSW),10850,Blayney,1,Good,Good,0
12436,Lynwood (NSW),10250,Ballina,1,Good,Good,0
12437,Mabins Well,12730,Edward River,0.0033113,Good,Good,1
12437,Mabins Well,15560,Murrumbidgee,0.9966887,Good,Good,0
12438,Macdonalds Creek,14920,Liverpool Plains,1,Good,Good,0
12439,Macksville,15700,Nambucca Valley,1,Good,Good,0
12440,Maclean,11730,Clarence Valley,1,Good,Good,0
12441,Macmasters Beach,11650,Central Coast (NSW),1,Good,Good,0
12442,Macquarie Fields,11500,Campbelltown (NSW),1,Good,Good,0
12443,Macquarie Hills,14650,Lake Macquarie,1,Good,Good,0
12444,Macquarie Links,11500,Campbelltown (NSW),1,Good,Good,0
12445,Macquarie Marshes,12150,Coonamble,1,Good,Good,0
12446,Macquarie Park,16700,Ryde,1,Good,Good,0
12447,Macquarie Pass,16900,Shellharbour,1,Good,Good,0
12448,Maddens Plains,18450,Wollongong,1,Good,Good,0
12449,Maffra (NSW),17040,Snowy Monaro Regional,1,Good,Good,0
12450,Magenta (NSW),11650,Central Coast (NSW),1,Good,Good,0
12451,Magometon,12150,Coonamble,1,Good,Good,0
12452,Maianbar,17150,Sutherland Shire,1,Good,Good,0
12453,Maimuru,13910,Hilltops,1,Good,Good,0
12454,Main Arm,11350,Byron,1,Good,Good,0
12455,Main Creek,12700,Dungog,1,Good,Good,0
12456,Mairjimmy,15560,Murrumbidgee,1,Good,Good,0
12457,Maison Dieu,17000,Singleton,1,Good,Good,0
12458,Maitland (NSW),15050,Maitland,1,Good,Good,0
12459,Maitland Bar,15270,Mid-Western Regional,1,Good,Good,0
12460,Maitland Vale,15050,Maitland,1,Good,Good,0
12461,Majors Creek (NSW),16490,Queanbeyan-Palerang Regional,1,Good,Good,0
12462,Malabar,16550,Randwick,1,Good,Good,0
12463,Malabugilmah,11730,Clarence Valley,1,Good,Good,0
12464,Maldon (NSW),18400,Wollondilly,1,Good,Good,0
12465,Mallabula,16400,Port Stephens,1,Good,Good,0
12466,Mallan,15520,Murray River,1,Good,Good,0
12467,Mallanganee,14550,Kyogle,1,Good,Good,0
12468,Mallee,18200,Wentworth,1,Good,Good,0
12469,Mallowa,15300,Moree Plains,1,Good,Good,0
12470,Maloneys Beach,12750,Eurobodalla,1,Good,Good,0
12471,Malua Bay,12750,Eurobodalla,1,Good,Good,0
12472,Manar,16490,Queanbeyan-Palerang Regional,1,Good,Good,0
12473,Manchester Square,18350,Wingecarribee,1,Good,Good,0
12474,Mandagery,11400,Cabonne,0.4698302,Good,Good,0
12474,Mandagery,12900,Forbes,0.1446465,Good,Good,0
12474,Mandagery,16200,Parkes,0.3855233,Good,Good,0
12475,Mandalong,14650,Lake Macquarie,1,Good,Good,0
12476,Mandemar,18350,Wingecarribee,1,Good,Good,0
12477,Mandurama,10850,Blayney,0.9287362,Good,Good,0
12477,Mandurama,12350,Cowra,0.0712638,Good,Good,0
12478,Mangerton,18450,Wollongong,1,Good,Good,0
12479,Mangoola,15650,Muswellbrook,1,Good,Good,0
12480,Mangoplah,17750,Wagga Wagga,1,Good,Good,0
12481,Mangrove Creek,11650,Central Coast (NSW),1,Good,Good,0
12482,Mangrove Mountain,11650,Central Coast (NSW),1,Good,Good,0
12483,Manildra,11400,Cabonne,1,Good,Good,0
12484,Manilla,17310,Tamworth Regional,1,Good,Good,0
12485,Manly (NSW),15990,Northern Beaches,1,Good,Good,0
12486,Manly Vale,15990,Northern Beaches,1,Good,Good,0
12487,Mannering Park,11650,Central Coast (NSW),0.9999961,Good,Good,0
12487,Mannering Park,14650,Lake Macquarie,3.90E-06,Good,Good,1
12488,Manning Point,15240,Mid-Coast,1,Good,Good,0
12489,Mannus,17080,Snowy Valleys,1,Good,Good,0
12490,Manobalai,15650,Muswellbrook,0.8859782,Good,Good,0
12490,Manobalai,17620,Upper Hunter Shire,0.1140218,Good,Good,0
12491,Manton (NSW),18710,Yass Valley,1,Good,Good,0
12492,Manyana,16950,Shoalhaven,1,Good,Good,0
12493,Maragle,17080,Snowy Valleys,1,Good,Good,0
12494,Maraylya,13800,Hawkesbury,0.6658911,Good,Good,0
12494,Maraylya,17420,The Hills Shire,0.3341089,Good,Good,0
12495,Marayong,10750,Blacktown,1,Good,Good,0
12496,March,11400,Cabonne,1,Good,Good,0
12497,Marchmont,18710,Yass Valley,1,Good,Good,0
12498,Mardi,11650,Central Coast (NSW),1,Good,Good,0
12499,Marengo (NSW),11730,Clarence Valley,1,Good,Good,0
12500,Mares Run,15240,Mid-Coast,1,Good,Good,0
12501,Marinna,14300,Junee,1,Good,Good,0
12502,Marks Point,14650,Lake Macquarie,1,Good,Good,0
12503,Markwell,15240,Mid-Coast,1,Good,Good,0
12504,Marlee,15240,Mid-Coast,1,Good,Good,0
12505,Marlo Merrican,16380,Port Macquarie-Hastings,1,Good,Good,0
12506,Marlow,11650,Central Coast (NSW),1,Good,Good,0
12507,Marlowe,16490,Queanbeyan-Palerang Regional,1,Good,Good,0
12508,Marmong Point,14650,Lake Macquarie,1,Good,Good,0
12509,Marom Creek,10250,Ballina,0.2185514,Good,Good,0
12509,Marom Creek,14850,Lismore,0.7814486,Good,Good,0
12510,Maroota,14000,Hornsby,0.1833579,Acceptable,Good,0
12510,Maroota,17420,The Hills Shire,0.8166421,Good,Good,0
12511,Maroubra,16550,Randwick,1,Good,Good,0
12512,Marrangaroo,14870,Lithgow,1,Good,Good,0
12513,Marrar,12000,Coolamon,0.9690817,Good,Good,0
12513,Marrar,17750,Wagga Wagga,0.0309183,Good,Good,0
12514,Marrickville,14170,Inner West,1,Good,Good,0
12515,Marsden Park,10750,Blacktown,1,Good,Good,0
12516,Marsfield,16700,Ryde,1,Good,Good,0
12517,Marshall Mount,18450,Wollongong,1,Good,Good,0
12518,Marshdale,12700,Dungog,1,Good,Good,0
12519,Marthaguy,17950,Warren,1,Good,Good,0
12520,Martindale,15650,Muswellbrook,1,Good,Good,0
12521,Martins Creek,12700,Dungog,1,Good,Good,0
12522,Martinsville,14650,Lake Macquarie,1,Good,Good,0
12523,Marulan,13310,Goulburn Mulwaree,1,Good,Good,0
12524,Maryland (Newcastle - NSW),15900,Newcastle,1,Good,Good,0
12525,Maryland (Tenterfield - NSW),17400,Tenterfield,1,Good,Good,0
12526,Marys Mount,13550,Gunnedah,1,Good,Good,0
12527,Maryvale (NSW),12390,Dubbo Regional,1,Good,Good,0
12528,Maryville,15900,Newcastle,1,Good,Good,0
12529,Mascot,10500,Bayside (NSW),1,Good,Good,0
12530,Matcham,11650,Central Coast (NSW),1,Good,Good,0
12531,Matheson,13010,Glen Innes Severn,0.9998001,Good,Good,0
12531,Matheson,14220,Inverell,0.0001999,Good,Good,1
12532,Mathoura,15520,Murray River,1,Good,Good,0
12533,Matong,12000,Coolamon,0.9263029,Good,Good,0
12533,Matong,17750,Wagga Wagga,0.0736971,Good,Good,0
12534,Matraville,16550,Randwick,1,Good,Good,0
12535,Maude (NSW),13850,Hay,1,Good,Good,0
12536,Maules Creek,15750,Narrabri,1,Good,Good,0
12537,Maxwell,17750,Wagga Wagga,1,Good,Good,0
12538,Maybole,13010,Glen Innes Severn,0.5686005,Good,Good,0
12538,Maybole,14220,Inverell,0.4313995,Good,Good,0
12539,Mayers Flat,15240,Mid-Coast,1,Good,Good,0
12540,Mayfield (Newcastle - NSW),15900,Newcastle,1,Good,Good,0
12541,Mayfield (Oberon - NSW),16100,Oberon,1,Good,Good,0
12542,Mayfield (Queanbeyan-Palerang Regional - NSW),16490,Queanbeyan-Palerang Regional,1,Good,Good,0
12543,Mayfield (Shoalhaven - NSW),16950,Shoalhaven,1,Good,Good,0
12544,Mayfield East,15900,Newcastle,1,Good,Good,0
12545,Mayfield North,15900,Newcastle,1,Good,Good,0
12546,Mayfield West,15900,Newcastle,1,Good,Good,0
12547,Mayrung,12730,Edward River,1,Good,Good,0
12548,Mays Hill,12380,Cumberland,0.7861967,Good,Good,0
12548,Mays Hill,16260,Parramatta,0.2138033,Acceptable,Good,0
12549,Mayvale,17310,Tamworth Regional,1,Good,Good,0
12550,McCullys Gap,15650,Muswellbrook,1,Good,Good,0
12551,McDougalls Hill,17000,Singleton,1,Good,Good,0
12552,McGraths Hill,13800,Hawkesbury,1,Good,Good,0
12553,McKees Hill,14850,Lismore,0.4353829,Good,Good,0
12553,McKees Hill,16610,Richmond Valley,0.5646171,Good,Good,0
12554,McKellars Park,14870,Lithgow,1,Good,Good,0
12555,McLeans Ridges,10250,Ballina,0.1214036,Good,Good,0
12555,McLeans Ridges,14850,Lismore,0.8785964,Good,Good,0
12556,McLeods Shoot,11350,Byron,1,Good,Good,0
12557,McMahons Point,15950,North Sydney,1,Good,Good,0
12558,McMahons Reef,13910,Hilltops,1,Good,Good,0
12559,Meadow Flat,10470,Bathurst Regional,0.52127,Good,Good,0
12559,Meadow Flat,14870,Lithgow,0.47873,Good,Good,0
12560,Meadowbank (NSW),16700,Ryde,1,Good,Good,0
12561,Mebbin,17550,Tweed,1,Good,Good,0
12562,Mebul,15270,Mid-Western Regional,1,Good,Good,0
12563,Medlow Bath,10900,Blue Mountains,1,Good,Good,0
12564,Medowie,16400,Port Stephens,1,Good,Good,0
12565,Medway,18350,Wingecarribee,1,Good,Good,0
12566,Meerschaum Vale,10250,Ballina,1,Good,Good,0
12567,Megalong Valley,10900,Blue Mountains,0.6802911,Good,Good,0
12567,Megalong Valley,14870,Lithgow,0.3197089,Good,Good,0
12568,Megan,10600,Bellingen,1,Good,Good,0
12569,Melbergen,11600,Carrathool,1,Good,Good,0
12570,Melinga,15240,Mid-Coast,1,Good,Good,0
12571,Mellong,13800,Hawkesbury,1,Good,Good,0
12572,Mellool,15520,Murray River,1,Good,Good,0
12573,Melonba,10750,Blacktown,1,Good,Good,0
12574,Melrose Park (NSW),16260,Parramatta,0.2387266,Acceptable,Good,0
12574,Melrose Park (NSW),16700,Ryde,0.7612734,Good,Good,0
12575,Melville (NSW),15050,Maitland,1,Good,Good,0
12576,Memagong,13910,Hilltops,1,Good,Good,0
12577,Menah,15270,Mid-Western Regional,1,Good,Good,0
12578,Menai,17150,Sutherland Shire,1,Good,Good,0
12579,Menangle,18400,Wollondilly,1,Good,Good,0
12580,Menangle Park,11500,Campbelltown (NSW),1,Good,Good,0
12581,Mendooran,12950,Gilgandra,0.1331379,Good,Good,0
12581,Mendooran,18020,Warrumbungle Shire,0.8668621,Good,Good,0
12582,Menindee,11700,Central Darling,0.9997211,Good,Good,0
12582,Menindee,19399,Unincorporated NSW,0.0002789,Acceptable,Good,1
12583,Merah North,15750,Narrabri,1,Good,Good,0
12584,Merewether,15900,Newcastle,1,Good,Good,0
12585,Merewether Heights,15900,Newcastle,1,Good,Good,0
12586,Merimbula,10550,Bega Valley,1,Good,Good,0
12587,Meringo,12750,Eurobodalla,1,Good,Good,0
12588,Mernot,15240,Mid-Coast,1,Good,Good,0
12589,Meroo,15270,Mid-Western Regional,1,Good,Good,0
12590,Meroo Meadow,16950,Shoalhaven,1,Good,Good,0
12591,Merotherie,15270,Mid-Western Regional,1,Good,Good,0
12592,Merriangaah,17040,Snowy Monaro Regional,1,Good,Good,0
12593,Merricumbene,12750,Eurobodalla,1,Good,Good,0
12594,Merrigal,12950,Gilgandra,0.0016611,Good,Good,1
12594,Merrigal,17950,Warren,0.9983389,Good,Good,0
12595,Merrill,17640,Upper Lachlan Shire,1,Good,Good,0
12596,Merriwa (NSW),17620,Upper Hunter Shire,1,Good,Good,0
12597,Merriwagga,11600,Carrathool,1,Good,Good,0
12598,Merrygoen,18020,Warrumbungle Shire,1,Good,Good,0
12599,Merrylands,12380,Cumberland,0.9999991,Good,Good,0
12599,Merrylands,16260,Parramatta,9.00E-07,Acceptable,Good,1
12600,Merrylands West,12380,Cumberland,1,Good,Good,0
12601,Merungle Hill,14750,Leeton,1,Good,Good,0
12602,Meryla,18350,Wingecarribee,1,Good,Good,0
12603,Metford,15050,Maitland,1,Good,Good,0
12604,Methul,12000,Coolamon,1,Good,Good,0
12605,Metz,10180,Armidale Regional,1,Good,Good,0
12606,Miamley,14600,Lachlan,1,Good,Good,0
12607,Miandetta (NSW),10950,Bogan,1,Good,Good,0
12608,Micalo Island,11730,Clarence Valley,1,Good,Good,0
12609,Michelago,17040,Snowy Monaro Regional,1,Good,Good,0
12610,Middle Arm,13310,Goulburn Mulwaree,0.8756181,Good,Good,0
12610,Middle Arm,17640,Upper Lachlan Shire,0.1243819,Good,Good,0
12611,Middle Brook,17620,Upper Hunter Shire,1,Good,Good,0
12612,Middle Brother,16380,Port Macquarie-Hastings,1,Good,Good,0
12613,Middle Cove,18250,Willoughby,1,Good,Good,0
12614,Middle Dural,14000,Hornsby,0.2118724,Acceptable,Good,0
12614,Middle Dural,17420,The Hills Shire,0.7881276,Good,Good,0
12615,Middle Falbrook,17000,Singleton,1,Good,Good,0
12616,Middle Flat,17040,Snowy Monaro Regional,1,Good,Good,0
12617,Middle Pocket,11350,Byron,1,Good,Good,0
12618,Middleton Grange,14900,Liverpool,1,Good,Good,0
12619,Middlingbank,17040,Snowy Monaro Regional,1,Good,Good,0
12620,Midginbil,17550,Tweed,1,Good,Good,0
12621,Mihi,17650,Uralla,1,Good,Good,0
12622,Mila,17040,Snowy Monaro Regional,1,Good,Good,0
12623,Milbrodale,17000,Singleton,1,Good,Good,0
12624,Milbrulong,14950,Lockhart,1,Good,Good,0
12625,Milkers Flat,10470,Bathurst Regional,1,Good,Good,0
12626,Millah Murrah,10470,Bathurst Regional,1,Good,Good,0
12627,Millbank (NSW),14350,Kempsey,1,Good,Good,0
12628,Miller,14900,Liverpool,1,Good,Good,0
12629,Millers Forest,15050,Maitland,1,Good,Good,0
12630,Millers Point,17200,Sydney,1,Good,Good,0
12631,Millfield,11720,Cessnock,1,Good,Good,0
12632,Millie,15300,Moree Plains,0.9991681,Good,Good,0
12632,Millie,15750,Narrabri,0.0008319,Good,Good,1
12633,Millingandi,10550,Bega Valley,1,Good,Good,0
12634,Millthorpe,10850,Blayney,0.9532976,Good,Good,0
12634,Millthorpe,16150,Orange,0.0467024,Good,Good,0
12635,Milparinka,19399,Unincorporated NSW,1,Acceptable,Good,0
12636,Milperra,11570,Canterbury-Bankstown,1,Good,Good,0
12637,Milroy (Gunnedah - NSW),13550,Gunnedah,1,Good,Good,0
12638,Milroy (Mid-Western Regional - NSW),15270,Mid-Western Regional,1,Good,Good,0
12639,Milsons Passage,14000,Hornsby,1,Acceptable,Good,0
12640,Milsons Point,15950,North Sydney,1,Good,Good,0
12641,Milton (NSW),16950,Shoalhaven,1,Good,Good,0
12642,Milvale,12160,Cootamundra-Gundagai Regional,0.4148676,Good,Good,0
12642,Milvale,13910,Hilltops,0.5851324,Good,Good,0
12643,Mimosa (NSW),17350,Temora,1,Good,Good,0
12644,Minchinbury,10750,Blacktown,1,Good,Good,0
12645,Mindaribba,15050,Maitland,1,Good,Good,0
12646,Mingoola (NSW),17400,Tenterfield,1,Good,Good,0
12647,Minimbah,15240,Mid-Coast,1,Good,Good,0
12648,Minjary,17080,Snowy Valleys,1,Good,Good,0
12649,Minmi,15900,Newcastle,1,Good,Good,0
12650,Minnamurra,14400,Kiama,1,Good,Good,0
12651,Minnie Water,11730,Clarence Valley,1,Good,Good,0
12652,Minore,12390,Dubbo Regional,1,Good,Good,0
12653,Minto,11500,Campbelltown (NSW),1,Good,Good,0
12654,Minto Heights,11500,Campbelltown (NSW),1,Good,Good,0
12655,Mirador,10550,Bega Valley,1,Good,Good,0
12656,Miranda (NSW),17150,Sutherland Shire,1,Good,Good,0
12657,Mirannie,17000,Singleton,1,Good,Good,0
12658,Mirrabooka (NSW),14650,Lake Macquarie,1,Good,Good,0
12659,Mirrool,10800,Bland,1,Good,Good,0
12660,Missabotti,15700,Nambucca Valley,1,Good,Good,0
12661,Mitchell (NSW),10470,Bathurst Regional,1,Good,Good,0
12662,Mitchells Flat,17000,Singleton,1,Good,Good,0
12663,Mitchells Island,15240,Mid-Coast,1,Good,Good,0
12664,Mittagong,18350,Wingecarribee,1,Good,Good,0
12665,Moama,15520,Murray River,1,Good,Good,0
12666,Modanville,14850,Lismore,1,Good,Good,0
12667,Mogareeka,10550,Bega Valley,1,Good,Good,0
12668,Mogendoura,12750,Eurobodalla,1,Good,Good,0
12669,Moggs Swamp,13010,Glen Innes Severn,1,Good,Good,0
12670,Mogilla,10550,Bega Valley,1,Good,Good,0
12671,Mogo (Eurobodalla - NSW),12750,Eurobodalla,1,Good,Good,0
12672,Mogo (Mid-Western Regional - NSW),15270,Mid-Western Regional,0.9988938,Good,Good,0
12672,Mogo (Mid-Western Regional - NSW),17620,Upper Hunter Shire,0.0011062,Good,Good,1
12673,Mogo Creek,13800,Hawkesbury,1,Good,Good,0
12674,Mogood,16950,Shoalhaven,1,Good,Good,0
12675,Mograni,15240,Mid-Coast,1,Good,Good,0
12676,Mogriguy,12390,Dubbo Regional,1,Good,Good,0
12677,Mole River,17400,Tenterfield,1,Good,Good,0
12678,Moleville Creek,11730,Clarence Valley,1,Good,Good,0
12679,Mollyan,18020,Warrumbungle Shire,1,Good,Good,0
12680,Mollymook,16950,Shoalhaven,1,Good,Good,0
12681,Mollymook Beach,16950,Shoalhaven,1,Good,Good,0
12682,Molong,11400,Cabonne,1,Good,Good,0
12683,Mona Vale,15990,Northern Beaches,1,Good,Good,0
12684,Monak,18200,Wentworth,1,Good,Good,0
12685,Monaltrie,14850,Lismore,1,Good,Good,0
12686,Mondayong,16950,Shoalhaven,1,Good,Good,0
12687,Mondrook,15240,Mid-Coast,1,Good,Good,0
12688,Monga,16490,Queanbeyan-Palerang Regional,1,Good,Good,0
12689,Mongarlowe,16490,Queanbeyan-Palerang Regional,1,Good,Good,0
12690,Mongogarie,16610,Richmond Valley,1,Good,Good,0
12691,Monia Gap,11600,Carrathool,1,Good,Good,0
12692,Monivae,15270,Mid-Western Regional,1,Good,Good,0
12693,Monkerai,15240,Mid-Coast,1,Good,Good,0
12694,Monteagle,13910,Hilltops,1,Good,Good,0
12695,Montecollum,11350,Byron,1,Good,Good,0
12696,Montefiores,12390,Dubbo Regional,1,Good,Good,0
12697,Monterey,10500,Bayside (NSW),1,Good,Good,0
12698,Mooball,17550,Tweed,1,Good,Good,0
12699,Moobi,17620,Upper Hunter Shire,1,Good,Good,0
12700,Moogem,13010,Glen Innes Severn,1,Good,Good,0
12701,Mookerawa,12390,Dubbo Regional,1,Good,Good,0
12702,Mookima Wybra,11730,Clarence Valley,1,Good,Good,0
12703,Moolarben,15270,Mid-Western Regional,1,Good,Good,0
12704,Moollattoo,16950,Shoalhaven,1,Good,Good,0
12705,Moolpa,15520,Murray River,1,Good,Good,0
12706,Moombooldool,15800,Narrandera,1,Good,Good,0
12707,Moonan Brook,17620,Upper Hunter Shire,1,Good,Good,0
12708,Moonan Flat,17620,Upper Hunter Shire,1,Good,Good,0
12709,Moonbah,17040,Snowy Monaro Regional,1,Good,Good,0
12710,Moonbi,17310,Tamworth Regional,1,Good,Good,0
12711,Moonbria,12730,Edward River,1,Good,Good,0
12712,Mooneba,14350,Kempsey,1,Good,Good,0
12713,Moonee,11650,Central Coast (NSW),0.3333333,Good,Good,0
12713,Moonee,14650,Lake Macquarie,0.6666667,Good,Good,0
12714,Moonee Beach,11800,Coffs Harbour,1,Good,Good,0
12715,Mooney Mooney,11650,Central Coast (NSW),1,Good,Good,0
12716,Mooney Mooney Creek,11650,Central Coast (NSW),1,Good,Good,0
12717,Moonpar,11730,Clarence Valley,1,Good,Good,0
12718,Mooral Creek,15240,Mid-Coast,1,Good,Good,0
12719,Moorara,18200,Wentworth,1,Good,Good,0
12720,Moorbel,11400,Cabonne,1,Good,Good,0
12721,Moore Creek,17310,Tamworth Regional,1,Good,Good,0
12722,Moore Park,17200,Sydney,1,Good,Good,0
12723,Moorebank,14900,Liverpool,1,Good,Good,0
12724,Moorilda,10850,Blayney,1,Good,Good,0
12725,Moorland (NSW),15240,Mid-Coast,1,Good,Good,0
12726,Moorong,17750,Wagga Wagga,1,Good,Good,0
12727,Moorwatha,13340,Greater Hume Shire,1,Good,Good,0
12728,Moparrabah,14350,Kempsey,1,Good,Good,0
12729,Moppy,15240,Mid-Coast,1,Good,Good,0
12730,Morago,12730,Edward River,1,Good,Good,0
12731,Morangarell,10800,Bland,0.0812854,Good,Good,0
12731,Morangarell,13910,Hilltops,0.4593573,Good,Good,0
12731,Morangarell,17350,Temora,0.4593573,Good,Good,0
12732,Morans Crossing,10550,Bega Valley,1,Good,Good,0
12733,Moree,15300,Moree Plains,1,Good,Good,0
12734,Morisset,14650,Lake Macquarie,1,Good,Good,0
12735,Morisset Park,14650,Lake Macquarie,1,Good,Good,0
12736,Morning Bay,15990,Northern Beaches,1,Good,Good,0
12737,Mororo,11730,Clarence Valley,1,Good,Good,0
12738,Morpeth,15050,Maitland,1,Good,Good,0
12739,Mortdale,12930,Georges River,1,Acceptable,Good,0
12740,Mortlake (NSW),11520,Canada Bay,1,Good,Good,0
12741,Morton,16950,Shoalhaven,1,Good,Good,0
12742,Mortons Creek,16380,Port Macquarie-Hastings,1,Good,Good,0
12743,Morts Estate,14870,Lithgow,1,Good,Good,0
12744,Morundah,12870,Federation,0.9459277,Good,Good,0
12744,Morundah,15800,Narrandera,0.0540723,Good,Good,0
12745,Moruya,12750,Eurobodalla,1,Good,Good,0
12746,Moruya Heads,12750,Eurobodalla,1,Good,Good,0
12747,Morven (Glen Innes Severn - NSW),13010,Glen Innes Severn,1,Good,Good,0
12748,Morven (Greater Hume Shire - NSW),13340,Greater Hume Shire,1,Good,Good,0
12749,Mosman,15350,Mosman,1,Good,Good,0
12750,Moss Vale,18350,Wingecarribee,1,Good,Good,0
12751,Mossgiel,10300,Balranald,0.1383821,Good,Good,0
12751,Mossgiel,11600,Carrathool,0.3790017,Good,Good,0
12751,Mossgiel,11700,Central Darling,0.4826162,Good,Good,0
12752,Mossy Point,12750,Eurobodalla,1,Good,Good,0
12753,Moto,15240,Mid-Coast,1,Good,Good,0
12754,Moulamein,12730,Edward River,0.0748639,Good,Good,0
12754,Moulamein,15520,Murray River,0.9251361,Good,Good,0
12755,Mount Adrah,12160,Cootamundra-Gundagai Regional,0.9124674,Good,Good,0
12755,Mount Adrah,17080,Snowy Valleys,0.0875326,Good,Good,0
12756,Mount Annan,11450,Camden,0.9999992,Good,Good,0
12756,Mount Annan,11500,Campbelltown (NSW),8.00E-07,Good,Good,1
12757,Mount Aquila,12390,Dubbo Regional,1,Good,Good,0
12758,Mount Arthur,12390,Dubbo Regional,1,Good,Good,0
12759,Mount Austin,17750,Wagga Wagga,1,Good,Good,0
12760,Mount Burrell,17550,Tweed,1,Good,Good,0
12761,Mount Colah,14000,Hornsby,1,Acceptable,Good,0
12762,Mount Collins,13910,Hilltops,1,Good,Good,0
12763,Mount Cooper (NSW),17040,Snowy Monaro Regional,1,Good,Good,0
12764,Mount Darragh,10550,Bega Valley,1,Good,Good,0
12765,Mount David,16100,Oberon,1,Good,Good,0
12766,Mount Dee,15050,Maitland,1,Good,Good,0
12767,Mount Druitt,10750,Blacktown,1,Good,Good,0
12768,Mount Elliot (NSW),11650,Central Coast (NSW),1,Good,Good,0
12769,Mount Fairy,16490,Queanbeyan-Palerang Regional,1,Good,Good,0
12770,Mount Foster,17950,Warren,1,Good,Good,0
12771,Mount Frome,15270,Mid-Western Regional,1,Good,Good,0
12772,Mount George (NSW),15240,Mid-Coast,1,Good,Good,0
12773,Mount Harris,17950,Warren,1,Good,Good,0
12774,Mount Hope (NSW),11750,Cobar,1,Good,Good,0
12775,Mount Horeb,17080,Snowy Valleys,1,Good,Good,0
12776,Mount Hunter,18400,Wollondilly,1,Good,Good,0
12777,Mount Hutton (NSW),14650,Lake Macquarie,1,Good,Good,0
12778,Mount Irvine,10900,Blue Mountains,1,Good,Good,0
12779,Mount Keira,18450,Wollongong,1,Good,Good,0
12780,Mount Kembla,18450,Wollongong,1,Good,Good,0
12781,Mount Kingiman,16950,Shoalhaven,1,Good,Good,0
12782,Mount Knowles,15270,Mid-Western Regional,1,Good,Good,0
12783,Mount Kuring-Gai,14000,Hornsby,1,Acceptable,Good,0
12784,Mount Lambie,14870,Lithgow,1,Good,Good,0
12785,Mount Lewis,11570,Canterbury-Bankstown,1,Good,Good,0
12786,Mount Lindsey,18350,Wingecarribee,1,Good,Good,0
12787,Mount Marsden,14870,Lithgow,1,Good,Good,0
12788,Mount Marsh,11730,Clarence Valley,0.25,Good,Good,0
12788,Mount Marsh,16610,Richmond Valley,0.75,Good,Good,0
12789,Mount Mitchell,13010,Glen Innes Severn,1,Good,Good,0
12790,Mount Murray,18350,Wingecarribee,1,Good,Good,0
12791,Mount Olive (Oberon - NSW),16100,Oberon,1,Good,Good,0
12792,Mount Olive (Singleton - NSW),17000,Singleton,1,Good,Good,0
12793,Mount Ousley,18450,Wollongong,1,Good,Good,0
12794,Mount Panorama,10470,Bathurst Regional,1,Good,Good,0
12795,Mount Pleasant (NSW),18450,Wollongong,1,Good,Good,0
12796,Mount Pritchard,12850,Fairfield,0.9473646,Good,Good,0
12796,Mount Pritchard,14900,Liverpool,0.0526354,Good,Good,0
12797,Mount Rankin,10470,Bathurst Regional,1,Good,Good,0
12798,Mount Rivers,12700,Dungog,1,Good,Good,0
12799,Mount Riverview,10900,Blue Mountains,1,Good,Good,0
12800,Mount Royal,17000,Singleton,1,Good,Good,0
12801,Mount Russell,14220,Inverell,1,Good,Good,0
12802,Mount Saint Thomas,18450,Wollongong,1,Good,Good,0
12803,Mount Seaview,16380,Port Macquarie-Hastings,1,Good,Good,0
12804,Mount Tenandra,12150,Coonamble,1,Good,Good,0
12805,Mount Thorley,17000,Singleton,1,Good,Good,0
12806,Mount Tomah,10900,Blue Mountains,1,Good,Good,0
12807,Mount Vernon,16350,Penrith,1,Good,Good,0
12808,Mount Victoria,10900,Blue Mountains,1,Good,Good,0
12809,Mount View,11720,Cessnock,1,Good,Good,0
12810,Mount Vincent,11720,Cessnock,1,Good,Good,0
12811,Mount Warning,17550,Tweed,1,Good,Good,0
12812,Mount Warrigal,16900,Shellharbour,1,Good,Good,0
12813,Mount Werong,16100,Oberon,0.9966887,Good,Good,0
12813,Mount Werong,17640,Upper Lachlan Shire,0.0033113,Good,Good,1
12814,Mount White,11650,Central Coast (NSW),1,Good,Good,0
12815,Mount Wilson,10900,Blue Mountains,1,Good,Good,0
12816,Mountain Creek (NSW),13340,Greater Hume Shire,1,Good,Good,0
12817,Mountain Lagoon,13800,Hawkesbury,1,Good,Good,0
12818,Mountain Top,14850,Lismore,1,Good,Good,0
12819,Mountain View (NSW),11730,Clarence Valley,1,Good,Good,0
12820,Mourquong,18200,Wentworth,1,Good,Good,0
12821,Mowbray Park,18400,Wollondilly,1,Good,Good,0
12822,Mozart,16100,Oberon,1,Good,Good,0
12823,Mudgee,15270,Mid-Western Regional,1,Good,Good,0
12824,Mulbring,11720,Cessnock,1,Good,Good,0
12825,Mulgoa,16350,Penrith,1,Good,Good,0
12826,Mulgrave (NSW),13800,Hawkesbury,1,Good,Good,0
12827,Mulguthrie,12900,Forbes,1,Good,Good,0
12828,Muli Muli,14550,Kyogle,1,Good,Good,0
12829,Mulla,10950,Bogan,1,Good,Good,0
12830,Mulla Creek,17310,Tamworth Regional,1,Good,Good,0
12831,Mullaley,13550,Gunnedah,1,Good,Good,0
12832,Mullamuddy,15270,Mid-Western Regional,1,Good,Good,0
12833,Mullaway,11800,Coffs Harbour,1,Good,Good,0
12834,Mullengandra,13340,Greater Hume Shire,1,Good,Good,0
12835,Mullengudgery,17950,Warren,1,Good,Good,0
12836,Mullion,18710,Yass Valley,1,Good,Good,0
12837,Mullion Creek,11400,Cabonne,1,Good,Good,0
12838,Mulloon,16490,Queanbeyan-Palerang Regional,1,Good,Good,0
12839,Mullumbimby,11350,Byron,1,Good,Good,0
12840,Mullumbimby Creek,11350,Byron,1,Good,Good,0
12841,Mulwala,10650,Berrigan,0.0027377,Good,Good,1
12841,Mulwala,12870,Federation,0.9972623,Good,Good,0
12842,Mulyandry,12900,Forbes,1,Good,Good,0
12843,Mumbil,12390,Dubbo Regional,1,Good,Good,0
12844,Mumblebone Plain,17950,Warren,1,Good,Good,0
12845,Mumbulla Mountain,10550,Bega Valley,1,Good,Good,0
12846,Mummel,13310,Goulburn Mulwaree,1,Good,Good,0
12847,Mummulgum,14550,Kyogle,1,Good,Good,0
12848,Mundamia,16950,Shoalhaven,1,Good,Good,0
12849,Mundarlo,12160,Cootamundra-Gundagai Regional,1,Good,Good,0
12850,Munderoo,17080,Snowy Valleys,1,Good,Good,0
12851,Mundongo,17080,Snowy Valleys,1,Good,Good,0
12852,Mungay Creek,14350,Kempsey,1,Good,Good,0
12853,Munghorn,15270,Mid-Western Regional,1,Good,Good,0
12854,Mungindi (NSW),15300,Moree Plains,1,Good,Good,0
12855,Mungo,10300,Balranald,1,Good,Good,0
12856,Mungo Brush,15240,Mid-Coast,1,Good,Good,0
12857,Munni,12700,Dungog,1,Good,Good,0
12858,Munyabla,14950,Lockhart,1,Good,Good,0
12859,Murga,11400,Cabonne,1,Good,Good,0
12860,Murrah,10550,Bega Valley,1,Good,Good,0
12861,Murrami,14750,Leeton,1,Good,Good,0
12862,Murrawombie,10950,Bogan,1,Good,Good,0
12863,Murray Downs,15520,Murray River,1,Good,Good,0
12864,Murray Gorge,17080,Snowy Valleys,1,Good,Good,0
12865,Murrays Beach,14650,Lake Macquarie,1,Good,Good,0
12866,Murrays Run,11720,Cessnock,1,Good,Good,0
12867,Murrengenburg,12750,Eurobodalla,1,Good,Good,0
12868,Murrin Bridge,14600,Lachlan,1,Good,Good,0
12869,Murringo,13910,Hilltops,1,Good,Good,0
12870,Murrulebale,12000,Coolamon,1,Good,Good,0
12871,Murrumbateman,18710,Yass Valley,1,Good,Good,0
12872,Murrumbo,15270,Mid-Western Regional,1,Good,Good,0
12873,Murrumbucca,17040,Snowy Monaro Regional,1,Good,Good,0
12874,Murrumburrah,13910,Hilltops,1,Good,Good,0
12875,Murrurundi,17620,Upper Hunter Shire,1,Good,Good,0
12876,Murulla,17620,Upper Hunter Shire,1,Good,Good,0
12877,Murwillumbah,17550,Tweed,1,Good,Good,0
12878,Muscle Creek,15650,Muswellbrook,1,Good,Good,0
12879,Muswellbrook,15650,Muswellbrook,1,Good,Good,0
12880,Mutawintji,19399,Unincorporated NSW,1,Acceptable,Good,0
12881,Muttama,12160,Cootamundra-Gundagai Regional,1,Good,Good,0
12882,Myall Creek,13660,Gwydir,0.2073717,Good,Good,0
12882,Myall Creek,14220,Inverell,0.7926283,Good,Good,0
12883,Myall Lake,15240,Mid-Coast,1,Good,Good,0
12884,Myall Park (NSW),11600,Carrathool,0.1535695,Good,Good,0
12884,Myall Park (NSW),13450,Griffith,0.8464305,Good,Good,0
12885,Myalla (NSW),17040,Snowy Monaro Regional,1,Good,Good,0
12886,Mylestom,10600,Bellingen,1,Good,Good,0
12887,Mylneford,11730,Clarence Valley,1,Good,Good,0
12888,Myocum,11350,Byron,1,Good,Good,0
12889,Myola (NSW),16950,Shoalhaven,1,Good,Good,0
12890,Myrtle Creek (NSW),16610,Richmond Valley,1,Good,Good,0
12891,Myrtle Mountain,10550,Bega Valley,1,Good,Good,0
12892,Myrtle Park,12730,Edward River,1,Good,Good,0
12893,Myrtleville,17640,Upper Lachlan Shire,1,Good,Good,0
12894,Mystery Bay,12750,Eurobodalla,1,Good,Good,0
12895,Myuna Bay,14650,Lake Macquarie,1,Good,Good,0
12896,Nabiac,15240,Mid-Coast,1,Good,Good,0
12897,Nadgee,10550,Bega Valley,1,Good,Good,0
12898,Nambucca Heads,15700,Nambucca Valley,1,Good,Good,0
12899,Namoi River,17310,Tamworth Regional,1,Good,Good,0
12900,Nana Glen,11800,Coffs Harbour,1,Good,Good,0
12901,Nangus,12160,Cootamundra-Gundagai Regional,1,Good,Good,0
12902,Nanima,18710,Yass Valley,1,Good,Good,0
12903,Napoleon Reef,10470,Bathurst Regional,1,Good,Good,0
12904,Naradhan,10800,Bland,1,Good,Good,0
12905,Narara,11650,Central Coast (NSW),1,Good,Good,0
12906,Narellan,11450,Camden,1,Good,Good,0
12907,Narellan Vale,11450,Camden,1,Good,Good,0
12908,Naremburn,18250,Willoughby,1,Good,Good,0
12909,Narooma,12750,Eurobodalla,1,Good,Good,0
12910,Narrabarba,10550,Bega Valley,1,Good,Good,0
12911,Narrabeen,15990,Northern Beaches,1,Good,Good,0
12912,Narrabri,15750,Narrabri,1,Good,Good,0
12913,Narraburra,17350,Temora,1,Good,Good,0
12914,Narran Lake,11200,Brewarrina,1,Good,Good,0
12915,Narrandera,15800,Narrandera,1,Good,Good,0
12916,Narrangullen,18710,Yass Valley,1,Good,Good,0
12917,Narrawa,17640,Upper Lachlan Shire,1,Good,Good,0
12918,Narrawallee,16950,Shoalhaven,1,Good,Good,0
12919,Narraweena,15990,Northern Beaches,1,Good,Good,0
12920,Narromine,15850,Narromine,1,Good,Good,0
12921,Narwee,11570,Canterbury-Bankstown,0.6535331,Good,Good,0
12921,Narwee,12930,Georges River,0.3464669,Acceptable,Good,0
12922,Nashdale,11400,Cabonne,1,Good,Good,0
12923,Nashua,11350,Byron,1,Good,Good,0
12924,Nattai,18400,Wollondilly,1,Good,Good,0
12925,Naughtons Gap,16610,Richmond Valley,1,Good,Good,0
12926,Neath,11720,Cessnock,1,Good,Good,0
12927,Nebea,12150,Coonamble,1,Good,Good,0
12928,Neilrex,18020,Warrumbungle Shire,1,Good,Good,0
12929,Nelligen,12750,Eurobodalla,1,Good,Good,0
12930,Nelson (Bega Valley - NSW),10550,Bega Valley,1,Good,Good,0
12931,Nelson (The Hills Shire - NSW),17420,The Hills Shire,1,Good,Good,0
12932,Nelson Bay (NSW),16400,Port Stephens,1,Good,Good,0
12933,Nelsons Plains,16400,Port Stephens,1,Good,Good,0
12934,Nelungaloo,16200,Parkes,1,Good,Good,0
12935,Nemingha,17310,Tamworth Regional,1,Good,Good,0
12936,Nericon,13450,Griffith,1,Good,Good,0
12937,Neringla,12750,Eurobodalla,0.2492231,Good,Good,0
12937,Neringla,16490,Queanbeyan-Palerang Regional,0.7507769,Good,Good,0
12938,Nerong,15240,Mid-Coast,1,Good,Good,0
12939,Nerriga,16490,Queanbeyan-Palerang Regional,1,Good,Good,0
12940,Nerrigundah,12750,Eurobodalla,1,Good,Good,0
12941,Nethercote,10550,Bega Valley,1,Good,Good,0
12942,Neurea,12390,Dubbo Regional,1,Good,Good,0
12943,Neutral Bay,15950,North Sydney,1,Good,Good,0
12944,Never Never,10600,Bellingen,1,Good,Good,0
12945,Nevertire,17950,Warren,1,Good,Good,0
12946,Neville,10850,Blayney,0.9308146,Good,Good,0
12946,Neville,12350,Cowra,0.0691854,Good,Good,0
12947,New Berrima,18350,Wingecarribee,1,Good,Good,0
12948,New Brighton,11350,Byron,1,Good,Good,0
12949,New Buildings,10550,Bega Valley,1,Good,Good,0
12950,New Italy,16610,Richmond Valley,1,Good,Good,0
12951,New Lambton,15900,Newcastle,1,Good,Good,0
12952,New Lambton Heights,14650,Lake Macquarie,0.6092542,Good,Good,0
12952,New Lambton Heights,15900,Newcastle,0.3907458,Good,Good,0
12953,New Mexico,17310,Tamworth Regional,1,Good,Good,0
12954,New Park,14550,Kyogle,1,Good,Good,0
12955,New Valley,10180,Armidale Regional,1,Good,Good,0
12956,Newbold,11730,Clarence Valley,1,Good,Good,0
12957,Newbridge (NSW),10850,Blayney,1,Good,Good,0
12958,Newcastle,15900,Newcastle,1,Good,Good,0
12959,Newcastle East,15900,Newcastle,1,Good,Good,0
12960,Newcastle West,15900,Newcastle,1,Good,Good,0
12961,Newee Creek,15700,Nambucca Valley,1,Good,Good,0
12962,Newington (NSW),16260,Parramatta,1,Acceptable,Good,0
12963,Newnes,14870,Lithgow,1,Good,Good,0
12964,Newnes Plateau,14870,Lithgow,1,Good,Good,0
12965,Newport (NSW),15990,Northern Beaches,1,Good,Good,0
12966,Newrybar,10250,Ballina,1,Good,Good,0
12967,Newstead (NSW),14220,Inverell,1,Good,Good,0
12968,Newton Boyd,11730,Clarence Valley,0.6666667,Good,Good,0
12968,Newton Boyd,13010,Glen Innes Severn,0.3333333,Good,Good,0
12969,Newtown (NSW),14170,Inner West,0.5387899,Good,Good,0
12969,Newtown (NSW),17200,Sydney,0.4612101,Good,Good,0
12970,Niagara Park,11650,Central Coast (NSW),1,Good,Good,0
12971,Niangala,17310,Tamworth Regional,0.4533884,Good,Good,0
12971,Niangala,17620,Upper Hunter Shire,6.66E-05,Good,Good,1
12971,Niangala,17850,Walcha,0.5465449,Good,Good,0
12972,Niemur,15520,Murray River,1,Good,Good,0
12973,Nightcap,11350,Byron,0.2,Good,Good,0
12973,Nightcap,14850,Lismore,0.8,Good,Good,0
12974,Nimbin,14850,Lismore,1,Good,Good,0
12975,Nimmitabel,17040,Snowy Monaro Regional,1,Good,Good,0
12976,Nimmo,17040,Snowy Monaro Regional,1,Good,Good,0
12977,Nirimba Fields,10750,Blacktown,1,Good,Good,0
12978,Nobbys Creek,17550,Tweed,1,Good,Good,0
12979,Nombi,18020,Warrumbungle Shire,1,Good,Good,0
12980,Noona,11750,Cobar,1,Good,Good,0
12981,Noorong,15520,Murray River,1,Good,Good,0
12982,Nooroo,15240,Mid-Coast,1,Good,Good,0
12983,Norah Head,11650,Central Coast (NSW),1,Good,Good,0
12984,Noraville,11650,Central Coast (NSW),1,Good,Good,0
12985,Nords Wharf,14650,Lake Macquarie,1,Good,Good,0
12986,Normanhurst,14000,Hornsby,1,Acceptable,Good,0
12987,North Albury,10050,Albury,1,Good,Good,0
12988,North Arm (NSW),17550,Tweed,1,Good,Good,0
12989,North Arm Cove,15240,Mid-Coast,1,Good,Good,0
12990,North Avoca,11650,Central Coast (NSW),1,Good,Good,0
12991,North Balgowlah,15990,Northern Beaches,1,Good,Good,0
12992,North Batemans Bay,12750,Eurobodalla,1,Good,Good,0
12993,North Boambee Valley,11800,Coffs Harbour,1,Good,Good,0
12994,North Bondi,18050,Waverley,1,Good,Good,0
12995,North Bourke,11150,Bourke,1,Good,Good,0
12996,North Brother,16380,Port Macquarie-Hastings,1,Good,Good,0
12997,North Casino,16610,Richmond Valley,1,Good,Good,0
12998,North Curl Curl,15990,Northern Beaches,1,Good,Good,0
12999,North Dorrigo,10600,Bellingen,1,Good,Good,0
13000,North Epping,14000,Hornsby,1,Acceptable,Good,0
13001,North Gosford,11650,Central Coast (NSW),1,Good,Good,0
13002,North Haven (NSW),16380,Port Macquarie-Hastings,1,Good,Good,0
13003,North Kellyville,17420,The Hills Shire,1,Good,Good,0
13004,North Lambton,15900,Newcastle,1,Good,Good,0
13005,North Lismore,14850,Lismore,1,Good,Good,0
13006,North Macksville,15700,Nambucca Valley,1,Good,Good,0
13007,North Manly,15990,Northern Beaches,1,Good,Good,0
13008,North Narooma,12750,Eurobodalla,1,Good,Good,0
13009,North Narrabeen,15990,Northern Beaches,1,Good,Good,0
13010,North Nowra,16950,Shoalhaven,1,Good,Good,0
13011,North Parramatta,16260,Parramatta,1,Acceptable,Good,0
13012,North Richmond,13800,Hawkesbury,1,Good,Good,0
13013,North Rocks,16260,Parramatta,0.9364744,Acceptable,Good,0
13013,North Rocks,17420,The Hills Shire,0.0635256,Good,Good,0
13014,North Rothbury,11720,Cessnock,1,Good,Good,0
13015,North Ryde,16700,Ryde,1,Good,Good,0
13016,North Shore (NSW),16380,Port Macquarie-Hastings,1,Good,Good,0
13017,North St Marys,16350,Penrith,1,Good,Good,0
13018,North Star,13660,Gwydir,1,Good,Good,0
13019,North Strathfield,11520,Canada Bay,1,Good,Good,0
13020,North Sydney,15950,North Sydney,1,Good,Good,0
13021,North Tamworth,17310,Tamworth Regional,1,Good,Good,0
13022,North Tumbulgum,17550,Tweed,1,Good,Good,0
13023,North Turramurra,14500,Ku-ring-gai,1,Good,Good,0
13024,North Wagga Wagga,17750,Wagga Wagga,1,Good,Good,0
13025,North Wahroonga,14500,Ku-ring-gai,1,Good,Good,0
13026,North Willoughby,18250,Willoughby,1,Good,Good,0
13027,North Wollongong,18450,Wollongong,1,Good,Good,0
13028,North Woodburn,14850,Lismore,1,Good,Good,0
13029,North Yalgogrin,10800,Bland,1,Good,Good,0
13030,North Yeoval,12390,Dubbo Regional,1,Good,Good,0
13031,Northangera,16490,Queanbeyan-Palerang Regional,1,Good,Good,0
13032,Northbridge (NSW),18250,Willoughby,1,Good,Good,0
13033,Northmead,16260,Parramatta,1,Acceptable,Good,0
13034,Northwood (NSW),14700,Lane Cove,1,Good,Good,0
13035,Norway,16100,Oberon,1,Good,Good,0
13036,Norwest,17420,The Hills Shire,1,Good,Good,0
13037,Nowendoc,17850,Walcha,1,Good,Good,0
13038,Nowley,15750,Narrabri,1,Good,Good,0
13039,Nowra,16950,Shoalhaven,1,Good,Good,0
13040,Nowra Hill,16950,Shoalhaven,1,Good,Good,0
13041,Nubba,13910,Hilltops,1,Good,Good,0
13042,Nulkaba,11720,Cessnock,1,Good,Good,0
13043,Nullamanna,14220,Inverell,1,Good,Good,0
13044,Nullica,10550,Bega Valley,1,Good,Good,0
13045,Nullo Mountain,15270,Mid-Western Regional,1,Good,Good,0
13046,Numbaa,16950,Shoalhaven,1,Good,Good,0
13047,Number One,15240,Mid-Coast,1,Good,Good,0
13048,Numbla Vale,17040,Snowy Monaro Regional,1,Good,Good,0
13049,Numbugga,10550,Bega Valley,1,Good,Good,0
13050,Numeralla,17040,Snowy Monaro Regional,1,Good,Good,0
13051,Numinbah,17550,Tweed,1,Good,Good,0
13052,Numulgi,14850,Lismore,1,Good,Good,0
13053,Nunderi,17550,Tweed,1,Good,Good,0
13054,Nundle,17310,Tamworth Regional,1,Good,Good,0
13055,Nungatta,10550,Bega Valley,0.9926829,Good,Good,0
13055,Nungatta,17040,Snowy Monaro Regional,0.0073171,Good,Good,1
13056,Nungatta South,10550,Bega Valley,1,Good,Good,0
13057,Nurenmerenmong,17080,Snowy Valleys,1,Good,Good,0
13058,Nymagee,11750,Cobar,1,Good,Good,0
13059,Nymboida,11730,Clarence Valley,1,Good,Good,0
13060,Nyngan,10950,Bogan,1,Good,Good,0
13061,Nyora (NSW),15560,Murrumbidgee,1,Good,Good,0
13062,Nyrang Creek,11400,Cabonne,1,Good,Good,0
13063,O'Connell (NSW),10470,Bathurst Regional,0.0743787,Good,Good,0
13063,O'Connell (NSW),16100,Oberon,0.9256213,Good,Good,0
13064,Oak Flats,16900,Shellharbour,1,Good,Good,0
13065,Oakdale (NSW),18400,Wollondilly,1,Good,Good,0
13066,Oakey Park,14870,Lithgow,1,Good,Good,0
13067,Oakhampton,15050,Maitland,1,Good,Good,0
13068,Oakhampton Heights,15050,Maitland,1,Good,Good,0
13069,Oakhurst (NSW),10750,Blacktown,1,Good,Good,0
13070,Oaklands,12870,Federation,0.9867306,Good,Good,0
13070,Oaklands,15560,Murrumbidgee,0.0132694,Good,Good,0
13071,Oakville,13800,Hawkesbury,1,Good,Good,0
13072,Oakwood (NSW),14220,Inverell,1,Good,Good,0
13073,Oallen,13310,Goulburn Mulwaree,0.6069213,Good,Good,0
13073,Oallen,16490,Queanbeyan-Palerang Regional,0.3930787,Good,Good,0
13074,Oatlands (NSW),16260,Parramatta,1,Acceptable,Good,0
13075,Oatley,12930,Georges River,1,Acceptable,Good,0
13076,Oban,10180,Armidale Regional,1,Good,Good,0
13077,Obanvale,17000,Singleton,1,Good,Good,0
13078,Oberne Creek,17750,Wagga Wagga,1,Good,Good,0
13079,Oberon,16100,Oberon,1,Good,Good,0
13080,Obley,11400,Cabonne,1,Good,Good,0
13081,Ocean Shores,11350,Byron,1,Good,Good,0
13082,Ogunbil,17310,Tamworth Regional,1,Good,Good,0
13083,Old Adaminaby,17040,Snowy Monaro Regional,1,Good,Good,0
13084,Old Bar,15240,Mid-Coast,1,Good,Good,0
13085,Old Bonalbo,14550,Kyogle,1,Good,Good,0
13086,Old Erowal Bay,16950,Shoalhaven,1,Good,Good,0
13087,Old Grevillia,14550,Kyogle,1,Good,Good,0
13088,Old Guildford,12850,Fairfield,1,Good,Good,0
13089,Old Junee,14300,Junee,1,Good,Good,0
13090,Old Mill,14220,Inverell,1,Good,Good,0
13091,Old Station,14350,Kempsey,1,Good,Good,0
13092,Old Toongabbie,16260,Parramatta,1,Acceptable,Good,0
13093,Olinda (NSW),15270,Mid-Western Regional,1,Good,Good,0
13094,Olney,11720,Cessnock,1,Good,Good,0
13095,Omadale,17620,Upper Hunter Shire,1,Good,Good,0
13096,One Mile (NSW),16400,Port Stephens,1,Good,Good,0
13097,One Tree,13850,Hay,1,Good,Good,0
13098,Oolong,17640,Upper Lachlan Shire,1,Good,Good,0
13099,Ooma,12900,Forbes,1,Good,Good,0
13100,Ootha,12900,Forbes,0.8972848,Good,Good,0
13100,Ootha,14600,Lachlan,0.1027152,Good,Good,0
13101,Ophir,11400,Cabonne,1,Good,Good,0
13102,Oran Park,11450,Camden,1,Good,Good,0
13103,Orange,11400,Cabonne,0.0030988,Good,Good,1
13103,Orange,16150,Orange,0.9969012,Good,Good,0
13104,Orange Grove (NSW),13550,Gunnedah,1,Good,Good,0
13105,Orangeville,18400,Wollondilly,1,Good,Good,0
13106,Orchard Hills,16350,Penrith,1,Good,Good,0
13107,Orient Point,16950,Shoalhaven,1,Good,Good,0
13108,Orton Park,10470,Bathurst Regional,1,Good,Good,0
13109,Osborne (NSW),14950,Lockhart,1,Good,Good,0
13110,Osterley (NSW),16400,Port Stephens,1,Good,Good,0
13111,Oswald,15050,Maitland,1,Good,Good,0
13112,Otford,18450,Wollongong,1,Good,Good,0
13113,Oura,17750,Wagga Wagga,1,Good,Good,0
13114,Ourimbah,11650,Central Coast (NSW),1,Good,Good,0
13115,Ournie,17080,Snowy Valleys,1,Good,Good,0
13116,Owens Gap,17620,Upper Hunter Shire,1,Good,Good,0
13117,Oxford Falls,15990,Northern Beaches,1,Good,Good,0
13118,Oxley (Balranald - NSW),10300,Balranald,1,Good,Good,0
13119,Oxley (Warren - NSW),17950,Warren,1,Good,Good,0
13120,Oxley Island,15240,Mid-Coast,1,Good,Good,0
13121,Oxley Park,16350,Penrith,1,Good,Good,0
13122,Oxley Vale,17310,Tamworth Regional,1,Good,Good,0
13123,Oyster Bay,17150,Sutherland Shire,1,Good,Good,0
13124,Oyster Cove (NSW),16400,Port Stephens,1,Good,Good,0
13125,Packsaddle,19399,Unincorporated NSW,1,Acceptable,Good,0
13126,Paddington (NSW),17200,Sydney,0.2227646,Good,Good,0
13126,Paddington (NSW),18500,Woollahra,0.7772354,Acceptable,Good,0
13127,Paddys Flat (Kyogle - NSW),14550,Kyogle,1,Good,Good,0
13128,Paddys Flat (Snowy Monaro Regional - NSW),17040,Snowy Monaro Regional,1,Good,Good,0
13129,Paddys River (Snowy Valleys - NSW),17080,Snowy Valleys,1,Good,Good,0
13130,Paddys River (Wingecarribee - NSW),18350,Wingecarribee,1,Good,Good,0
13131,Padstow,11570,Canterbury-Bankstown,1,Good,Good,0
13132,Padstow Heights,11570,Canterbury-Bankstown,1,Good,Good,0
13133,Pagans Flat,14550,Kyogle,1,Good,Good,0
13134,Pages Creek,17620,Upper Hunter Shire,1,Good,Good,0
13135,Pages River,17620,Upper Hunter Shire,1,Good,Good,0
13136,Pagewood,10500,Bayside (NSW),1,Good,Good,0
13137,Palarang,17040,Snowy Monaro Regional,1,Good,Good,0
13138,Palerang,16490,Queanbeyan-Palerang Regional,1,Good,Good,0
13139,Paling Yards (Bathurst Regional - NSW),10470,Bathurst Regional,1,Good,Good,0
13140,Paling Yards (Oberon - NSW),16100,Oberon,1,Good,Good,0
13141,Pallal,13660,Gwydir,1,Good,Good,0
13142,Pallamallawa,13660,Gwydir,0.0488675,Good,Good,0
13142,Pallamallawa,15300,Moree Plains,0.9511325,Good,Good,0
13143,Palm Beach (NSW),15990,Northern Beaches,1,Good,Good,0
13144,Palm Grove (NSW),11650,Central Coast (NSW),1,Good,Good,0
13145,Palmdale (NSW),11650,Central Coast (NSW),1,Good,Good,0
13146,Palmers Channel,11730,Clarence Valley,1,Good,Good,0
13147,Palmers Island,11730,Clarence Valley,1,Good,Good,0
13148,Palmers Oaky,14870,Lithgow,1,Good,Good,0
13149,Palmvale,17550,Tweed,1,Good,Good,0
13150,Palmwoods (NSW),11350,Byron,1,Good,Good,0
13151,Pambula,10550,Bega Valley,1,Good,Good,0
13152,Pambula Beach,10550,Bega Valley,1,Good,Good,0
13153,Pampoolah,15240,Mid-Coast,1,Good,Good,0
13154,Pan Ban,18200,Wentworth,1,Good,Good,0
13155,Panania,11570,Canterbury-Bankstown,1,Good,Good,0
13156,Pangee,10950,Bogan,1,Good,Good,0
13157,Panuara,10850,Blayney,1,Good,Good,0
13158,Pappinbarra,16380,Port Macquarie-Hastings,1,Good,Good,0
13159,Para,18200,Wentworth,1,Good,Good,0
13160,Paradise (NSW),14220,Inverell,1,Good,Good,0
13161,Paringi,18200,Wentworth,1,Good,Good,0
13162,Parkes (NSW),16200,Parkes,1,Good,Good,0
13163,Parkesbourne,13310,Goulburn Mulwaree,1,Good,Good,0
13164,Parklea,10750,Blacktown,1,Good,Good,0
13165,Parkville (NSW),17620,Upper Hunter Shire,1,Good,Good,0
13166,Parma,16950,Shoalhaven,1,Good,Good,0
13167,Parramatta,16260,Parramatta,1,Acceptable,Good,0
13168,Parraweena,14920,Liverpool Plains,1,Good,Good,0
13169,Patchs Beach,10250,Ballina,1,Good,Good,0
13170,Paterson (NSW),12700,Dungog,1,Good,Good,0
13171,Patonga,11650,Central Coast (NSW),1,Good,Good,0
13172,Paupong,17040,Snowy Monaro Regional,1,Good,Good,0
13173,Paxton,11720,Cessnock,1,Good,Good,0
13174,Paynes Crossing,11720,Cessnock,0.9401408,Good,Good,0
13174,Paynes Crossing,17000,Singleton,0.0598592,Good,Good,0
13175,Paytens Bridge,12900,Forbes,1,Good,Good,0
13176,Peacock Creek,14550,Kyogle,1,Good,Good,0
13177,Peak Hill (NSW),16200,Parkes,1,Good,Good,0
13178,Peak View,17040,Snowy Monaro Regional,1,Good,Good,0
13179,Peakhurst,12930,Georges River,1,Acceptable,Good,0
13180,Peakhurst Heights,12930,Georges River,1,Acceptable,Good,0
13181,Pearces Creek,10250,Ballina,0.5741556,Good,Good,0
13181,Pearces Creek,14850,Lismore,0.4258444,Good,Good,0
13182,Pearl Beach,11650,Central Coast (NSW),1,Good,Good,0
13183,Peats Ridge,11650,Central Coast (NSW),1,Good,Good,0
13184,Pebbly Beach,16950,Shoalhaven,1,Good,Good,0
13185,Peel,10470,Bathurst Regional,1,Good,Good,0
13186,Peelwood,17640,Upper Lachlan Shire,1,Good,Good,0
13187,Pejar,17640,Upper Lachlan Shire,1,Good,Good,0
13188,Pelaw Main,11720,Cessnock,1,Good,Good,0
13189,Pelican (NSW),14650,Lake Macquarie,1,Good,Good,0
13190,Pelton,11720,Cessnock,1,Good,Good,0
13191,Pembrooke,16380,Port Macquarie-Hastings,1,Good,Good,0
13192,Pemulwuy,10750,Blacktown,0.0014551,Good,Good,1
13192,Pemulwuy,12380,Cumberland,0.9985449,Good,Good,0
13193,Pendle Hill,12380,Cumberland,0.8058716,Good,Good,0
13193,Pendle Hill,16260,Parramatta,0.1941284,Acceptable,Good,0
13194,Pennant Hills,14000,Hornsby,1,Acceptable,Good,0
13195,Penrith,16350,Penrith,1,Good,Good,0
13196,Penrose,18350,Wingecarribee,1,Good,Good,0
13197,Penshurst (NSW),12930,Georges River,1,Acceptable,Good,0
13198,Pericoe,10550,Bega Valley,1,Good,Good,0
13199,Perisher Valley,17040,Snowy Monaro Regional,1,Good,Good,0
13200,Perrys Crossing,13800,Hawkesbury,1,Good,Good,0
13201,Perthville,10470,Bathurst Regional,1,Good,Good,0
13202,Petersham,14170,Inner West,1,Good,Good,0
13203,Pheasants Nest,18400,Wollondilly,1,Good,Good,0
13204,Phegans Bay,11650,Central Coast (NSW),1,Good,Good,0
13205,Phillip Bay,16550,Randwick,1,Good,Good,0
13206,Phoenix Park,15050,Maitland,1,Good,Good,0
13207,Piallamore,17310,Tamworth Regional,1,Good,Good,0
13208,Piallaway,13550,Gunnedah,0.8332143,Good,Good,0
13208,Piallaway,14920,Liverpool Plains,0.1667857,Good,Good,0
13209,Piambong,15270,Mid-Western Regional,1,Good,Good,0
13210,Picketts Valley,11650,Central Coast (NSW),1,Good,Good,0
13211,Picnic Point,11570,Canterbury-Bankstown,1,Good,Good,0
13212,Picton (NSW),18400,Wollondilly,1,Good,Good,0
13213,Pigeonbah,17950,Warren,1,Good,Good,0
13214,Piggabeen,17550,Tweed,1,Good,Good,0
13215,Pikapene,11730,Clarence Valley,1,Good,Good,0
13216,Pillar Valley,11730,Clarence Valley,1,Good,Good,0
13217,Pilliga,12150,Coonamble,5.74E-05,Good,Good,1
13217,Pilliga,15750,Narrabri,0.7871131,Good,Good,0
13217,Pilliga,17900,Walgett,0.2128295,Good,Good,0
13218,Pilot Wilderness,17080,Snowy Valleys,1,Good,Good,0
13219,Pimlico (NSW),10250,Ballina,1,Good,Good,0
13220,Pimlico Island,10250,Ballina,1,Good,Good,0
13221,Pinbeyan,17080,Snowy Valleys,1,Good,Good,0
13222,Pindaroi,14220,Inverell,1,Good,Good,0
13223,Pindimar,15240,Mid-Coast,1,Good,Good,0
13224,Pine Camp,18200,Wentworth,1,Good,Good,0
13225,Pine Clump,17950,Warren,1,Good,Good,0
13226,Pine Grove (NSW),12150,Coonamble,1,Good,Good,0
13227,Pine Lodge (NSW),12730,Edward River,1,Good,Good,0
13228,Pine Ridge,14920,Liverpool Plains,1,Good,Good,0
13229,Pine Valley,17040,Snowy Monaro Regional,1,Good,Good,0
13230,Piney Range,18100,Weddin,1,Good,Good,0
13231,Pinkett,13010,Glen Innes Severn,1,Good,Good,0
13232,Pinnacle (NSW),18100,Weddin,1,Good,Good,0
13233,Pinnacle Swamp,15270,Mid-Western Regional,1,Good,Good,0
13234,Pinny Beach,14650,Lake Macquarie,1,Good,Good,0
13235,Piora,14550,Kyogle,0.3421018,Good,Good,0
13235,Piora,16610,Richmond Valley,0.6578982,Good,Good,0
13236,Pipeclay,16380,Port Macquarie-Hastings,1,Good,Good,0
13237,Pitnacree,15050,Maitland,1,Good,Good,0
13238,Pitt Town,13800,Hawkesbury,1,Good,Good,0
13239,Pitt Town Bottoms,13800,Hawkesbury,1,Good,Good,0
13240,Pleasant Hills,14950,Lockhart,1,Good,Good,0
13241,Pleasure Point,14900,Liverpool,1,Good,Good,0
13242,Plumpton (NSW),10750,Blacktown,1,Good,Good,0
13243,Point Clare,11650,Central Coast (NSW),1,Good,Good,0
13244,Point Frederick,11650,Central Coast (NSW),1,Good,Good,0
13245,Point Piper,18500,Woollahra,0.9999924,Acceptable,Good,0
13245,Point Piper,19399,Unincorporated NSW,7.60E-06,Acceptable,Good,1
13246,Point Wolstoncroft,11650,Central Coast (NSW),1,Good,Good,0
13247,Pointer Mountain,16950,Shoalhaven,1,Good,Good,0
13248,Pokolbin,11720,Cessnock,0.8820812,Good,Good,0
13248,Pokolbin,17000,Singleton,0.1179188,Good,Good,0
13249,Pola Creek,14350,Kempsey,1,Good,Good,0
13250,Polo Flat,17040,Snowy Monaro Regional,1,Good,Good,0
13251,Pomeroy,13310,Goulburn Mulwaree,0.8900242,Good,Good,0
13251,Pomeroy,17640,Upper Lachlan Shire,0.1099758,Good,Good,0
13252,Pomona (NSW),18200,Wentworth,1,Good,Good,0
13253,Ponto,12390,Dubbo Regional,1,Good,Good,0
13254,Pooncarie,18200,Wentworth,0.9999099,Good,Good,0
13254,Pooncarie,19399,Unincorporated NSW,9.01E-05,Acceptable,Good,1
13255,Port Botany,16550,Randwick,1,Good,Good,0
13256,Port Hacking,17150,Sutherland Shire,1,Good,Good,0
13257,Port Kembla,18450,Wollongong,1,Good,Good,0
13258,Port Macquarie,16380,Port Macquarie-Hastings,1,Good,Good,0
13259,Port Stephens,16400,Port Stephens,1,Good,Good,0
13260,Porters Creek,16950,Shoalhaven,1,Good,Good,0
13261,Porters Retreat,16100,Oberon,1,Good,Good,0
13262,Portland (NSW),14870,Lithgow,1,Good,Good,0
13263,Possum Brush,15240,Mid-Coast,1,Good,Good,0
13264,Possum Creek,11350,Byron,1,Good,Good,0
13265,Potato Point,12750,Eurobodalla,1,Good,Good,0
13266,Pottery Estate,14870,Lithgow,1,Good,Good,0
13267,Potts Hill,11570,Canterbury-Bankstown,1,Good,Good,0
13268,Potts Point,17200,Sydney,0.9999986,Good,Good,0
13268,Potts Point,19399,Unincorporated NSW,1.40E-06,Acceptable,Good,1
13269,Pottsville,17550,Tweed,1,Good,Good,0
13270,Prairiewood,12850,Fairfield,1,Good,Good,0
13271,Premer,13550,Gunnedah,0.085982,Good,Good,0
13271,Premer,14920,Liverpool Plains,0.8358454,Good,Good,0
13271,Premer,18020,Warrumbungle Shire,0.0781726,Good,Good,0
13272,Prestons,14900,Liverpool,1,Good,Good,0
13273,Pretty Beach (Central Coast - NSW),11650,Central Coast (NSW),1,Good,Good,0
13274,Pretty Beach (Shoalhaven - NSW),16950,Shoalhaven,1,Good,Good,0
13275,Pretty Pine,12730,Edward River,1,Good,Good,0
13276,Primbee,18450,Wollongong,1,Good,Good,0
13277,Primrose Valley,16490,Queanbeyan-Palerang Regional,1,Good,Good,0
13278,Prospect (NSW),10750,Blacktown,1,Good,Good,0
13279,Providence Portal,17040,Snowy Monaro Regional,1,Good,Good,0
13280,Pucawan,17350,Temora,1,Good,Good,0
13281,Puddledock,10180,Armidale Regional,1,Good,Good,0
13282,Pulganbar,11730,Clarence Valley,1,Good,Good,0
13283,Pullabooka,18100,Weddin,1,Good,Good,0
13284,Pulletop,17750,Wagga Wagga,1,Good,Good,0
13285,Pumpenbil,17550,Tweed,1,Good,Good,0
13286,Punchbowl (Canterbury-Bankstown - NSW),11570,Canterbury-Bankstown,1,Good,Good,0
13287,Punchbowl (Clarence Valley - NSW),11730,Clarence Valley,1,Good,Good,0
13288,Purfleet,15240,Mid-Coast,1,Good,Good,0
13289,Purlewaugh,18020,Warrumbungle Shire,1,Good,Good,0
13290,Putney,16700,Ryde,1,Good,Good,0
13291,Putta Bucca,15270,Mid-Western Regional,1,Good,Good,0
13292,Putty,13800,Hawkesbury,8.47E-05,Good,Good,1
13292,Putty,17000,Singleton,0.9999153,Good,Good,0
13293,Pyangle,15270,Mid-Western Regional,1,Good,Good,0
13294,Pymble,14500,Ku-ring-gai,1,Good,Good,0
13295,Pyramul,15270,Mid-Western Regional,1,Good,Good,0
13296,Pyree,16950,Shoalhaven,1,Good,Good,0
13297,Pyrmont,17200,Sydney,1,Good,Good,0
13298,Quaama,10550,Bega Valley,1,Good,Good,0
13299,Quakers Hill,10750,Blacktown,1,Good,Good,0
13300,Quambone,12150,Coonamble,1,Good,Good,0
13301,Quanda,12150,Coonamble,1,Good,Good,0
13302,Quandary,17350,Temora,1,Good,Good,0
13303,Quandialla,10800,Bland,0.0629872,Good,Good,0
13303,Quandialla,18100,Weddin,0.9370128,Good,Good,0
13304,Queanbeyan,16490,Queanbeyan-Palerang Regional,1,Good,Good,0
13305,Queanbeyan East,16490,Queanbeyan-Palerang Regional,1,Good,Good,0
13306,Queanbeyan West,16490,Queanbeyan-Palerang Regional,1,Good,Good,0
13307,Queens Park (NSW),18050,Waverley,1,Good,Good,0
13308,Queens Pinch,15270,Mid-Western Regional,1,Good,Good,0
13309,Queenscliff (NSW),15990,Northern Beaches,1,Good,Good,0
13310,Quialigo,13310,Goulburn Mulwaree,1,Good,Good,0
13311,Quidong,17040,Snowy Monaro Regional,1,Good,Good,0
13312,Quiera,16950,Shoalhaven,1,Good,Good,0
13313,Quipolly,14920,Liverpool Plains,1,Good,Good,0
13314,Quirindi,14920,Liverpool Plains,1,Good,Good,0
13315,Quorrobolong,11720,Cessnock,1,Good,Good,0
13316,Raby,11500,Campbelltown (NSW),1,Good,Good,0
13317,Raglan (NSW),10470,Bathurst Regional,1,Good,Good,0
13318,Rainbow Flat,15240,Mid-Coast,1,Good,Good,0
13319,Rainbow Reach,14350,Kempsey,1,Good,Good,0
13320,Raleigh,10600,Bellingen,1,Good,Good,0
13321,Ramornie,11730,Clarence Valley,1,Good,Good,0
13322,Ramsgate,10500,Bayside (NSW),0.9695531,Good,Good,0
13322,Ramsgate,12930,Georges River,0.0304469,Acceptable,Good,0
13323,Ramsgate Beach,10500,Bayside (NSW),1,Good,Good,0
13324,Rand,12870,Federation,0.7301529,Good,Good,0
13324,Rand,13340,Greater Hume Shire,0.2697943,Good,Good,0
13324,Rand,14950,Lockhart,5.29E-05,Good,Good,1
13325,Randwick,16550,Randwick,1,Good,Good,0
13326,Rangari,13550,Gunnedah,1,Good,Good,0
13327,Rangers Valley,13010,Glen Innes Severn,1,Good,Good,0
13328,Rankin Park,14650,Lake Macquarie,0.4650673,Good,Good,0
13328,Rankin Park,15900,Newcastle,0.5349327,Good,Good,0
13329,Rankins Springs,10800,Bland,0.1358719,Good,Good,0
13329,Rankins Springs,11600,Carrathool,0.8641281,Good,Good,0
13330,Rannock,12000,Coolamon,1,Good,Good,0
13331,Rappville,16610,Richmond Valley,1,Good,Good,0
13332,Rathmines,14650,Lake Macquarie,1,Good,Good,0
13333,Ravensdale,11650,Central Coast (NSW),1,Good,Good,0
13334,Ravenswood (NSW),17950,Warren,1,Good,Good,0
13335,Ravensworth (NSW),17000,Singleton,1,Good,Good,0
13336,Rawdon Island,16380,Port Macquarie-Hastings,1,Good,Good,0
13337,Rawdon Vale,15240,Mid-Coast,1,Good,Good,0
13338,Raworth,15050,Maitland,1,Good,Good,0
13339,Rawsonville,12390,Dubbo Regional,1,Good,Good,0
13340,Raymond Terrace,16400,Port Stephens,1,Good,Good,0
13341,Razorback,18400,Wollondilly,1,Good,Good,0
13342,Red Head,15240,Mid-Coast,1,Good,Good,0
13343,Red Hill (Snowy Valleys - NSW),17080,Snowy Valleys,1,Good,Good,0
13344,Red Hill (Tamworth Regional - NSW),17310,Tamworth Regional,1,Good,Good,0
13345,Red Hill (Warren - NSW),17950,Warren,1,Good,Good,0
13346,Red Range,13010,Glen Innes Severn,1,Good,Good,0
13347,Red Rock,11800,Coffs Harbour,1,Good,Good,0
13348,Red Rocks,16950,Shoalhaven,1,Good,Good,0
13349,Redbank (NSW),16380,Port Macquarie-Hastings,1,Good,Good,0
13350,Redbournberry,17000,Singleton,1,Good,Good,0
13351,Reddestone,13010,Glen Innes Severn,1,Good,Good,0
13352,Redfern,17200,Sydney,1,Good,Good,0
13353,Redhead,14650,Lake Macquarie,1,Good,Good,0
13354,Redlands,12870,Federation,1,Good,Good,0
13355,Reedy Creek (NSW),17000,Singleton,1,Good,Good,0
13356,Reedy Swamp,10550,Bega Valley,1,Good,Good,0
13357,Reefton (NSW),17350,Temora,1,Good,Good,0
13358,Regents Park (NSW),11570,Canterbury-Bankstown,0.1550331,Good,Good,0
13358,Regents Park (NSW),12380,Cumberland,0.8449669,Good,Good,0
13359,Regentville,16350,Penrith,1,Good,Good,0
13360,Reids Flat,13910,Hilltops,1,Good,Good,0
13361,Reidsdale,16490,Queanbeyan-Palerang Regional,1,Good,Good,0
13362,Rennie,12870,Federation,1,Good,Good,0
13363,Reno,12160,Cootamundra-Gundagai Regional,1,Good,Good,0
13364,Renwick,18350,Wingecarribee,1,Good,Good,0
13365,Repentance Creek,14850,Lismore,1,Good,Good,0
13366,Repton,10600,Bellingen,1,Good,Good,0
13367,Reserve Creek,17550,Tweed,1,Good,Good,0
13368,Retreat (NSW),17310,Tamworth Regional,1,Good,Good,0
13369,Revesby,11570,Canterbury-Bankstown,1,Good,Good,0
13370,Revesby Heights,11570,Canterbury-Bankstown,1,Good,Good,0
13371,Rhine Falls,17040,Snowy Monaro Regional,1,Good,Good,0
13372,Rhodes,11520,Canada Bay,1,Good,Good,0
13373,Richards,10750,Blacktown,1,Good,Good,0
13374,Richlands (NSW),17640,Upper Lachlan Shire,1,Good,Good,0
13375,Richmond (NSW),13800,Hawkesbury,1,Good,Good,0
13376,Richmond Hill (NSW),14850,Lismore,1,Good,Good,0
13377,Richmond Lowlands,13800,Hawkesbury,1,Good,Good,0
13378,Richmond Vale,11720,Cessnock,1,Good,Good,0
13379,Rileys Hill,16610,Richmond Valley,1,Good,Good,0
13380,Ringwood (NSW),12870,Federation,1,Good,Good,0
13381,Riverlea,15270,Mid-Western Regional,1,Good,Good,0
13382,Riverside (NSW),16380,Port Macquarie-Hastings,1,Good,Good,0
13383,Riverstone,10750,Blacktown,1,Good,Good,0
13384,Rivertree,17400,Tenterfield,1,Good,Good,0
13385,Riverview (NSW),14700,Lane Cove,1,Good,Good,0
13386,Riverwood,11570,Canterbury-Bankstown,0.5380655,Good,Good,0
13386,Riverwood,12930,Georges River,0.4619345,Acceptable,Good,0
13387,Rixs Creek,17000,Singleton,1,Good,Good,0
13388,Rob Roy,14220,Inverell,1,Good,Good,0
13389,Robertson (NSW),18350,Wingecarribee,1,Good,Good,0
13390,Robin Hill,10470,Bathurst Regional,1,Good,Good,0
13391,Rock Flat,17040,Snowy Monaro Regional,1,Good,Good,0
13392,Rock Forest,10470,Bathurst Regional,1,Good,Good,0
13393,Rock Valley,14850,Lismore,1,Good,Good,0
13394,Rockdale,10500,Bayside (NSW),1,Good,Good,0
13395,Rockley,10470,Bathurst Regional,0.9999429,Good,Good,0
13395,Rockley,16100,Oberon,5.71E-05,Good,Good,1
13396,Rockley Mount,10470,Bathurst Regional,1,Good,Good,0
13397,Rockton,17040,Snowy Monaro Regional,1,Good,Good,0
13398,Rocky Creek (Gwydir - NSW),13660,Gwydir,0.8393927,Good,Good,0
13398,Rocky Creek (Gwydir - NSW),15300,Moree Plains,0.1606073,Good,Good,0
13399,Rocky Creek (Inverell - NSW),14220,Inverell,1,Good,Good,0
13400,Rocky Glen,18020,Warrumbungle Shire,1,Good,Good,0
13401,Rocky Hall,10550,Bega Valley,1,Good,Good,0
13402,Rocky Plain (NSW),17040,Snowy Monaro Regional,1,Good,Good,0
13403,Rocky Point (NSW),11650,Central Coast (NSW),1,Good,Good,0
13404,Rocky River (Tenterfield - NSW),17400,Tenterfield,1,Good,Good,0
13405,Rocky River (Uralla - NSW),17650,Uralla,1,Good,Good,0
13406,Rodd Point,11520,Canada Bay,1,Good,Good,0
13407,Rollands Plains,16380,Port Macquarie-Hastings,1,Good,Good,0
13408,Rookhurst,15240,Mid-Coast,1,Good,Good,0
13409,Rookwood (NSW),12380,Cumberland,1,Good,Good,0
13410,Rooty Hill,10750,Blacktown,1,Good,Good,0
13411,Ropes Crossing,10750,Blacktown,1,Good,Good,0
13412,Rose Bay (NSW),18050,Waverley,0.4101639,Good,Good,0
13412,Rose Bay (NSW),18500,Woollahra,0.5898361,Acceptable,Good,0
13413,Rose Valley (Kiama - NSW),14400,Kiama,1,Good,Good,0
13414,Rose Valley (Snowy Monaro Regional - NSW),17040,Snowy Monaro Regional,1,Good,Good,0
13415,Rosebank,14850,Lismore,1,Good,Good,0
13416,Roseberg,12350,Cowra,1,Good,Good,0
13417,Roseberry,14550,Kyogle,1,Good,Good,0
13418,Roseberry Creek,14550,Kyogle,1,Good,Good,0
13419,Rosebery (NSW),10500,Bayside (NSW),0.1931778,Good,Good,0
13419,Rosebery (NSW),17200,Sydney,0.8068222,Good,Good,0
13420,Rosebrook (NSW),15050,Maitland,1,Good,Good,0
13421,Rosedale (NSW),12750,Eurobodalla,1,Good,Good,0
13422,Rosehill (NSW),16260,Parramatta,1,Acceptable,Good,0
13423,Roselands,11570,Canterbury-Bankstown,1,Good,Good,0
13424,Rosemeadow,11500,Campbelltown (NSW),1,Good,Good,0
13425,Rosemeath,17040,Snowy Monaro Regional,1,Good,Good,0
13426,Roseville,14500,Ku-ring-gai,0.7759533,Good,Good,0
13426,Roseville,18250,Willoughby,0.2240467,Good,Good,0
13427,Roseville Chase,14500,Ku-ring-gai,1,Good,Good,0
13428,Rosewood (Port Macquarie-Hastings - NSW),16380,Port Macquarie-Hastings,1,Good,Good,0
13429,Rosewood (Snowy Valleys - NSW),13340,Greater Hume Shire,0.0461256,Good,Good,0
13429,Rosewood (Snowy Valleys - NSW),17080,Snowy Valleys,0.9538744,Good,Good,0
13430,Roslyn,17640,Upper Lachlan Shire,1,Good,Good,0
13431,Rossglen,16380,Port Macquarie-Hastings,1,Good,Good,0
13432,Rossgole,15650,Muswellbrook,0.0016584,Good,Good,1
13432,Rossgole,17620,Upper Hunter Shire,0.9983416,Good,Good,0
13433,Rossi,16490,Queanbeyan-Palerang Regional,1,Good,Good,0
13434,Rossmore (NSW),11450,Camden,0.2385241,Good,Good,0
13434,Rossmore (NSW),14900,Liverpool,0.7614759,Good,Good,0
13435,Rothbury,11720,Cessnock,1,Good,Good,0
13436,Roto,11600,Carrathool,1,Good,Good,0
13437,Rouchel,17620,Upper Hunter Shire,1,Good,Good,0
13438,Rouchel Brook,15650,Muswellbrook,0.0004757,Good,Good,1
13438,Rouchel Brook,17620,Upper Hunter Shire,0.9995243,Good,Good,0
13439,Roughit,17000,Singleton,1,Good,Good,0
13440,Round Mountain,17550,Tweed,1,Good,Good,0
13441,Round Swamp,14870,Lithgow,1,Good,Good,0
13442,Rous,10250,Ballina,1,Good,Good,0
13443,Rous Mill,10250,Ballina,1,Good,Good,0
13444,Rouse Hill,10750,Blacktown,0.243581,Good,Good,0
13444,Rouse Hill,17420,The Hills Shire,0.756419,Good,Good,0
13445,Rowan,17750,Wagga Wagga,1,Good,Good,0
13446,Rowena,15300,Moree Plains,0.111769,Good,Good,0
13446,Rowena,17900,Walgett,0.888231,Good,Good,0
13447,Rowlands Creek,17550,Tweed,1,Good,Good,0
13448,Royal National Park,17150,Sutherland Shire,1,Good,Good,0
13449,Royalla,16490,Queanbeyan-Palerang Regional,1,Good,Good,0
13450,Rozelle,14170,Inner West,1,Good,Good,0
13451,Ruby Creek,17400,Tenterfield,1,Good,Good,0
13452,Rufus,18200,Wentworth,1,Good,Good,0
13453,Rugby,13910,Hilltops,1,Good,Good,0
13454,Rukenvale,14550,Kyogle,1,Good,Good,0
13455,Run-o-Waters,13310,Goulburn Mulwaree,1,Good,Good,0
13456,Running Stream,14870,Lithgow,8.06E-05,Good,Good,1
13456,Running Stream,15270,Mid-Western Regional,0.9999194,Good,Good,0
13457,Runnyford,12750,Eurobodalla,1,Good,Good,0
13458,Ruse,11500,Campbelltown (NSW),1,Good,Good,0
13459,Rushcutters Bay,17200,Sydney,1,Good,Good,0
13460,Rushes Creek,17310,Tamworth Regional,1,Good,Good,0
13461,Rushforth,11730,Clarence Valley,1,Good,Good,0
13462,Russell Lea,11520,Canada Bay,1,Good,Good,0
13463,Russell Vale,18450,Wollongong,1,Good,Good,0
13464,Rutherford,15050,Maitland,1,Good,Good,0
13465,Ruthven,14850,Lismore,1,Good,Good,0
13466,Ryan (NSW),14950,Lockhart,1,Good,Good,0
13467,Rydal,14870,Lithgow,1,Good,Good,0
13468,Rydalmere,16260,Parramatta,1,Acceptable,Good,0
13469,Ryde,16700,Ryde,1,Good,Good,0
13470,Rye Park,13910,Hilltops,1,Good,Good,0
13471,Ryhope,14650,Lake Macquarie,1,Good,Good,0
13472,Rylstone,15270,Mid-Western Regional,1,Good,Good,0
13473,Sackville,13800,Hawkesbury,1,Good,Good,0
13474,Sackville North,17420,The Hills Shire,1,Good,Good,0
13475,Saddleback Mountain,14400,Kiama,1,Good,Good,0
13476,Sadleir,14900,Liverpool,1,Good,Good,0
13477,Safety Beach (NSW),11800,Coffs Harbour,1,Good,Good,0
13478,Salamander Bay,16400,Port Stephens,1,Good,Good,0
13479,Salisbury (NSW),12700,Dungog,1,Good,Good,0
13480,Salisbury Plains,17650,Uralla,1,Good,Good,0
13481,Sallys Flat,10470,Bathurst Regional,1,Good,Good,0
13482,Salt Ash,16400,Port Stephens,1,Good,Good,0
13483,Saltwater,15240,Mid-Coast,1,Good,Good,0
13484,San Isidore,17750,Wagga Wagga,1,Good,Good,0
13485,San Remo (NSW),11650,Central Coast (NSW),1,Good,Good,0
13486,Sancrox,16380,Port Macquarie-Hastings,1,Good,Good,0
13487,Sanctuary Point,16950,Shoalhaven,1,Good,Good,0
13488,Sandbar,15240,Mid-Coast,1,Good,Good,0
13489,Sandgate (NSW),15900,Newcastle,1,Good,Good,0
13490,Sandigo,15800,Narrandera,1,Good,Good,0
13491,Sandilands (NSW),14550,Kyogle,1,Good,Good,0
13492,Sandon (NSW),11730,Clarence Valley,1,Good,Good,0
13493,Sandringham (NSW),10500,Bayside (NSW),1,Good,Good,0
13494,Sandy Beach,11800,Coffs Harbour,1,Good,Good,0
13495,Sandy Creek (Cobar - NSW),11750,Cobar,1,Good,Good,0
13496,Sandy Creek (Upper Hunter Shire - NSW),17620,Upper Hunter Shire,1,Good,Good,0
13497,Sandy Crossing,11730,Clarence Valley,1,Good,Good,0
13498,Sandy Flat,17400,Tenterfield,1,Good,Good,0
13499,Sandy Gully (NSW),17080,Snowy Valleys,1,Good,Good,0
13500,Sandy Hill,17400,Tenterfield,1,Good,Good,0
13501,Sandy Hollow,15650,Muswellbrook,1,Good,Good,0
13502,Sandy Point (NSW),17150,Sutherland Shire,1,Good,Good,0
13503,Sanger,12870,Federation,1,Good,Good,0
13504,Sans Souci,10500,Bayside (NSW),0.7457316,Good,Good,0
13504,Sans Souci,12930,Georges River,0.2542684,Acceptable,Good,0
13505,Sapphire,14220,Inverell,1,Good,Good,0
13506,Sapphire Beach,11800,Coffs Harbour,1,Good,Good,0
13507,Saratoga,11650,Central Coast (NSW),1,Good,Good,0
13508,Sassafras (NSW),16950,Shoalhaven,1,Good,Good,0
13509,Saumarez,17650,Uralla,1,Good,Good,0
13510,Saumarez Ponds,17650,Uralla,1,Good,Good,0
13511,Savernake,10650,Berrigan,0.3228562,Good,Good,0
13511,Savernake,12870,Federation,0.6771438,Good,Good,0
13512,Sawpit Creek,14550,Kyogle,1,Good,Good,0
13513,Sawtell,11800,Coffs Harbour,1,Good,Good,0
13514,Sawyers Gully,11720,Cessnock,1,Good,Good,0
13515,Scarborough (NSW),18450,Wollongong,1,Good,Good,0
13516,Scheyville,13800,Hawkesbury,1,Good,Good,0
13517,Schofields,10750,Blacktown,1,Good,Good,0
13518,Scone,17620,Upper Hunter Shire,1,Good,Good,0
13519,Scotia,18200,Wentworth,0.2301829,Good,Good,0
13519,Scotia,19399,Unincorporated NSW,0.7698171,Acceptable,Good,0
13520,Scotland Island,15990,Northern Beaches,1,Good,Good,0
13521,Scotts Creek (NSW),17620,Upper Hunter Shire,1,Good,Good,0
13522,Scotts Flat,17000,Singleton,1,Good,Good,0
13523,Scotts Head,15700,Nambucca Valley,1,Good,Good,0
13524,Seaforth (NSW),15990,Northern Beaches,1,Good,Good,0
13525,Seaham,16400,Port Stephens,1,Good,Good,0
13526,Seahampton,14650,Lake Macquarie,1,Good,Good,0
13527,Seal Rocks,15240,Mid-Coast,1,Good,Good,0
13528,Sebastopol (NSW),17350,Temora,1,Good,Good,0
13529,Sedgefield,17000,Singleton,1,Good,Good,0
13530,Seelands,11730,Clarence Valley,1,Good,Good,0
13531,Sefton,11570,Canterbury-Bankstown,1,Good,Good,0
13532,Segenhoe,17620,Upper Hunter Shire,1,Good,Good,0
13533,Seven Hills (NSW),10750,Blacktown,0.9999975,Good,Good,0
13533,Seven Hills (NSW),16260,Parramatta,2.50E-06,Acceptable,Good,1
13534,Seven Oaks,14350,Kempsey,1,Good,Good,0
13535,Sextonville,14550,Kyogle,1,Good,Good,0
13536,Shadforth (NSW),16150,Orange,1,Good,Good,0
13537,Shallow Bay,15240,Mid-Coast,1,Good,Good,0
13538,Shalvey,10750,Blacktown,1,Good,Good,0
13539,Shanes Park,10750,Blacktown,1,Good,Good,0
13540,Shannon Brook,16610,Richmond Valley,1,Good,Good,0
13541,Shannon Vale,13010,Glen Innes Severn,1,Good,Good,0
13542,Shannondale,11730,Clarence Valley,1,Good,Good,0
13543,Shannons Flat,17040,Snowy Monaro Regional,1,Good,Good,0
13544,Shark Creek,11730,Clarence Valley,1,Good,Good,0
13545,Sharps Creek,17080,Snowy Valleys,1,Good,Good,0
13546,Sheedys Gully,14870,Lithgow,1,Good,Good,0
13547,Shell Cove,16900,Shellharbour,1,Good,Good,0
13548,Shellharbour,16900,Shellharbour,1,Good,Good,0
13549,Shellharbour City Centre,16900,Shellharbour,1,Good,Good,0
13550,Shelly Beach (NSW),11650,Central Coast (NSW),1,Good,Good,0
13551,Sherwood (Clarence Valley - NSW),11730,Clarence Valley,0.9997061,Good,Good,0
13551,Sherwood (Clarence Valley - NSW),11800,Coffs Harbour,0.0002939,Good,Good,1
13552,Sherwood (Kempsey - NSW),14350,Kempsey,1,Good,Good,0
13553,Sherwood (Kyogle - NSW),14550,Kyogle,1,Good,Good,0
13554,Shoal Bay (NSW),16400,Port Stephens,1,Good,Good,0
13555,Shoalhaven Heads,16950,Shoalhaven,1,Good,Good,0
13556,Shooters Hill,16100,Oberon,1,Good,Good,0
13557,Shortland,15900,Newcastle,1,Good,Good,0
13558,Silent Grove,17400,Tenterfield,1,Good,Good,0
13559,Silverdale (NSW),14900,Liverpool,0.0033058,Good,Good,1
13559,Silverdale (NSW),18400,Wollondilly,0.9966942,Good,Good,0
13560,Silverton (NSW),19399,Unincorporated NSW,1,Acceptable,Good,0
13561,Silverwater (Lake Macquarie - NSW),14650,Lake Macquarie,1,Good,Good,0
13562,Silverwater (Parramatta - NSW),16260,Parramatta,1,Acceptable,Good,0
13563,Simpkins Creek,14550,Kyogle,1,Good,Good,0
13564,Singleton (NSW),17000,Singleton,1,Good,Good,0
13565,Singleton Heights,17000,Singleton,1,Good,Good,0
13566,Singleton Military Area,17000,Singleton,1,Good,Good,0
13567,Singletons Mill,14000,Hornsby,1,Acceptable,Good,0
13568,Six Mile Swamp,16610,Richmond Valley,1,Good,Good,0
13569,Skennars Head,10250,Ballina,1,Good,Good,0
13570,Skillion Flat,14350,Kempsey,1,Good,Good,0
13571,Skinners Shoot,11350,Byron,1,Good,Good,0
13572,Sleepy Hollow,17550,Tweed,1,Good,Good,0
13573,Smeaton Grange,11450,Camden,1,Good,Good,0
13574,Smiggin Holes,17040,Snowy Monaro Regional,1,Good,Good,0
13575,Smithfield (NSW),12380,Cumberland,0.0006378,Good,Good,1
13575,Smithfield (NSW),12850,Fairfield,0.9993622,Good,Good,0
13576,Smiths Creek (Clarence Valley - NSW),11730,Clarence Valley,1,Good,Good,0
13577,Smiths Creek (Kyogle - NSW),14550,Kyogle,1,Good,Good,0
13578,Smiths Creek (Tweed - NSW),17550,Tweed,1,Good,Good,0
13579,Smiths Lake,15240,Mid-Coast,1,Good,Good,0
13580,Smithtown,14350,Kempsey,1,Good,Good,0
13581,Snakes Plain,17950,Warren,1,Good,Good,0
13582,Snowball,16490,Queanbeyan-Palerang Regional,1,Good,Good,0
13583,Snowy Plain,17040,Snowy Monaro Regional,1,Good,Good,0
13584,Sodwalls,14870,Lithgow,1,Good,Good,0
13585,Sofala,10470,Bathurst Regional,0.7788563,Good,Good,0
13585,Sofala,15270,Mid-Western Regional,0.2211437,Good,Good,0
13586,Soldiers Point,16400,Port Stephens,1,Good,Good,0
13587,Somersby,11650,Central Coast (NSW),1,Good,Good,0
13588,Somerton (NSW),17310,Tamworth Regional,1,Good,Good,0
13589,South Albury,10050,Albury,1,Good,Good,0
13590,South Arm (Clarence Valley - NSW),11730,Clarence Valley,1,Good,Good,0
13591,South Arm (Nambucca Valley - NSW),15700,Nambucca Valley,1,Good,Good,0
13592,South Ballina,10250,Ballina,1,Good,Good,0
13593,South Bathurst,10470,Bathurst Regional,1,Good,Good,0
13594,South Bowenfels,14870,Lithgow,1,Good,Good,0
13595,South Coogee,16550,Randwick,1,Good,Good,0
13596,South Durras,12750,Eurobodalla,1,Good,Good,0
13597,South Golden Beach,11350,Byron,1,Good,Good,0
13598,South Grafton,11730,Clarence Valley,1,Good,Good,0
13599,South Granville,12380,Cumberland,1,Good,Good,0
13600,South Gundagai,12160,Cootamundra-Gundagai Regional,1,Good,Good,0
13601,South Gundurimba,14850,Lismore,1,Good,Good,0
13602,South Guyra,10180,Armidale Regional,1,Good,Good,0
13603,South Hurstville,12930,Georges River,1,Acceptable,Good,0
13604,South Kempsey,14350,Kempsey,1,Good,Good,0
13605,South Lismore,14850,Lismore,1,Good,Good,0
13606,South Littleton,14870,Lithgow,1,Good,Good,0
13607,South Maitland,15050,Maitland,1,Good,Good,0
13608,South Maroota,17420,The Hills Shire,1,Good,Good,0
13609,South Murwillumbah,17550,Tweed,1,Good,Good,0
13610,South Nowra,16950,Shoalhaven,1,Good,Good,0
13611,South Pambula,10550,Bega Valley,1,Good,Good,0
13612,South Penrith,16350,Penrith,1,Good,Good,0
13613,South Tamworth,17310,Tamworth Regional,1,Good,Good,0
13614,South Turramurra,14500,Ku-ring-gai,1,Good,Good,0
13615,South Wentworthville,12380,Cumberland,1,Good,Good,0
13616,South West Rocks,14350,Kempsey,1,Good,Good,0
13617,South Windsor,13800,Hawkesbury,1,Good,Good,0
13618,South Wolumla,10550,Bega Valley,1,Good,Good,0
13619,Southampton (NSW),11730,Clarence Valley,1,Good,Good,0
13620,Southgate,11730,Clarence Valley,1,Good,Good,0
13621,Speers Point,14650,Lake Macquarie,1,Good,Good,0
13622,Speewa,15520,Murray River,1,Good,Good,0
13623,Spencer,11650,Central Coast (NSW),1,Good,Good,0
13624,Spicers Creek,12390,Dubbo Regional,1,Good,Good,0
13625,Spicketts Creek,10600,Bellingen,0.8142541,Good,Good,0
13625,Spicketts Creek,15700,Nambucca Valley,0.1857459,Good,Good,0
13626,Splitters Creek,10050,Albury,1,Good,Good,0
13627,Spring Creek (NSW),16150,Orange,1,Good,Good,0
13628,Spring Farm (NSW),11450,Camden,1,Good,Good,0
13629,Spring Flat,15270,Mid-Western Regional,1,Good,Good,0
13630,Spring Grove,14850,Lismore,0.0302041,Good,Good,0
13630,Spring Grove,16610,Richmond Valley,0.9697959,Good,Good,0
13631,Spring Hill (Orange - NSW),11400,Cabonne,0.2873425,Good,Good,0
13631,Spring Hill (Orange - NSW),16150,Orange,0.7126575,Good,Good,0
13632,Spring Hill (Wollongong - NSW),18450,Wollongong,1,Good,Good,0
13633,Spring Mountain (NSW),14220,Inverell,1,Good,Good,0
13634,Spring Plains,15750,Narrabri,1,Good,Good,0
13635,Spring Ridge,13550,Gunnedah,0.0981627,Good,Good,0
13635,Spring Ridge,14920,Liverpool Plains,0.9018373,Good,Good,0
13636,Spring Terrace,11400,Cabonne,0.7950504,Good,Good,0
13636,Spring Terrace,16150,Orange,0.2049496,Good,Good,0
13637,Springdale (NSW),17350,Temora,1,Good,Good,0
13638,Springdale Heights,10050,Albury,1,Good,Good,0
13639,Springfield (Central Coast - NSW),11650,Central Coast (NSW),1,Good,Good,0
13640,Springfield (Snowy Monaro Regional - NSW),17040,Snowy Monaro Regional,1,Good,Good,0
13641,Springrange,18710,Yass Valley,1,Good,Good,0
13642,Springside (NSW),11400,Cabonne,0.2947097,Good,Good,0
13642,Springside (NSW),16150,Orange,0.7052903,Good,Good,0
13643,Springvale (NSW),17750,Wagga Wagga,1,Good,Good,0
13644,Springwood (NSW),10900,Blue Mountains,1,Good,Good,0
13645,St Albans (NSW),13800,Hawkesbury,1,Good,Good,0
13646,St Andrews (NSW),11500,Campbelltown (NSW),1,Good,Good,0
13647,St Clair (Penrith - NSW),16350,Penrith,1,Good,Good,0
13648,St Clair (Singleton - NSW),17000,Singleton,1,Good,Good,0
13649,St Fillans,15270,Mid-Western Regional,1,Good,Good,0
13650,St George (NSW),16950,Shoalhaven,1,Good,Good,0
13651,St Georges Basin,16950,Shoalhaven,1,Good,Good,0
13652,St Helens Park,11500,Campbelltown (NSW),1,Good,Good,0
13653,St Huberts Island,11650,Central Coast (NSW),1,Good,Good,0
13654,St Ives (NSW),14500,Ku-ring-gai,1,Good,Good,0
13655,St Ives Chase,14500,Ku-ring-gai,1,Good,Good,0
13656,St Johns Park,12850,Fairfield,1,Good,Good,0
13657,St Leonards (NSW),14700,Lane Cove,0.3649933,Good,Good,0
13657,St Leonards (NSW),15950,North Sydney,0.3418742,Good,Good,0
13657,St Leonards (NSW),18250,Willoughby,0.2931325,Good,Good,0
13658,St Marys (NSW),16350,Penrith,1,Good,Good,0
13659,St Peters (NSW),14170,Inner West,0.9958725,Good,Good,0
13659,St Peters (NSW),17200,Sydney,0.0041275,Good,Good,1
13660,Stanborough,14220,Inverell,1,Good,Good,0
13661,Stanbridge,14750,Leeton,1,Good,Good,0
13662,Stanford Merthyr,11720,Cessnock,1,Good,Good,0
13663,Stanhope (NSW),17000,Singleton,1,Good,Good,0
13664,Stanhope Gardens,10750,Blacktown,1,Good,Good,0
13665,Stanmore (NSW),14170,Inner West,1,Good,Good,0
13666,Stannifer,14220,Inverell,1,Good,Good,0
13667,Stannum,13010,Glen Innes Severn,0.0001817,Good,Good,1
13667,Stannum,17400,Tenterfield,0.9998183,Good,Good,0
13668,Stanwell Park,18450,Wollongong,1,Good,Good,0
13669,Stanwell Tops,18450,Wollongong,1,Good,Good,0
13670,State Mine Gully,14870,Lithgow,1,Good,Good,0
13671,Steam Plains,12730,Edward River,0.5,Good,Good,0
13671,Steam Plains,15560,Murrumbidgee,0.5,Good,Good,0
13672,Steeple Flat,10550,Bega Valley,0.0011971,Good,Good,1
13672,Steeple Flat,17040,Snowy Monaro Regional,0.9988029,Good,Good,0
13673,Stewarts Brook,17620,Upper Hunter Shire,1,Good,Good,0
13674,Stewarts River,15240,Mid-Coast,1,Good,Good,0
13675,Stockinbingal,12160,Cootamundra-Gundagai Regional,0.9572499,Good,Good,0
13675,Stockinbingal,17350,Temora,0.0427501,Good,Good,0
13676,Stockrington,11720,Cessnock,1,Good,Good,0
13677,Stockton (NSW),15900,Newcastle,1,Good,Good,0
13678,Stockyard Creek (NSW),11730,Clarence Valley,1,Good,Good,0
13679,Stokers Siding,17550,Tweed,1,Good,Good,0
13680,Stonehenge (NSW),13010,Glen Innes Severn,1,Good,Good,0
13681,Stonequarry,17640,Upper Lachlan Shire,1,Good,Good,0
13682,Stony Chute,14550,Kyogle,0.1076378,Good,Good,0
13682,Stony Chute,14850,Lismore,0.8923622,Good,Good,0
13683,Stony Creek (Bega Valley - NSW),10550,Bega Valley,1,Good,Good,0
13684,Stony Creek (Mid-Western Regional - NSW),15270,Mid-Western Regional,1,Good,Good,0
13685,Stony Crossing,15520,Murray River,1,Good,Good,0
13686,Stotts Creek,17550,Tweed,1,Good,Good,0
13687,Stratford (NSW),15240,Mid-Coast,1,Good,Good,0
13688,Strathcedar,15240,Mid-Coast,1,Good,Good,0
13689,Stratheden,16610,Richmond Valley,1,Good,Good,0
13690,Strathfield (NSW),11300,Burwood,0.210086,Acceptable,Good,0
13690,Strathfield (NSW),11520,Canada Bay,0.0950221,Good,Good,0
13690,Strathfield (NSW),17100,Strathfield,0.6948919,Acceptable,Good,0
13691,Strathfield South,17100,Strathfield,1,Acceptable,Good,0
13692,Stroud,15240,Mid-Coast,1,Good,Good,0
13693,Stroud Hill,12700,Dungog,1,Good,Good,0
13694,Stroud Road,15240,Mid-Coast,1,Good,Good,0
13695,Stuart Town,12390,Dubbo Regional,1,Good,Good,0
13696,Stuarts Point,14350,Kempsey,1,Good,Good,0
13697,Stubbo,15270,Mid-Western Regional,1,Good,Good,0
13698,Stud Park,12730,Edward River,1,Good,Good,0
13699,Suffolk Park,11350,Byron,1,Good,Good,0
13700,Sugarloaf (NSW),12700,Dungog,1,Good,Good,0
13701,Summer Hill (Dungog - NSW),12700,Dungog,1,Good,Good,0
13702,Summer Hill (Inner West - NSW),14170,Inner West,1,Good,Good,0
13703,Summer Hill Creek,11400,Cabonne,1,Good,Good,0
13704,Summer Island,14350,Kempsey,1,Good,Good,0
13705,Summerland Point,11650,Central Coast (NSW),1,Good,Good,0
13706,Sun Valley (NSW),10900,Blue Mountains,1,Good,Good,0
13707,Sunny Corner,10470,Bathurst Regional,0.8979509,Good,Good,0
13707,Sunny Corner,14870,Lithgow,0.1020491,Good,Good,0
13708,Sunset Strip (NSW),11700,Central Darling,1,Good,Good,0
13709,Sunshine (NSW),14650,Lake Macquarie,1,Good,Good,0
13710,Sunshine Bay,12750,Eurobodalla,1,Good,Good,0
13711,Suntop,12390,Dubbo Regional,1,Good,Good,0
13712,Surf Beach (NSW),12750,Eurobodalla,1,Good,Good,0
13713,Surfside,12750,Eurobodalla,1,Good,Good,0
13714,Surry Hills,17200,Sydney,1,Good,Good,0
13715,Sussex Inlet,16950,Shoalhaven,1,Good,Good,0
13716,Sutherland (NSW),17150,Sutherland Shire,1,Good,Good,0
13717,Sutton (NSW),16490,Queanbeyan-Palerang Regional,0.5408608,Good,Good,0
13717,Sutton (NSW),18710,Yass Valley,0.4591392,Good,Good,0
13718,Sutton Forest,18350,Wingecarribee,1,Good,Good,0
13719,Swan Bay (Port Stephens - NSW),16400,Port Stephens,1,Good,Good,0
13720,Swan Bay (Richmond Valley - NSW),16610,Richmond Valley,1,Good,Good,0
13721,Swan Creek (NSW),11730,Clarence Valley,1,Good,Good,0
13722,Swan Vale,14220,Inverell,1,Good,Good,0
13723,Swanbrook,14220,Inverell,1,Good,Good,0
13724,Swanhaven,16950,Shoalhaven,1,Good,Good,0
13725,Swans Crossing,16380,Port Macquarie-Hastings,1,Good,Good,0
13726,Swansea (NSW),14650,Lake Macquarie,1,Good,Good,0
13727,Swansea Heads,14650,Lake Macquarie,1,Good,Good,0
13728,Sweetmans Creek,11720,Cessnock,1,Good,Good,0
13729,Sydenham (NSW),14170,Inner West,1,Good,Good,0
13730,Sydney,17200,Sydney,1,Good,Good,0
13731,Sydney Olympic Park,11520,Canada Bay,6.20E-06,Good,Good,1
13731,Sydney Olympic Park,16260,Parramatta,0.9999938,Acceptable,Good,0
13732,Sylvania,17150,Sutherland Shire,1,Good,Good,0
13733,Sylvania Waters,17150,Sutherland Shire,1,Good,Good,0
13734,Tabbil Creek,12700,Dungog,1,Good,Good,0
13735,Tabbimoble,16610,Richmond Valley,1,Good,Good,0
13736,Tabbita,11600,Carrathool,0.9998735,Good,Good,0
13736,Tabbita,13450,Griffith,0.0001265,Good,Good,1
13737,Table Top,10050,Albury,0.9661876,Good,Good,0
13737,Table Top,13340,Greater Hume Shire,0.0338124,Good,Good,0
13738,Tabulam,14550,Kyogle,0.3061304,Good,Good,0
13738,Tabulam,17400,Tenterfield,0.6938696,Good,Good,0
13739,Tacoma,11650,Central Coast (NSW),1,Good,Good,0
13740,Tacoma South,11650,Central Coast (NSW),1,Good,Good,0
13741,Tahlee,15240,Mid-Coast,1,Good,Good,0
13742,Tahmoor,18400,Wollondilly,1,Good,Good,0
13743,Talarm,15700,Nambucca Valley,1,Good,Good,0
13744,Talawanta,11200,Brewarrina,1,Good,Good,0
13745,Talbingo,17080,Snowy Valleys,1,Good,Good,0
13746,Tallawang,15270,Mid-Western Regional,1,Good,Good,0
13747,Tallawong,10750,Blacktown,1,Good,Good,0
13748,Tallimba,10800,Bland,1,Good,Good,0
13749,Tallong,13310,Goulburn Mulwaree,0.9999892,Good,Good,0
13749,Tallong,18350,Wingecarribee,1.08E-05,Good,Good,1
13750,Tallowal,16950,Shoalhaven,1,Good,Good,0
13751,Tallowwood Ridge,10600,Bellingen,1,Good,Good,0
13752,Tallwood,10850,Blayney,1,Good,Good,0
13753,Tallwoods Village,15240,Mid-Coast,1,Good,Good,0
13754,Talmalmo,13340,Greater Hume Shire,1,Good,Good,0
13755,Talofa,11350,Byron,1,Good,Good,0
13756,Taloumbi,11730,Clarence Valley,1,Good,Good,0
13757,Tamarama,18050,Waverley,1,Good,Good,0
13758,Tamban,15700,Nambucca Valley,1,Good,Good,0
13759,Tambar Springs,13550,Gunnedah,0.5662,Good,Good,0
13759,Tambar Springs,14920,Liverpool Plains,0.0331827,Good,Good,0
13759,Tambar Springs,18020,Warrumbungle Shire,0.4006174,Good,Good,0
13760,Tambaroora,10470,Bathurst Regional,0.2003997,Good,Good,0
13760,Tambaroora,15270,Mid-Western Regional,0.7996003,Good,Good,0
13761,Taminda,17310,Tamworth Regional,1,Good,Good,0
13762,Tamworth,17310,Tamworth Regional,1,Good,Good,0
13763,Tanglewood,17550,Tweed,1,Good,Good,0
13764,Tanilba Bay,16400,Port Stephens,1,Good,Good,0
13765,Tanja,10550,Bega Valley,1,Good,Good,0
13766,Tannas Mount,10470,Bathurst Regional,1,Good,Good,0
13767,Tantangara,17040,Snowy Monaro Regional,1,Good,Good,0
13768,Tantawangalo,10550,Bega Valley,1,Good,Good,0
13769,Tantonan,15520,Murray River,1,Good,Good,0
13770,Tapitallee,16950,Shoalhaven,1,Good,Good,0
13771,Tara (NSW),17350,Temora,1,Good,Good,0
13772,Taradale (NSW),17080,Snowy Valleys,1,Good,Good,0
13773,Tarago,13310,Goulburn Mulwaree,0.8339327,Good,Good,0
13773,Tarago,16490,Queanbeyan-Palerang Regional,0.1660673,Good,Good,0
13774,Taralga,17640,Upper Lachlan Shire,1,Good,Good,0
13775,Tarana,10470,Bathurst Regional,0.0968505,Good,Good,0
13775,Tarana,14870,Lithgow,0.489197,Good,Good,0
13775,Tarana,16100,Oberon,0.4139525,Good,Good,0
13776,Tarban,17400,Tenterfield,1,Good,Good,0
13777,Tarbuck Bay,15240,Mid-Coast,1,Good,Good,0
13778,Tarcutta,17750,Wagga Wagga,1,Good,Good,0
13779,Taree,15240,Mid-Coast,1,Good,Good,0
13780,Taree South,15240,Mid-Coast,1,Good,Good,0
13781,Taren Point,17150,Sutherland Shire,1,Good,Good,0
13782,Tarlo,13310,Goulburn Mulwaree,0.7729948,Good,Good,0
13782,Tarlo,17640,Upper Lachlan Shire,0.2270052,Good,Good,0
13783,Tarraganda,10550,Bega Valley,1,Good,Good,0
13784,Tarrawanna,18450,Wollongong,1,Good,Good,0
13785,Tarriaro,15750,Narrabri,1,Good,Good,0
13786,Tarro,15900,Newcastle,1,Good,Good,0
13787,Tascott,11650,Central Coast (NSW),1,Good,Good,0
13788,Tatham,14850,Lismore,0.0260117,Good,Good,0
13788,Tatham,16610,Richmond Valley,0.9739883,Good,Good,0
13789,Tathra,10550,Bega Valley,1,Good,Good,0
13790,Tatton,17750,Wagga Wagga,1,Good,Good,0
13791,Taylors Arm,15700,Nambucca Valley,1,Good,Good,0
13792,Taylors Beach (NSW),16400,Port Stephens,1,Good,Good,0
13793,Taylors Flat,13910,Hilltops,1,Good,Good,0
13794,Tea Gardens,15240,Mid-Coast,1,Good,Good,0
13795,Telarah,15050,Maitland,1,Good,Good,0
13796,Telegraph Point,16380,Port Macquarie-Hastings,1,Good,Good,0
13797,Telopea,16260,Parramatta,1,Acceptable,Good,0
13798,Temagog,14350,Kempsey,1,Good,Good,0
13799,Temora,17350,Temora,1,Good,Good,0
13800,Tempe,14170,Inner West,1,Good,Good,0
13801,Ten Mile Hollow,11650,Central Coast (NSW),0.0033167,Good,Good,1
13801,Ten Mile Hollow,13800,Hawkesbury,0.9966833,Good,Good,0
13802,Tenambit,15050,Maitland,1,Good,Good,0
13803,Tenandra,17950,Warren,1,Good,Good,0
13804,Tennyson (NSW),13800,Hawkesbury,1,Good,Good,0
13805,Tennyson Point,16700,Ryde,1,Good,Good,0
13806,Tenterden (NSW),10180,Armidale Regional,1,Good,Good,0
13807,Tenterfield,17400,Tenterfield,1,Good,Good,0
13808,Teralba,14650,Lake Macquarie,1,Good,Good,0
13809,Terania Creek,14850,Lismore,1,Good,Good,0
13810,Terara,16950,Shoalhaven,1,Good,Good,0
13811,Teridgerie,12150,Coonamble,1,Good,Good,0
13812,Termeil,16950,Shoalhaven,1,Good,Good,0
13813,Terrabella,12390,Dubbo Regional,1,Good,Good,0
13814,Terrace Creek,14550,Kyogle,1,Good,Good,0
13815,Terragon,17550,Tweed,1,Good,Good,0
13816,Terramungamine,12390,Dubbo Regional,1,Good,Good,0
13817,Terranora,17550,Tweed,1,Good,Good,0
13818,Terreel,15240,Mid-Coast,1,Good,Good,0
13819,Terrey Hills,15990,Northern Beaches,1,Good,Good,0
13820,Terrigal,11650,Central Coast (NSW),1,Good,Good,0
13821,Terry Hie Hie,15300,Moree Plains,1,Good,Good,0
13822,Teven,10250,Ballina,1,Good,Good,0
13823,Tewinga,15700,Nambucca Valley,1,Good,Good,0
13824,Texas (NSW),14220,Inverell,1,Good,Good,0
13825,Thalgarrah,10180,Armidale Regional,1,Good,Good,0
13826,Tharbogang,13450,Griffith,1,Good,Good,0
13827,The Angle,17040,Snowy Monaro Regional,1,Good,Good,0
13828,The Basin (NSW),14220,Inverell,1,Good,Good,0
13829,The Bight,15240,Mid-Coast,1,Good,Good,0
13830,The Branch,15240,Mid-Coast,1,Good,Good,0
13831,The Brothers,17040,Snowy Monaro Regional,1,Good,Good,0
13832,The Channon,14850,Lismore,1,Good,Good,0
13833,The Devils Wilderness,13800,Hawkesbury,1,Good,Good,0
13834,The Entrance,11650,Central Coast (NSW),1,Good,Good,0
13835,The Entrance North,11650,Central Coast (NSW),1,Good,Good,0
13836,The Freshwater,11730,Clarence Valley,1,Good,Good,0
13837,The Gap (Richmond Valley - NSW),16610,Richmond Valley,1,Good,Good,0
13838,The Gap (Wagga Wagga - NSW),17750,Wagga Wagga,1,Good,Good,0
13839,The Glen (NSW),14550,Kyogle,1,Good,Good,0
13840,The Gulf,10180,Armidale Regional,0.5,Good,Good,0
13840,The Gulf,11730,Clarence Valley,0.5,Good,Good,0
13841,The Hatch,16380,Port Macquarie-Hastings,1,Good,Good,0
13842,The Hill,15900,Newcastle,1,Good,Good,0
13843,The Junction,15900,Newcastle,1,Good,Good,0
13844,The Lagoon,10470,Bathurst Regional,0.9302019,Good,Good,0
13844,The Lagoon,16100,Oberon,0.0697981,Good,Good,0
13845,The Marra,10950,Bogan,0.0001315,Good,Good,1
13845,The Marra,11200,Brewarrina,0.2236981,Good,Good,0
13845,The Marra,17950,Warren,0.7761704,Good,Good,0
13846,The Meadows,16100,Oberon,1,Good,Good,0
13847,The Oaks,18400,Wollondilly,1,Good,Good,0
13848,The Pilliga,13550,Gunnedah,0.25,Good,Good,0
13848,The Pilliga,15750,Narrabri,0.75,Good,Good,0
13849,The Pinnacles,11730,Clarence Valley,1,Good,Good,0
13850,The Pocket,11350,Byron,1,Good,Good,0
13851,The Ponds,10750,Blacktown,1,Good,Good,0
13852,The Ridgeway,16490,Queanbeyan-Palerang Regional,1,Good,Good,0
13853,The Risk,14550,Kyogle,1,Good,Good,0
13854,The Rock,14950,Lockhart,0.9621933,Good,Good,0
13854,The Rock,17750,Wagga Wagga,0.0378067,Good,Good,0
13855,The Rocks (Bathurst Regional - NSW),10470,Bathurst Regional,1,Good,Good,0
13856,The Rocks (Sydney - NSW),17200,Sydney,1,Good,Good,0
13857,The Sandon,11730,Clarence Valley,1,Good,Good,0
13858,The Slopes,13800,Hawkesbury,1,Good,Good,0
13859,The Whiteman,11730,Clarence Valley,1,Good,Good,0
13860,Theresa Creek (NSW),14550,Kyogle,1,Good,Good,0
13861,Theresa Park,18400,Wollondilly,1,Good,Good,0
13862,Thirldene,17310,Tamworth Regional,1,Good,Good,0
13863,Thirlmere,18400,Wollondilly,1,Good,Good,0
13864,Thirroul,18450,Wollongong,1,Good,Good,0
13865,Thora,10600,Bellingen,1,Good,Good,0
13866,Thornleigh,14000,Hornsby,1,Acceptable,Good,0
13867,Thornton (NSW),15050,Maitland,1,Good,Good,0
13868,Thredbo,17040,Snowy Monaro Regional,1,Good,Good,0
13869,Thrumster,16380,Port Macquarie-Hastings,1,Good,Good,0
13870,Thuddungra,13910,Hilltops,1,Good,Good,0
13871,Thule,15520,Murray River,1,Good,Good,0
13872,Thumb Creek,15700,Nambucca Valley,1,Good,Good,0
13873,Thurgoona,10050,Albury,1,Good,Good,0
13874,Thyra,15520,Murray River,1,Good,Good,0
13875,Tianjara,16950,Shoalhaven,1,Good,Good,0
13876,Tibbuc,15240,Mid-Coast,1,Good,Good,0
13877,Tibooburra,19399,Unincorporated NSW,1,Acceptable,Good,0
13878,Tichborne,16200,Parkes,1,Good,Good,0
13879,Tichular,15270,Mid-Western Regional,1,Good,Good,0
13880,Tighes Hill,15900,Newcastle,1,Good,Good,0
13881,Tilba Tilba,12750,Eurobodalla,1,Good,Good,0
13882,Tilbuster,10180,Armidale Regional,1,Good,Good,0
13883,Tilligerry Creek,16400,Port Stephens,1,Good,Good,0
13884,Tilpa,11700,Central Darling,0.6465871,Good,Good,0
13884,Tilpa,11750,Cobar,0.3534129,Good,Good,0
13885,Timbarra (NSW),17400,Tenterfield,1,Good,Good,0
13886,Timbillica,10550,Bega Valley,1,Good,Good,0
13887,Timbumburi,17310,Tamworth Regional,1,Good,Good,0
13888,Timor (NSW),17620,Upper Hunter Shire,1,Good,Good,0
13889,Tindarey,11750,Cobar,1,Good,Good,0
13890,Tinderry,16490,Queanbeyan-Palerang Regional,0.3939761,Good,Good,0
13890,Tinderry,17040,Snowy Monaro Regional,0.6060239,Good,Good,0
13891,Tingha,10180,Armidale Regional,1.28E-05,Good,Good,1
13891,Tingha,14220,Inverell,0.9999872,Good,Good,0
13892,Tingira Heights,14650,Lake Macquarie,1,Good,Good,0
13893,Tinonee,15240,Mid-Coast,1,Good,Good,0
13894,Tinpot,10550,Bega Valley,0.0024814,Good,Good,1
13894,Tinpot,12750,Eurobodalla,0.9975186,Good,Good,0
13895,Tintenbar,10250,Ballina,1,Good,Good,0
13896,Tintinhull,17310,Tamworth Regional,1,Good,Good,0
13897,Tiona,15240,Mid-Coast,1,Good,Good,0
13898,Tipperary (NSW),15240,Mid-Coast,1,Good,Good,0
13899,Tiri,15240,Mid-Coast,1,Good,Good,0
13900,Tirrannaville,13310,Goulburn Mulwaree,1,Good,Good,0
13901,Titaatee Creek,15240,Mid-Coast,1,Good,Good,0
13902,Tocal,12700,Dungog,0.0002127,Good,Good,1
13902,Tocal,15050,Maitland,0.9997873,Good,Good,0
13903,Tocumwal,10650,Berrigan,1,Good,Good,0
13904,Tolbar,17040,Snowy Monaro Regional,1,Good,Good,0
13905,Tolland,17750,Wagga Wagga,1,Good,Good,0
13906,Tolwong,16950,Shoalhaven,1,Good,Good,0
13907,Tomago,16400,Port Stephens,1,Good,Good,0
13908,Tomakin,12750,Eurobodalla,1,Good,Good,0
13909,Tomalla,15240,Mid-Coast,0.0016556,Good,Good,1
13909,Tomalla,17620,Upper Hunter Shire,0.9983444,Good,Good,0
13910,Tombong,17040,Snowy Monaro Regional,1,Good,Good,0
13911,Tomboye,16490,Queanbeyan-Palerang Regional,1,Good,Good,0
13912,Tomerong,16950,Shoalhaven,1,Good,Good,0
13913,Tomewin,17550,Tweed,1,Good,Good,0
13914,Tomingley,15850,Narromine,1,Good,Good,0
13915,Tomki,16610,Richmond Valley,1,Good,Good,0
13916,Toms Creek,16380,Port Macquarie-Hastings,1,Good,Good,0
13917,Tonderburine,12950,Gilgandra,1,Good,Good,0
13918,Tongarra,16900,Shellharbour,1,Good,Good,0
13919,Toogong,11400,Cabonne,1,Good,Good,0
13920,Tooleybuc,15520,Murray River,1,Good,Good,0
13921,Toolijooa,14400,Kiama,1,Good,Good,0
13922,Tooloom,14550,Kyogle,1,Good,Good,0
13923,Tooloon,12150,Coonamble,1,Good,Good,0
13924,Tooma,17080,Snowy Valleys,1,Good,Good,0
13925,Toongabbie (NSW),10750,Blacktown,0.3091756,Good,Good,0
13925,Toongabbie (NSW),12380,Cumberland,0.2102146,Good,Good,0
13925,Toongabbie (NSW),16260,Parramatta,0.4806098,Acceptable,Good,0
13926,Toongi,12390,Dubbo Regional,1,Good,Good,0
13927,Toonumbar,14550,Kyogle,1,Good,Good,0
13928,Tooranie,15520,Murray River,1,Good,Good,0
13929,Tooraweenah,12950,Gilgandra,1,Good,Good,0
13930,Toormina,11800,Coffs Harbour,1,Good,Good,0
13931,Toorooka,14350,Kempsey,1,Good,Good,0
13932,Toothdale,10550,Bega Valley,1,Good,Good,0
13933,Tootool,14950,Lockhart,1,Good,Good,0
13934,Toowoon Bay,11650,Central Coast (NSW),1,Good,Good,0
13935,Topi Topi,15240,Mid-Coast,1,Good,Good,0
13936,Toronto,14650,Lake Macquarie,1,Good,Good,0
13937,Torrington (NSW),13010,Glen Innes Severn,0.0001281,Good,Good,1
13937,Torrington (NSW),17400,Tenterfield,0.9998719,Good,Good,0
13938,Torryburn (Dungog - NSW),12700,Dungog,1,Good,Good,0
13939,Torryburn (Uralla - NSW),17650,Uralla,1,Good,Good,0
13940,Totnes Valley,15270,Mid-Western Regional,1,Good,Good,0
13941,Tottenham (NSW),14600,Lachlan,1,Good,Good,0
13942,Touga,16950,Shoalhaven,1,Good,Good,0
13943,Toukley,11650,Central Coast (NSW),1,Good,Good,0
13944,Towallum,11730,Clarence Valley,1,Good,Good,0
13945,Towamba,10550,Bega Valley,1,Good,Good,0
13946,Townsend,11730,Clarence Valley,1,Good,Good,0
13947,Towradgi,18450,Wollongong,1,Good,Good,0
13948,Towrang,13310,Goulburn Mulwaree,1,Good,Good,0
13949,Tralee,16490,Queanbeyan-Palerang Regional,1,Good,Good,0
13950,Trangie,15850,Narromine,1,Good,Good,0
13951,Tregeagle,14850,Lismore,1,Good,Good,0
13952,Tregear,10750,Blacktown,1,Good,Good,0
13953,Trenayr,11730,Clarence Valley,1,Good,Good,0
13954,Trentham Cliffs,18200,Wentworth,1,Good,Good,0
13955,Trewilga,16200,Parkes,1,Good,Good,0
13956,Triamble,15270,Mid-Western Regional,1,Good,Good,0
13957,Triangle Flat,10470,Bathurst Regional,0.9992072,Good,Good,0
13957,Triangle Flat,16100,Oberon,0.0007928,Good,Good,1
13958,Trundle,16200,Parkes,1,Good,Good,0
13959,Trungley Hall,17350,Temora,1,Good,Good,0
13960,Trunkey Creek,10470,Bathurst Regional,1,Good,Good,0
13961,Tubbamurra,10180,Armidale Regional,1,Good,Good,0
13962,Tubbul,13910,Hilltops,1,Good,Good,0
13963,Tucabia,11730,Clarence Valley,1,Good,Good,0
13964,Tucki Tucki,14850,Lismore,1,Good,Good,0
13965,Tuckombil,10250,Ballina,1,Good,Good,0
13966,Tuckurimba,14850,Lismore,1,Good,Good,0
13967,Tuena,17640,Upper Lachlan Shire,1,Good,Good,0
13968,Tuggerah,11650,Central Coast (NSW),1,Good,Good,0
13969,Tuggerawong,11650,Central Coast (NSW),1,Good,Good,0
13970,Tugrabakh,15240,Mid-Coast,1,Good,Good,0
13971,Tullakool,15520,Murray River,1,Good,Good,0
13972,Tullamore,14600,Lachlan,0.1594618,Good,Good,0
13972,Tullamore,16200,Parkes,0.8405382,Good,Good,0
13973,Tullarwalla,16950,Shoalhaven,1,Good,Good,0
13974,Tullera,14850,Lismore,1,Good,Good,0
13975,Tullibigeal,14600,Lachlan,1,Good,Good,0
13976,Tullimbar,16900,Shellharbour,1,Good,Good,0
13977,Tulloona,13660,Gwydir,0.0477626,Good,Good,0
13977,Tulloona,15300,Moree Plains,0.9522374,Good,Good,0
13978,Tullymorgan,11730,Clarence Valley,1,Good,Good,0
13979,Tumbarumba,17080,Snowy Valleys,1,Good,Good,0
13980,Tumbi Umbi,11650,Central Coast (NSW),1,Good,Good,0
13981,Tumblong,12160,Cootamundra-Gundagai Regional,1,Good,Good,0
13982,Tumbulgum,17550,Tweed,1,Good,Good,0
13983,Tumorrama,17080,Snowy Valleys,1,Good,Good,0
13984,Tumut,17080,Snowy Valleys,1,Good,Good,0
13985,Tumut Plains,17080,Snowy Valleys,1,Good,Good,0
13986,Tuncester,14850,Lismore,1,Good,Good,0
13987,Tuncurry,15240,Mid-Coast,1,Good,Good,0
13988,Tunglebung,14550,Kyogle,1,Good,Good,0
13989,Tuntable Creek,14850,Lismore,1,Good,Good,0
13990,Tuppal,12730,Edward River,1,Good,Good,0
13991,Tura Beach,10550,Bega Valley,1,Good,Good,0
13992,Turill,15270,Mid-Western Regional,0.6880726,Good,Good,0
13992,Turill,17620,Upper Hunter Shire,0.3119274,Good,Good,0
13993,Turlinjah,12750,Eurobodalla,1,Good,Good,0
13994,Turners Flat,14350,Kempsey,1,Good,Good,0
13995,Turondale,10470,Bathurst Regional,1,Good,Good,0
13996,Tuross,17040,Snowy Monaro Regional,1,Good,Good,0
13997,Tuross Head,12750,Eurobodalla,1,Good,Good,0
13998,Turramurra,14500,Ku-ring-gai,1,Good,Good,0
13999,Turrawan,15750,Narrabri,1,Good,Good,0
14000,Turrella,10500,Bayside (NSW),1,Good,Good,0
14001,Turvey Park,17750,Wagga Wagga,1,Good,Good,0
14002,Tweed Heads,17550,Tweed,1,Good,Good,0
14003,Tweed Heads South,17550,Tweed,1,Good,Good,0
14004,Tweed Heads West,17550,Tweed,1,Good,Good,0
14005,Twelve Mile,12390,Dubbo Regional,0.263794,Good,Good,0
14005,Twelve Mile,15270,Mid-Western Regional,0.736206,Good,Good,0
14006,Twelve Mile Creek,16400,Port Stephens,1,Good,Good,0
14007,Twelve Mile Peg,16950,Shoalhaven,1,Good,Good,0
14008,Twenty Forests,16100,Oberon,1,Good,Good,0
14009,Twin Rivers,14220,Inverell,1,Good,Good,0
14010,Two Mile Flat,15270,Mid-Western Regional,1,Good,Good,0
14011,Tyagarah,11350,Byron,1,Good,Good,0
14012,Tyalgum,17550,Tweed,1,Good,Good,0
14013,Tyalgum Creek,17550,Tweed,1,Good,Good,0
14014,Tygalgah,17550,Tweed,1,Good,Good,0
14015,Tyndale,11730,Clarence Valley,1,Good,Good,0
14016,Tyringham,11730,Clarence Valley,1,Good,Good,0
14017,Uarbry,18020,Warrumbungle Shire,1,Good,Good,0
14018,Uki,17550,Tweed,1,Good,Good,0
14019,Ulamambri,18020,Warrumbungle Shire,1,Good,Good,0
14020,Ulan,15270,Mid-Western Regional,1,Good,Good,0
14021,Ulladulla,16950,Shoalhaven,1,Good,Good,0
14022,Ulmarra,11730,Clarence Valley,1,Good,Good,0
14023,Ulong,11800,Coffs Harbour,1,Good,Good,0
14024,Ultimo,17200,Sydney,1,Good,Good,0
14025,Umina Beach,11650,Central Coast (NSW),1,Good,Good,0
14026,Unanderra,18450,Wollongong,1,Good,Good,0
14027,Underbank,12700,Dungog,1,Good,Good,0
14028,Undercliffe,17400,Tenterfield,1,Good,Good,0
14029,Ungarie,10800,Bland,0.8154713,Good,Good,0
14029,Ungarie,14600,Lachlan,0.1845287,Good,Good,0
14030,Unumgar,14550,Kyogle,1,Good,Good,0
14031,Upper Allyn,12700,Dungog,1,Good,Good,0
14032,Upper Bingara,13660,Gwydir,1,Good,Good,0
14033,Upper Burringbar,17550,Tweed,1,Good,Good,0
14034,Upper Bylong,15270,Mid-Western Regional,1,Good,Good,0
14035,Upper Colo,13800,Hawkesbury,1,Good,Good,0
14036,Upper Coopers Creek,11350,Byron,1,Good,Good,0
14037,Upper Copmanhurst,11730,Clarence Valley,1,Good,Good,0
14038,Upper Corindi,11800,Coffs Harbour,1,Good,Good,0
14039,Upper Crystal Creek,17550,Tweed,1,Good,Good,0
14040,Upper Dartbrook,17620,Upper Hunter Shire,1,Good,Good,0
14041,Upper Duck Creek,14550,Kyogle,1,Good,Good,0
14042,Upper Duroby,17550,Tweed,1,Good,Good,0
14043,Upper Eden Creek,14550,Kyogle,1,Good,Good,0
14044,Upper Fine Flower,11730,Clarence Valley,1,Good,Good,0
14045,Upper Growee,15270,Mid-Western Regional,1,Good,Good,0
14046,Upper Horseshoe Creek,14550,Kyogle,1,Good,Good,0
14047,Upper Horton,13660,Gwydir,0.9999306,Good,Good,0
14047,Upper Horton,17310,Tamworth Regional,6.94E-05,Good,Good,1
14048,Upper Kangaroo River,16950,Shoalhaven,1,Good,Good,0
14049,Upper Kangaroo Valley,14400,Kiama,0.0194805,Good,Good,0
14049,Upper Kangaroo Valley,18350,Wingecarribee,0.9805195,Good,Good,0
14050,Upper Karuah River,15240,Mid-Coast,1,Good,Good,0
14051,Upper Lansdowne,15240,Mid-Coast,1,Good,Good,0
14052,Upper Macdonald,13800,Hawkesbury,1,Good,Good,0
14053,Upper Main Arm,11350,Byron,1,Good,Good,0
14054,Upper Mangrove,11650,Central Coast (NSW),1,Good,Good,0
14055,Upper Manilla,17310,Tamworth Regional,1,Good,Good,0
14056,Upper Mongogarie,16610,Richmond Valley,1,Good,Good,0
14057,Upper Myall,15240,Mid-Coast,1,Good,Good,0
14058,Upper Nile,14870,Lithgow,1,Good,Good,0
14059,Upper Orara,11800,Coffs Harbour,1,Good,Good,0
14060,Upper Pappinbarra,16380,Port Macquarie-Hastings,1,Good,Good,0
14061,Upper Rollands Plains,16380,Port Macquarie-Hastings,1,Good,Good,0
14062,Upper Rouchel,17620,Upper Hunter Shire,1,Good,Good,0
14063,Upper Taylors Arm,15700,Nambucca Valley,1,Good,Good,0
14064,Upper Tooloom,17400,Tenterfield,1,Good,Good,0
14065,Upper Turon,10470,Bathurst Regional,0.6662971,Good,Good,0
14065,Upper Turon,14870,Lithgow,0.3337029,Good,Good,0
14066,Upper Wilsons Creek,11350,Byron,1,Good,Good,0
14067,Upsalls Creek,16380,Port Macquarie-Hastings,1,Good,Good,0
14068,Uralba,10250,Ballina,1,Good,Good,0
14069,Uralla (NSW),17650,Uralla,1,Good,Good,0
14070,Urana,12870,Federation,0.9999697,Good,Good,0
14070,Urana,14950,Lockhart,3.03E-05,Good,Good,1
14071,Urangeline,14950,Lockhart,1,Good,Good,0
14072,Urangeline East,14950,Lockhart,1,Good,Good,0
14073,Uranquinty,17750,Wagga Wagga,1,Good,Good,0
14074,Urawilkie,12150,Coonamble,1,Good,Good,0
14075,Urbenville,14550,Kyogle,0.1138692,Good,Good,0
14075,Urbenville,17400,Tenterfield,0.8861308,Good,Good,0
14076,Uriarra,17080,Snowy Valleys,0.0003565,Good,Good,1
14076,Uriarra,18710,Yass Valley,0.9996435,Good,Good,0
14077,Urila,16490,Queanbeyan-Palerang Regional,1,Good,Good,0
14078,Urliup,17550,Tweed,1,Good,Good,0
14079,Urunga,10600,Bellingen,1,Good,Good,0
14080,Utungun,15700,Nambucca Valley,1,Good,Good,0
14081,Vacy,12700,Dungog,1,Good,Good,0
14082,Vale Of Clwydd,14870,Lithgow,1,Good,Good,0
14083,Valentine,14650,Lake Macquarie,1,Good,Good,0
14084,Valery,10600,Bellingen,1,Good,Good,0
14085,Valla,10600,Bellingen,0.03021,Good,Good,0
14085,Valla,15700,Nambucca Valley,0.96979,Good,Good,0
14086,Valla Beach,15700,Nambucca Valley,1,Good,Good,0
14087,Valley Heights,10900,Blue Mountains,1,Good,Good,0
14088,Varroville,11500,Campbelltown (NSW),1,Good,Good,0
14089,Vaucluse,18050,Waverley,0.3084372,Good,Good,0
14089,Vaucluse,18500,Woollahra,0.6915628,Acceptable,Good,0
14090,Verges Creek,14350,Kempsey,1,Good,Good,0
14091,Verona,10550,Bega Valley,1,Good,Good,0
14092,Villawood,11570,Canterbury-Bankstown,0.6887958,Good,Good,0
14092,Villawood,12850,Fairfield,0.3112042,Good,Good,0
14093,Vincentia,16950,Shoalhaven,1,Good,Good,0
14094,Vineyard,10750,Blacktown,0.1046654,Good,Good,0
14094,Vineyard,13800,Hawkesbury,0.8953346,Good,Good,0
14095,Violet Hill,15240,Mid-Coast,1,Good,Good,0
14096,Vittoria (NSW),10470,Bathurst Regional,0.4844653,Good,Good,0
14096,Vittoria (NSW),11400,Cabonne,0.5155347,Good,Good,0
14097,Voyager Point,14900,Liverpool,1,Good,Good,0
14098,Wadalba,11650,Central Coast (NSW),1,Good,Good,0
14099,Wadbilliga,10550,Bega Valley,0.75,Good,Good,0
14099,Wadbilliga,17040,Snowy Monaro Regional,0.25,Good,Good,0
14100,Wadeville,14550,Kyogle,1,Good,Good,0
14101,Wagga Wagga,17750,Wagga Wagga,1,Good,Good,0
14102,Wagstaffe,11650,Central Coast (NSW),1,Good,Good,0
14103,Wahroonga,14000,Hornsby,0.2672788,Acceptable,Good,0
14103,Wahroonga,14500,Ku-ring-gai,0.7327212,Good,Good,0
14104,Waitara,14000,Hornsby,1,Acceptable,Good,0
14105,Waitui,15240,Mid-Coast,1,Good,Good,0
14106,Wakefield,14650,Lake Macquarie,1,Good,Good,0
14107,Wakeley,12850,Fairfield,1,Good,Good,0
14108,Wakool,15520,Murray River,1,Good,Good,0
14109,Walang,10470,Bathurst Regional,1,Good,Good,0
14110,Walbundrie,13340,Greater Hume Shire,1,Good,Good,0
14111,Walcha,17850,Walcha,1,Good,Good,0
14112,Walcha Road,17850,Walcha,1,Good,Good,0
14113,Waldegrave,11400,Cabonne,1,Good,Good,0
14114,Walgett,17900,Walgett,1,Good,Good,0
14115,Walla Walla,13340,Greater Hume Shire,1,Good,Good,0
14116,Wallabadah,14920,Liverpool Plains,1,Good,Good,0
14117,Wallabi Point,15240,Mid-Coast,1,Good,Good,0
14118,Wallacetown,17750,Wagga Wagga,1,Good,Good,0
14119,Wallacia,14900,Liverpool,0.1214893,Good,Good,0
14119,Wallacia,16350,Penrith,0.7178917,Good,Good,0
14119,Wallacia,18400,Wollondilly,0.1606191,Good,Good,0
14120,Wallaga Lake,10550,Bega Valley,1,Good,Good,0
14121,Wallagoot,10550,Bega Valley,1,Good,Good,0
14122,Wallalong,16400,Port Stephens,1,Good,Good,0
14123,Wallamore,17310,Tamworth Regional,1,Good,Good,0
14124,Wallanbah,15240,Mid-Coast,1,Good,Good,0
14125,Wallangra,14220,Inverell,1,Good,Good,0
14126,Wallanthery,11600,Carrathool,1,Good,Good,0
14127,Wallarah,11650,Central Coast (NSW),1,Good,Good,0
14128,Wallaringa,12700,Dungog,1,Good,Good,0
14129,Wallarobba,12700,Dungog,1,Good,Good,0
14130,Wallaroo (NSW),18710,Yass Valley,1,Good,Good,0
14131,Wallendbeen,12160,Cootamundra-Gundagai Regional,1,Good,Good,0
14132,Wallerawang,14870,Lithgow,1,Good,Good,0
14133,Walleroobie,12000,Coolamon,1,Good,Good,0
14134,Wallingat,15240,Mid-Coast,1,Good,Good,0
14135,Wallis Lake,15240,Mid-Coast,1,Good,Good,0
14136,Wallsend,15900,Newcastle,1,Good,Good,0
14137,Walmer (NSW),12390,Dubbo Regional,1,Good,Good,0
14138,Wamban,12750,Eurobodalla,1,Good,Good,0
14139,Wambangalang,12390,Dubbo Regional,1,Good,Good,0
14140,Wamberal,11650,Central Coast (NSW),1,Good,Good,0
14141,Wamboin,16490,Queanbeyan-Palerang Regional,1,Good,Good,0
14142,Wambool,10470,Bathurst Regional,1,Good,Good,0
14143,Wambrook,17040,Snowy Monaro Regional,1,Good,Good,0
14144,Wanaaring,11150,Bourke,0.8022859,Good,Good,0
14144,Wanaaring,19399,Unincorporated NSW,0.1977141,Acceptable,Good,0
14145,Wandandian,16950,Shoalhaven,1,Good,Good,0
14146,Wandella (NSW),10550,Bega Valley,1,Good,Good,0
14147,Wandera,14220,Inverell,1,Good,Good,0
14148,Wandook,12730,Edward River,1,Good,Good,0
14149,Wandsworth,10180,Armidale Regional,0.6363802,Good,Good,0
14149,Wandsworth,14220,Inverell,0.3636198,Good,Good,0
14150,Wang Wauk,15240,Mid-Coast,1,Good,Good,0
14151,Wanganella,12730,Edward River,1,Good,Good,0
14152,Wanganui,11350,Byron,1,Good,Good,0
14153,Wangi Wangi,14650,Lake Macquarie,1,Good,Good,0
14154,Wantabadgery,14300,Junee,1,Good,Good,0
14155,Wantagong,13340,Greater Hume Shire,1,Good,Good,0
14156,Wantiool,14300,Junee,1,Good,Good,0
14157,Wapengo,10550,Bega Valley,1,Good,Good,0
14158,Warabrook,15900,Newcastle,1,Good,Good,0
14159,Waratah (NSW),15900,Newcastle,1,Good,Good,0
14160,Waratah West,15900,Newcastle,1,Good,Good,0
14161,Warburn,13450,Griffith,1,Good,Good,0
14162,Wardell,10250,Ballina,1,Good,Good,0
14163,Wardrop Valley,17550,Tweed,1,Good,Good,0
14164,Wards Mistake,10180,Armidale Regional,1,Good,Good,0
14165,Wards River,15240,Mid-Coast,1,Good,Good,0
14166,Wareemba,11520,Canada Bay,1,Good,Good,0
14167,Warialda,13660,Gwydir,1,Good,Good,0
14168,Warialda Rail,13660,Gwydir,1,Good,Good,0
14169,Warilla,16900,Shellharbour,1,Good,Good,0
14170,Warkworth,17000,Singleton,1,Good,Good,0
14171,Warners Bay,14650,Lake Macquarie,1,Good,Good,0
14172,Warnervale,11650,Central Coast (NSW),1,Good,Good,0
14173,Warrabah,17310,Tamworth Regional,1,Good,Good,0
14174,Warraderry,18100,Weddin,1,Good,Good,0
14175,Warragai Creek,11730,Clarence Valley,1,Good,Good,0
14176,Warragamba,18400,Wollondilly,1,Good,Good,0
14177,Warragoon,12730,Edward River,1,Good,Good,0
14178,Warrah,14920,Liverpool Plains,1,Good,Good,0
14179,Warrah Creek,14920,Liverpool Plains,1,Good,Good,0
14180,Warrah Ridge,14920,Liverpool Plains,1,Good,Good,0
14181,Warral,17310,Tamworth Regional,1,Good,Good,0
14182,Warranulla,15240,Mid-Coast,1,Good,Good,0
14183,Warrawee,14500,Ku-ring-gai,1,Good,Good,0
14184,Warrawidgee,11600,Carrathool,0.0002802,Good,Good,1
14184,Warrawidgee,13450,Griffith,0.9997198,Good,Good,0
14185,Warrawong,18450,Wollongong,1,Good,Good,0
14186,Warrazambil Creek,14550,Kyogle,1,Good,Good,0
14187,Warregah Island,11730,Clarence Valley,1,Good,Good,0
14188,Warrell Creek,15700,Nambucca Valley,1,Good,Good,0
14189,Warren,17950,Warren,1,Good,Good,0
14190,Warri,16490,Queanbeyan-Palerang Regional,1,Good,Good,0
14191,Warriewood,15990,Northern Beaches,1,Good,Good,0
14192,Warrimoo,10900,Blue Mountains,1,Good,Good,0
14193,Warroo (NSW),12900,Forbes,0.9279315,Good,Good,0
14193,Warroo (NSW),14600,Lachlan,0.0720685,Good,Good,0
14194,Warrumbungle,12150,Coonamble,0.6666667,Good,Good,0
14194,Warrumbungle,12950,Gilgandra,0.3333333,Good,Good,0
14195,Warwick Farm,14900,Liverpool,1,Good,Good,0
14196,Washpool (Clarence Valley - NSW),11730,Clarence Valley,1,Good,Good,0
14197,Washpool (Mid-Coast - NSW),15240,Mid-Coast,1,Good,Good,0
14198,Watagan,11720,Cessnock,1,Good,Good,0
14199,Watanobbi,11650,Central Coast (NSW),1,Good,Good,0
14200,Waterfall,17150,Sutherland Shire,1,Good,Good,0
14201,Waterloo (NSW),17200,Sydney,1,Good,Good,0
14202,Watersleigh,16950,Shoalhaven,1,Good,Good,0
14203,Waterview,11730,Clarence Valley,1,Good,Good,0
14204,Waterview Heights,11730,Clarence Valley,1,Good,Good,0
14205,Watsons Bay,18500,Woollahra,1,Acceptable,Good,0
14206,Watsons Creek (NSW),17310,Tamworth Regional,1,Good,Good,0
14207,Wattamolla,16950,Shoalhaven,1,Good,Good,0
14208,Wattamondara,12350,Cowra,1,Good,Good,0
14209,Wattle Flat (NSW),10470,Bathurst Regional,1,Good,Good,0
14210,Wattle Grove (NSW),14900,Liverpool,1,Good,Good,0
14211,Wattle Ponds,17000,Singleton,1,Good,Good,0
14212,Wattle Ridge (NSW),18350,Wingecarribee,1,Good,Good,0
14213,Watton,10470,Bathurst Regional,1,Good,Good,0
14214,Wauchope,16380,Port Macquarie-Hastings,1,Good,Good,0
14215,Waugorah,15520,Murray River,1,Good,Good,0
14216,Waukivory,15240,Mid-Coast,1,Good,Good,0
14217,Waverley (NSW),18050,Waverley,1,Good,Good,0
14218,Waverly,17620,Upper Hunter Shire,1,Good,Good,0
14219,Waverton,15950,North Sydney,1,Good,Good,0
14220,Way Way,15700,Nambucca Valley,1,Good,Good,0
14221,Wayo,13310,Goulburn Mulwaree,0.3839143,Good,Good,0
14221,Wayo,17640,Upper Lachlan Shire,0.6160857,Good,Good,0
14222,Weabonga,17310,Tamworth Regional,1,Good,Good,0
14223,Wean,13550,Gunnedah,0.4474238,Good,Good,0
14223,Wean,15750,Narrabri,0.5525762,Good,Good,0
14224,Webbers Creek,12700,Dungog,1,Good,Good,0
14225,Webbs Creek,13800,Hawkesbury,1,Good,Good,0
14226,Wedderburn (NSW),11500,Campbelltown (NSW),1,Good,Good,0
14227,Wee Jasper,18710,Yass Valley,1,Good,Good,0
14228,Wee Waa,15750,Narrabri,1,Good,Good,0
14229,Weedallion,13910,Hilltops,1,Good,Good,0
14230,Weemelah,15300,Moree Plains,1,Good,Good,0
14231,Weetaliba,18020,Warrumbungle Shire,1,Good,Good,0
14232,Weethalle,10800,Bland,1,Good,Good,0
14233,Weilmoringle,11200,Brewarrina,1,Good,Good,0
14234,Weismantels,15240,Mid-Coast,1,Good,Good,0
14235,Welaregang,17080,Snowy Valleys,1,Good,Good,0
14236,Welby,18350,Wingecarribee,1,Good,Good,0
14237,Wellingrove,13010,Glen Innes Severn,0.8058134,Good,Good,0
14237,Wellingrove,14220,Inverell,0.1941866,Good,Good,0
14238,Wellington (NSW),12390,Dubbo Regional,1,Good,Good,0
14239,Wellington Vale,13010,Glen Innes Severn,1,Good,Good,0
14240,Wells Crossing,11730,Clarence Valley,1,Good,Good,0
14241,Wendoree Park,11650,Central Coast (NSW),1,Good,Good,0
14242,Wentworth (NSW),18200,Wentworth,1,Good,Good,0
14243,Wentworth Falls,10900,Blue Mountains,1,Good,Good,0
14244,Wentworth Point,16260,Parramatta,1,Acceptable,Good,0
14245,Wentworthville,12380,Cumberland,0.7132341,Good,Good,0
14245,Wentworthville,16260,Parramatta,0.2867659,Acceptable,Good,0
14246,Werai,18350,Wingecarribee,1,Good,Good,0
14247,Wereboldera,17080,Snowy Valleys,1,Good,Good,0
14248,Wermatong,17080,Snowy Valleys,1,Good,Good,0
14249,Werombi,18400,Wollondilly,1,Good,Good,0
14250,Werri Beach,14400,Kiama,1,Good,Good,0
14251,Werrikimbe,16380,Port Macquarie-Hastings,1,Good,Good,0
14252,Werrington,16350,Penrith,1,Good,Good,0
14253,Werrington County,16350,Penrith,1,Good,Good,0
14254,Werrington Downs,16350,Penrith,1,Good,Good,0
14255,Werris Creek,14920,Liverpool Plains,1,Good,Good,0
14256,West Albury,10050,Albury,1,Good,Good,0
14257,West Ballina,10250,Ballina,1,Good,Good,0
14258,West Bathurst,10470,Bathurst Regional,1,Good,Good,0
14259,West Bungawalbin,16610,Richmond Valley,1,Good,Good,0
14260,West Coraki,16610,Richmond Valley,1,Good,Good,0
14261,West Gosford,11650,Central Coast (NSW),1,Good,Good,0
14262,West Haven,16380,Port Macquarie-Hastings,1,Good,Good,0
14263,West Hoxton,14900,Liverpool,1,Good,Good,0
14264,West Kempsey,14350,Kempsey,1,Good,Good,0
14265,West Nowra,16950,Shoalhaven,1,Good,Good,0
14266,West Pennant Hills,14000,Hornsby,0.2377689,Acceptable,Good,0
14266,West Pennant Hills,17420,The Hills Shire,0.7622311,Good,Good,0
14267,West Pymble,14500,Ku-ring-gai,1,Good,Good,0
14268,West Ryde,16700,Ryde,1,Good,Good,0
14269,West Tamworth,17310,Tamworth Regional,1,Good,Good,0
14270,West Wallsend,14650,Lake Macquarie,1,Good,Good,0
14271,West Wiangaree,14550,Kyogle,1,Good,Good,0
14272,West Wollongong,18450,Wollongong,1,Good,Good,0
14273,West Wyalong,10800,Bland,1,Good,Good,0
14274,Westbrook (NSW),17000,Singleton,1,Good,Good,0
14275,Westdale (Snowy Valleys - NSW),17080,Snowy Valleys,1,Good,Good,0
14276,Westdale (Tamworth Regional - NSW),17310,Tamworth Regional,1,Good,Good,0
14277,Westleigh,14000,Hornsby,1,Acceptable,Good,0
14278,Westmead,12380,Cumberland,0.5006939,Good,Good,0
14278,Westmead,16260,Parramatta,0.4993061,Acceptable,Good,0
14279,Weston (NSW),11720,Cessnock,1,Good,Good,0
14280,Westwood (NSW),17080,Snowy Valleys,1,Good,Good,0
14281,Wetherill Park,12850,Fairfield,1,Good,Good,0
14282,Wetuppa,15520,Murray River,1,Good,Good,0
14283,Whalan,10750,Blacktown,1,Good,Good,0
14284,Whale Beach,15990,Northern Beaches,1,Good,Good,0
14285,Wheeler Heights,15990,Northern Beaches,1,Good,Good,0
14286,Wheeny Creek,13800,Hawkesbury,1,Good,Good,0
14287,Wheeo,17640,Upper Lachlan Shire,1,Good,Good,0
14288,Wherrol Flat,15240,Mid-Coast,1,Good,Good,0
14289,Whian Whian,11350,Byron,0.0002185,Good,Good,1
14289,Whian Whian,14850,Lismore,0.9997815,Good,Good,0
14290,Whiporie,16610,Richmond Valley,1,Good,Good,0
14291,White Cliffs,11700,Central Darling,0.8012665,Good,Good,0
14291,White Cliffs,19399,Unincorporated NSW,0.1987335,Acceptable,Good,0
14292,White Rock (NSW),10470,Bathurst Regional,1,Good,Good,0
14293,Whitebridge,14650,Lake Macquarie,1,Good,Good,0
14294,Whiteman Creek,11730,Clarence Valley,1,Good,Good,0
14295,Whitlow,13660,Gwydir,1,Good,Good,0
14296,Whittingham,17000,Singleton,1,Good,Good,0
14297,Whitton,13450,Griffith,0.0364735,Good,Good,0
14297,Whitton,14750,Leeton,0.9635265,Good,Good,0
14298,Whoota,15240,Mid-Coast,1,Good,Good,0
14299,Wiagdon,10470,Bathurst Regional,1,Good,Good,0
14300,Wiangaree,14550,Kyogle,1,Good,Good,0
14301,Wiarborough,16100,Oberon,0.0014215,Good,Good,1
14301,Wiarborough,17640,Upper Lachlan Shire,0.9985785,Good,Good,0
14302,Wickham (NSW),15900,Newcastle,1,Good,Good,0
14303,Widden,15650,Muswellbrook,1,Good,Good,0
14304,Widgelli,13450,Griffith,1,Good,Good,0
14305,Wilberforce (NSW),13800,Hawkesbury,1,Good,Good,0
14306,Wilbetree,15270,Mid-Western Regional,1,Good,Good,0
14307,Wilcannia,11700,Central Darling,1,Good,Good,0
14308,Wild Cattle Creek,11730,Clarence Valley,1,Good,Good,0
14309,Wildes Meadow,18350,Wingecarribee,1,Good,Good,0
14310,Wiley Park,11570,Canterbury-Bankstown,1,Good,Good,0
14311,Willala,13550,Gunnedah,1,Good,Good,0
14312,Willawarrin,14350,Kempsey,1,Good,Good,0
14313,Willbriggie,11600,Carrathool,0.1027503,Good,Good,0
14313,Willbriggie,13450,Griffith,0.8972497,Good,Good,0
14314,Willi Willi,14350,Kempsey,1,Good,Good,0
14315,Williamsdale,16490,Queanbeyan-Palerang Regional,0.7704031,Good,Good,0
14315,Williamsdale,17040,Snowy Monaro Regional,0.2295969,Good,Good,0
14316,Williamtown,16400,Port Stephens,1,Good,Good,0
14317,Willigobung,17080,Snowy Valleys,1,Good,Good,0
14318,Willina,15240,Mid-Coast,1,Good,Good,0
14319,Willmot,10750,Blacktown,1,Good,Good,0
14320,Willoughby (NSW),18250,Willoughby,1,Good,Good,0
14321,Willoughby East,18250,Willoughby,1,Good,Good,0
14322,Willow Tree,14920,Liverpool Plains,1,Good,Good,0
14323,Willow Vale (Kiama - NSW),14400,Kiama,1,Good,Good,0
14324,Willow Vale (Wingecarribee - NSW),18350,Wingecarribee,1,Good,Good,0
14325,Willsons Downfall,17400,Tenterfield,1,Good,Good,0
14326,Willurah,12730,Edward River,1,Good,Good,0
14327,Wilpinjong,15270,Mid-Western Regional,1,Good,Good,0
14328,Wilsons Creek,11350,Byron,1,Good,Good,0
14329,Wilton (NSW),18400,Wollondilly,1,Good,Good,0
14330,Wimbledon,10470,Bathurst Regional,1,Good,Good,0
14331,Wimborne,17310,Tamworth Regional,1,Good,Good,0
14332,Winburndale,10470,Bathurst Regional,1,Good,Good,0
14333,Windale,14650,Lake Macquarie,1,Good,Good,0
14334,Windang,18450,Wollongong,1,Good,Good,0
14335,Windella,15050,Maitland,1,Good,Good,0
14336,Windellama,13310,Goulburn Mulwaree,1,Good,Good,0
14337,Windera (NSW),11400,Cabonne,1,Good,Good,0
14338,Windermere (NSW),15050,Maitland,1,Good,Good,0
14339,Windermere Park,14650,Lake Macquarie,1,Good,Good,0
14340,Windeyer (NSW),15270,Mid-Western Regional,1,Good,Good,0
14341,Windowie,17080,Snowy Valleys,1,Good,Good,0
14342,Windradyne,10470,Bathurst Regional,1,Good,Good,0
14343,Windsor (NSW),13800,Hawkesbury,1,Good,Good,0
14344,Windsor Downs,13800,Hawkesbury,1,Good,Good,0
14345,Windy,14920,Liverpool Plains,1,Good,Good,0
14346,Winegrove,11730,Clarence Valley,1,Good,Good,0
14347,Wingadee,12150,Coonamble,1,Good,Good,0
14348,Wingello,18350,Wingecarribee,1,Good,Good,0
14349,Wingen,17620,Upper Hunter Shire,1,Good,Good,0
14350,Wingham,15240,Mid-Coast,1,Good,Good,0
14351,Winifred,17040,Snowy Monaro Regional,1,Good,Good,0
14352,Winmalee,10900,Blue Mountains,1,Good,Good,0
14353,Winston Hills,16260,Parramatta,0.9893463,Acceptable,Good,0
14353,Winston Hills,17420,The Hills Shire,0.0106537,Good,Good,0
14354,Winton (NSW),17310,Tamworth Regional,1,Good,Good,0
14355,Wirlinga,10050,Albury,1,Good,Good,0
14356,Wirraba,14870,Lithgow,1,Good,Good,0
14357,Wirragulla,12700,Dungog,1,Good,Good,0
14358,Wirrimah,13910,Hilltops,1,Good,Good,0
14359,Wirrimbi,15700,Nambucca Valley,1,Good,Good,0
14360,Wirrinya,12900,Forbes,0.8556265,Good,Good,0
14360,Wirrinya,18100,Weddin,0.1443735,Good,Good,0
14361,Wisemans Creek,10470,Bathurst Regional,9.09E-05,Good,Good,1
14361,Wisemans Creek,16100,Oberon,0.9999091,Good,Good,0
14362,Wisemans Ferry,11650,Central Coast (NSW),4.31E-05,Good,Good,1
14362,Wisemans Ferry,13800,Hawkesbury,0.2111681,Good,Good,0
14362,Wisemans Ferry,14000,Hornsby,0.3921324,Acceptable,Good,0
14362,Wisemans Ferry,17420,The Hills Shire,0.3966565,Good,Good,0
14363,Wittitrin,14350,Kempsey,1,Good,Good,0
14364,Wog Wog (Bega Valley - NSW),10550,Bega Valley,1,Good,Good,0
14365,Wog Wog (Queanbeyan-Palerang Regional - NSW),16490,Queanbeyan-Palerang Regional,1,Good,Good,0
14366,Woko,15240,Mid-Coast,1,Good,Good,0
14367,Wolgan Valley,14870,Lithgow,1,Good,Good,0
14368,Wollangambe,14870,Lithgow,1,Good,Good,0
14369,Wollar,15270,Mid-Western Regional,1,Good,Good,0
14370,Wollemi,14870,Lithgow,0.5,Good,Good,0
14370,Wollemi,17000,Singleton,0.5,Good,Good,0
14371,Wolli Creek,10500,Bayside (NSW),1,Good,Good,0
14372,Wollogorang,13310,Goulburn Mulwaree,0.7044268,Good,Good,0
14372,Wollogorang,17640,Upper Lachlan Shire,0.2955732,Good,Good,0
14373,Wollombi,11720,Cessnock,1,Good,Good,0
14374,Wollomombi,10180,Armidale Regional,1,Good,Good,0
14375,Wollongbar,10250,Ballina,1,Good,Good,0
14376,Wollongong,18450,Wollongong,1,Good,Good,0
14377,Wollstonecraft,15950,North Sydney,1,Good,Good,0
14378,Wollumboola,16950,Shoalhaven,1,Good,Good,0
14379,Wollun,17650,Uralla,1,Good,Good,0
14380,Wolumla,10550,Bega Valley,1,Good,Good,0
14381,Wombarra,18450,Wollongong,1,Good,Good,0
14382,Wombat,13910,Hilltops,1,Good,Good,0
14383,Wombat Creek (NSW),11730,Clarence Valley,1,Good,Good,0
14384,Wombeyan Caves,17640,Upper Lachlan Shire,0.8946723,Good,Good,0
14384,Wombeyan Caves,18350,Wingecarribee,0.1053277,Good,Good,0
14385,Womboota,15520,Murray River,1,Good,Good,0
14386,Womerah,13800,Hawkesbury,1,Good,Good,0
14387,Wonboyn,10550,Bega Valley,1,Good,Good,0
14388,Wonboyn North,10550,Bega Valley,1,Good,Good,0
14389,Wondabyne,11650,Central Coast (NSW),1,Good,Good,0
14390,Wondalga,17080,Snowy Valleys,1,Good,Good,0
14391,Wongarbon,12390,Dubbo Regional,1,Good,Good,0
14392,Wongawilli,18450,Wollongong,1,Good,Good,0
14393,Wongo Creek,17310,Tamworth Regional,1,Good,Good,0
14394,Wongwibinda,10180,Armidale Regional,1,Good,Good,0
14395,Woodberry,15050,Maitland,1,Good,Good,0
14396,Woodbine (NSW),11500,Campbelltown (NSW),1,Good,Good,0
14397,Woodburn (Richmond Valley - NSW),16610,Richmond Valley,1,Good,Good,0
14398,Woodburn (Shoalhaven - NSW),16950,Shoalhaven,1,Good,Good,0
14399,Woodcroft (NSW),10750,Blacktown,1,Good,Good,0
14400,Woodenbong,14550,Kyogle,0.8775057,Good,Good,0
14400,Woodenbong,17400,Tenterfield,0.1224943,Good,Good,0
14401,Woodford (NSW),10900,Blue Mountains,1,Good,Good,0
14402,Woodford Island,11730,Clarence Valley,1,Good,Good,0
14403,Woodhill (NSW),16950,Shoalhaven,1,Good,Good,0
14404,Woodhouselee,13310,Goulburn Mulwaree,0.5708175,Good,Good,0
14404,Woodhouselee,17640,Upper Lachlan Shire,0.4291825,Good,Good,0
14405,Woodlands (Eurobodalla - NSW),12750,Eurobodalla,1,Good,Good,0
14406,Woodlands (Wingecarribee - NSW),18350,Wingecarribee,1,Good,Good,0
14407,Woodlawn,14850,Lismore,1,Good,Good,0
14408,Woodpark,12380,Cumberland,1,Good,Good,0
14409,Woodrising,14650,Lake Macquarie,1,Good,Good,0
14410,Woodside (NSW),17400,Tenterfield,1,Good,Good,0
14411,Woodsreef,17310,Tamworth Regional,1,Good,Good,0
14412,Woodstock (Cowra - NSW),12350,Cowra,1,Good,Good,0
14413,Woodstock (Inverell - NSW),14220,Inverell,1,Good,Good,0
14414,Woodstock (Shoalhaven - NSW),16950,Shoalhaven,1,Good,Good,0
14415,Woodview,16610,Richmond Valley,1,Good,Good,0
14416,Woodville (NSW),15050,Maitland,0.0368835,Good,Good,0
14416,Woodville (NSW),16400,Port Stephens,0.9631165,Good,Good,0
14417,Woody Head,11730,Clarence Valley,1,Good,Good,0
14418,Woolbrook,17310,Tamworth Regional,0.3333862,Good,Good,0
14418,Woolbrook,17850,Walcha,0.6666138,Good,Good,0
14419,Woolgarlo,18710,Yass Valley,1,Good,Good,0
14420,Woolgoolga,11800,Coffs Harbour,1,Good,Good,0
14421,Wooli,11730,Clarence Valley,1,Good,Good,0
14422,Woollahra,18500,Woollahra,1,Acceptable,Good,0
14423,Woollamia,16950,Shoalhaven,1,Good,Good,0
14424,Woolloomooloo,17200,Sydney,1,Good,Good,0
14425,Woolners Arm,14550,Kyogle,1,Good,Good,0
14426,Woolomin,17310,Tamworth Regional,1,Good,Good,0
14427,Woolooma,17620,Upper Hunter Shire,1,Good,Good,0
14428,Woolooware,17150,Sutherland Shire,1,Good,Good,0
14429,Wooloweyah,11730,Clarence Valley,1,Good,Good,0
14430,Woolwich,14100,Hunters Hill,0.9915862,Acceptable,Good,0
14430,Woolwich,14170,Inner West,0.0084138,Good,Good,1
14431,Woomargama,13340,Greater Hume Shire,1,Good,Good,0
14432,Woombah,11730,Clarence Valley,1,Good,Good,0
14433,Woongarrah,11650,Central Coast (NSW),1,Good,Good,0
14434,Woonona,18450,Wollongong,1,Good,Good,0
14435,Wootton,15240,Mid-Coast,1,Good,Good,0
14436,Wooyung,11350,Byron,0.2410069,Good,Good,0
14436,Wooyung,17550,Tweed,0.7589931,Good,Good,0
14437,Worlds End (NSW),15270,Mid-Western Regional,1,Good,Good,0
14438,Woronora,17150,Sutherland Shire,1,Good,Good,0
14439,Woronora Dam,11500,Campbelltown (NSW),0.125,Good,Good,0
14439,Woronora Dam,17150,Sutherland Shire,0.125,Good,Good,0
14439,Woronora Dam,18450,Wollongong,0.75,Good,Good,0
14440,Woronora Heights,17150,Sutherland Shire,1,Good,Good,0
14441,Worrigee,16950,Shoalhaven,1,Good,Good,0
14442,Worrowing Heights,16950,Shoalhaven,1,Good,Good,0
14443,Woy Woy,11650,Central Coast (NSW),1,Good,Good,0
14444,Woy Woy Bay,11650,Central Coast (NSW),1,Good,Good,0
14445,Wrathall,14950,Lockhart,1,Good,Good,0
14446,Wrights Beach,16950,Shoalhaven,1,Good,Good,0
14447,Wrights Creek (NSW),13800,Hawkesbury,1,Good,Good,0
14448,Wuuluman,12390,Dubbo Regional,1,Good,Good,0
14449,Wyalong,10800,Bland,1,Good,Good,0
14450,Wyan,16610,Richmond Valley,1,Good,Good,0
14451,Wyanbene,16490,Queanbeyan-Palerang Regional,1,Good,Good,0
14452,Wyangala,12350,Cowra,0.7915047,Good,Good,0
14452,Wyangala,13910,Hilltops,0.2084953,Good,Good,0
14453,Wyangle,17080,Snowy Valleys,1,Good,Good,0
14454,Wybong,15650,Muswellbrook,1,Good,Good,0
14455,Wybung,11650,Central Coast (NSW),1,Good,Good,0
14456,Wyee,14650,Lake Macquarie,1,Good,Good,0
14457,Wyee Point,14650,Lake Macquarie,1,Good,Good,0
14458,Wylie Creek,17400,Tenterfield,1,Good,Good,0
14459,Wylies Flat,17000,Singleton,1,Good,Good,0
14460,Wymah,13340,Greater Hume Shire,1,Good,Good,0
14461,Wyndham (NSW),10550,Bega Valley,1,Good,Good,0
14462,Wyneden,14550,Kyogle,1,Good,Good,0
14463,Wyoming,11650,Central Coast (NSW),1,Good,Good,0
14464,Wyong,11650,Central Coast (NSW),1,Good,Good,0
14465,Wyong Creek,11650,Central Coast (NSW),1,Good,Good,0
14466,Wyongah,11650,Central Coast (NSW),1,Good,Good,0
14467,Wyrallah,14850,Lismore,1,Good,Good,0
14468,Yabbra,14550,Kyogle,1,Good,Good,0
14469,Yadboro,16950,Shoalhaven,1,Good,Good,0
14470,Yagon,15240,Mid-Coast,1,Good,Good,0
14471,Yagoona,11570,Canterbury-Bankstown,1,Good,Good,0
14472,Yalbraith,17640,Upper Lachlan Shire,1,Good,Good,0
14473,Yallah,18450,Wollongong,1,Good,Good,0
14474,Yallaroi,13660,Gwydir,1,Good,Good,0
14475,Yalwal,16950,Shoalhaven,1,Good,Good,0
14476,Yamba (NSW),11730,Clarence Valley,1,Good,Good,0
14477,Yambulla,10550,Bega Valley,1,Good,Good,0
14478,Yanco,14750,Leeton,1,Good,Good,0
14479,Yanderra,18400,Wollondilly,1,Good,Good,0
14480,Yanga,15520,Murray River,1,Good,Good,0
14481,Yankees Creek,10550,Bega Valley,1,Good,Good,0
14482,Yannergee,14920,Liverpool Plains,1,Good,Good,0
14483,Yantabulla,11150,Bourke,1,Good,Good,0
14484,Yaouk,17040,Snowy Monaro Regional,1,Good,Good,0
14485,Yarara,13340,Greater Hume Shire,1,Good,Good,0
14486,Yarra,13310,Goulburn Mulwaree,1,Good,Good,0
14487,Yarrabandai,12900,Forbes,0.5860882,Good,Good,0
14487,Yarrabandai,16200,Parkes,0.4139118,Good,Good,0
14488,Yarrabin,12390,Dubbo Regional,0.1457078,Good,Good,0
14488,Yarrabin,15270,Mid-Western Regional,0.8542922,Good,Good,0
14489,Yarragal,12390,Dubbo Regional,1,Good,Good,0
14490,Yarragrin,18020,Warrumbungle Shire,1,Good,Good,0
14491,Yarragundry,17750,Wagga Wagga,1,Good,Good,0
14492,Yarrahapinni,14350,Kempsey,1,Good,Good,0
14493,Yarramalong,11650,Central Coast (NSW),1,Good,Good,0
14494,Yarraman (NSW),14920,Liverpool Plains,1,Good,Good,0
14495,Yarramundi,13800,Hawkesbury,1,Good,Good,0
14496,Yarranbella,15700,Nambucca Valley,1,Good,Good,0
14497,Yarrangobilly,17080,Snowy Valleys,1,Good,Good,0
14498,Yarras (Bathurst Regional - NSW),10470,Bathurst Regional,1,Good,Good,0
14499,Yarras (Port Macquarie-Hastings - NSW),16380,Port Macquarie-Hastings,1,Good,Good,0
14500,Yarratt Forest,15240,Mid-Coast,1,Good,Good,0
14501,Yarravel,14350,Kempsey,1,Good,Good,0
14502,Yarrawa,15650,Muswellbrook,1,Good,Good,0
14503,Yarrawarrah,17150,Sutherland Shire,1,Good,Good,0
14504,Yarrawonga (NSW),15270,Mid-Western Regional,1,Good,Good,0
14505,Yarrawonga Park,14650,Lake Macquarie,1,Good,Good,0
14506,Yarrie Lake,15750,Narrabri,1,Good,Good,0
14507,Yarrow,16490,Queanbeyan-Palerang Regional,1,Good,Good,0
14508,Yarrowford,13010,Glen Innes Severn,1,Good,Good,0
14509,Yarrowitch,17850,Walcha,1,Good,Good,0
14510,Yarrowyck,17650,Uralla,1,Good,Good,0
14511,Yass,18710,Yass Valley,1,Good,Good,0
14512,Yass River,18710,Yass Valley,1,Good,Good,0
14513,Yathella,14300,Junee,1,Good,Good,0
14514,Yattalunga (NSW),11650,Central Coast (NSW),1,Good,Good,0
14515,Yatte Yattah,16950,Shoalhaven,1,Good,Good,0
14516,Yaven Creek,17080,Snowy Valleys,1,Good,Good,0
14517,Yelgun,11350,Byron,1,Good,Good,0
14518,Yellow Dam,14220,Inverell,1,Good,Good,0
14519,Yellow Pinch,10550,Bega Valley,1,Good,Good,0
14520,Yellow Rock (Blue Mountains - NSW),10900,Blue Mountains,1,Good,Good,0
14521,Yellow Rock (Shellharbour - NSW),14400,Kiama,0.0960968,Good,Good,0
14521,Yellow Rock (Shellharbour - NSW),16900,Shellharbour,0.9039032,Good,Good,0
14522,Yenda (NSW),11600,Carrathool,0.0019392,Good,Good,1
14522,Yenda (NSW),13450,Griffith,0.9980608,Good,Good,0
14523,Yengo National Park,11720,Cessnock,1,Good,Good,0
14524,Yennora,12380,Cumberland,6.00E-05,Good,Good,1
14524,Yennora,12850,Fairfield,0.99994,Good,Good,0
14525,Yeoval,11400,Cabonne,1,Good,Good,0
14526,Yerong Creek,14950,Lockhart,1,Good,Good,0
14527,Yerranderie,18400,Wollondilly,1,Good,Good,0
14528,Yerrinbool,18350,Wingecarribee,1,Good,Good,0
14529,Yerriyong,16950,Shoalhaven,1,Good,Good,0
14530,Yessabah,14350,Kempsey,1,Good,Good,0
14531,Yetholme,10470,Bathurst Regional,1,Good,Good,0
14532,Yetman,14220,Inverell,1,Good,Good,0
14533,Yippin Creek,16380,Port Macquarie-Hastings,1,Good,Good,0
14534,Yoogali,13450,Griffith,1,Good,Good,0
14535,Yorklea,16610,Richmond Valley,1,Good,Good,0
14536,Young,13910,Hilltops,1,Good,Good,0
14537,Yowie Bay,17150,Sutherland Shire,1,Good,Good,0
14538,Yowrie,10550,Bega Valley,0.9998335,Good,Good,0
14538,Yowrie,12750,Eurobodalla,0.0001665,Good,Good,1
14539,Yullundry,11400,Cabonne,1,Good,Good,0
14540,Yuraygir,11730,Clarence Valley,1,Good,Good,0
14541,Zara,17550,Tweed,1,Good,Good,0
14542,Zetland,17200,Sydney,1,Good,Good,0
19494,No usual address (NSW),19499,No usual address (NSW),1,Good,Good,0
19797,Migratory - Offshore - Shipping (NSW),19799,Migratory - Offshore - Shipping (NSW),1,Good,Good,0
20001,Abbeyard,20110,Alpine,1,Good,Good,0
20002,Abbotsford (Vic.),27350,Yarra,1,Good,Good,0
20003,Aberfeldie,25060,Moonee Valley,1,Good,Good,0
20004,Aberfeldy,20830,Baw Baw,1,Good,Good,0
20005,Acheron,25620,Murrindindi,1,Good,Good,0
20006,Ada,20830,Baw Baw,1,Good,Good,0
20007,Adams Estate,20740,Bass Coast,1,Good,Good,0
20008,Addington,20570,Ballarat,1,Good,Good,0
20009,Adelaide Lead,21670,Central Goldfields,1,Good,Good,0
20010,Agnes,26170,South Gippsland,1,Good,Good,0
20011,Aintree,24650,Melton,1,Good,Good,0
20012,Aire Valley,21750,Colac Otway,1,Good,Good,0
20013,Aireys Inlet,26490,Surf Coast,1,Good,Good,0
20014,Airly,26810,Wellington,1,Good,Good,0
20015,Airport West,25060,Moonee Valley,1,Good,Good,0
20016,Albacutya,22980,Hindmarsh,1,Good,Good,0
20017,Albanvale,21180,Brimbank,1,Good,Good,0
20018,Albert Park (Vic.),25900,Port Phillip,1,Acceptable,Good,0
20019,Alberton (Vic.),26810,Wellington,1,Good,Good,0
20020,Alberton West,26810,Wellington,1,Good,Good,0
20021,Albion (Vic.),21180,Brimbank,1,Good,Good,0
20022,Alexandra (Vic.),25620,Murrindindi,1,Good,Good,0
20023,Alfredton,20570,Ballarat,1,Good,Good,0
20024,Allambee,20830,Baw Baw,1,Good,Good,0
20025,Allambee Reserve,20830,Baw Baw,0.8131591,Good,Good,0
20025,Allambee Reserve,26170,South Gippsland,0.1868409,Good,Good,0
20026,Allambee South,26170,South Gippsland,1,Good,Good,0
20027,Allans Flat,23350,Indigo,1,Good,Good,0
20028,Allansford,25490,Moyne,0.1763962,Good,Good,0
20028,Allansford,26730,Warrnambool,0.8236038,Good,Good,0
20029,Allendale,22910,Hepburn,1,Good,Good,0
20030,Allestree,22410,Glenelg,1,Good,Good,0
20031,Alma (Vic.),21670,Central Goldfields,1,Good,Good,0
20032,Almonds,24900,Moira,1,Good,Good,0
20033,Almurta,20740,Bass Coast,1,Good,Good,0
20034,Alphington,21890,Darebin,0.551316,Good,Good,0
20034,Alphington,27350,Yarra,0.448684,Good,Good,0
20035,Altona (Vic.),23110,Hobsons Bay,1,Good,Good,0
20036,Altona Meadows,23110,Hobsons Bay,1,Good,Good,0
20037,Altona North,23110,Hobsons Bay,1,Good,Good,0
20038,Alvie,21750,Colac Otway,1,Good,Good,0
20039,Amherst,21670,Central Goldfields,1,Good,Good,0
20040,Amor,20830,Baw Baw,1,Good,Good,0
20041,Amphitheatre,25990,Pyrenees,1,Good,Good,0
20042,Anakie,22490,Golden Plains,0.0922682,Good,Good,0
20042,Anakie,22750,Greater Geelong,0.9077318,Good,Good,0
20043,Ancona,24250,Mansfield,1,Good,Good,0
20044,Anderson,20740,Bass Coast,1,Good,Good,0
20045,Anglers Rest,22110,East Gippsland,1,Good,Good,0
20046,Anglesea,26490,Surf Coast,1,Good,Good,0
20047,Annuello,26610,Swan Hill,1,Good,Good,0
20048,Antwerp,22980,Hindmarsh,1,Good,Good,0
20049,Apollo Bay (Vic.),21750,Colac Otway,1,Good,Good,0
20050,Appin (Vic.),22250,Gannawarra,1,Good,Good,0
20051,Appin South,22250,Gannawarra,0.3244192,Good,Good,0
20051,Appin South,23940,Loddon,0.6755808,Good,Good,0
20052,Apsley (Vic.),26890,West Wimmera,1,Good,Good,0
20053,Ararat,20260,Ararat,1,Good,Good,0
20054,Arawata,26170,South Gippsland,1,Good,Good,0
20055,Arbuckle,26810,Wellington,1,Good,Good,0
20056,Arcadia (Vic.),22830,Greater Shepparton,1,Good,Good,0
20057,Arcadia South,26430,Strathbogie,1,Good,Good,0
20058,Archdale,21670,Central Goldfields,0.7141328,Good,Good,0
20058,Archdale,25810,Northern Grampians,0.2858672,Good,Good,0
20059,Archdale Junction,21670,Central Goldfields,0.9991681,Good,Good,0
20059,Archdale Junction,25810,Northern Grampians,0.0008319,Good,Good,1
20060,Archerton,21010,Benalla,0.5832639,Good,Good,0
20060,Archerton,26700,Wangaratta,0.4167361,Good,Good,0
20061,Archies Creek,20740,Bass Coast,1,Good,Good,0
20062,Ardeer,21180,Brimbank,1,Good,Good,0
20063,Ardmona,22830,Greater Shepparton,1,Good,Good,0
20064,Areegra,27630,Yarriambiack,1,Good,Good,0
20065,Argyle (Vic.),22620,Greater Bendigo,1,Good,Good,0
20066,Armadale (Vic.),26350,Stonnington,1,Good,Good,0
20067,Armstrong,20260,Ararat,1,Good,Good,0
20068,Armstrong Creek (Vic.),22750,Greater Geelong,1,Good,Good,0
20069,Arnold (Vic.),23940,Loddon,1,Good,Good,0
20070,Arnold West,23940,Loddon,1,Good,Good,0
20071,Arthurs Creek,25710,Nillumbik,1,Good,Good,0
20072,Arthurs Seat,25340,Mornington Peninsula,1,Good,Good,0
20073,Ascot (Ballarat - Vic.),20570,Ballarat,1,Good,Good,0
20074,Ascot (Greater Bendigo - Vic.),22620,Greater Bendigo,1,Good,Good,0
20075,Ascot Vale,25060,Moonee Valley,1,Good,Good,0
20076,Ashbourne (Vic.),24130,Macedon Ranges,1,Good,Good,0
20077,Ashburton,21110,Boroondara,1,Good,Good,0
20078,Ashwood,24970,Monash,1,Good,Good,0
20079,Aspendale,23430,Kingston (Vic.),1,Good,Good,0
20080,Aspendale Gardens,23430,Kingston (Vic.),1,Good,Good,0
20081,Athlone,20830,Baw Baw,1,Good,Good,0
20082,Attwood,23270,Hume,1,Good,Good,0
20083,Aubrey,27630,Yarriambiack,1,Good,Good,0
20084,Auchmore,23940,Loddon,1,Good,Good,0
20085,Avalon,22750,Greater Geelong,1,Good,Good,0
20086,Avenel,24850,Mitchell,0.0107792,Good,Good,0
20086,Avenel,26430,Strathbogie,0.9892208,Good,Good,0
20087,Avoca (Vic.),25990,Pyrenees,1,Good,Good,0
20088,Avon Plains,25810,Northern Grampians,1,Good,Good,0
20089,Avondale Heights,25060,Moonee Valley,1,Good,Good,0
20090,Avonmore,22620,Greater Bendigo,1,Good,Good,0
20091,Avonsleigh,21450,Cardinia,1,Good,Good,0
20092,Axe Creek,22620,Greater Bendigo,1,Good,Good,0
20093,Axedale,22620,Greater Bendigo,1,Good,Good,0
20094,Ayrford,21830,Corangamite,0.350075,Good,Good,0
20094,Ayrford,25490,Moyne,0.649925,Good,Good,0
20095,Bacchus Marsh,25150,Moorabool,1,Good,Good,0
20096,Baddaginnie,21010,Benalla,0.9178327,Good,Good,0
20096,Baddaginnie,26430,Strathbogie,0.0821673,Good,Good,0
20097,Badger Creek,27450,Yarra Ranges,1,Good,Good,0
20098,Bael Bael,22250,Gannawarra,1,Good,Good,0
20099,Bagshot,22620,Greater Bendigo,1,Good,Good,0
20100,Bagshot North,22620,Greater Bendigo,1,Good,Good,0
20101,Bahgallah,22410,Glenelg,1,Good,Good,0
20102,Bailieston,26430,Strathbogie,1,Good,Good,0
20103,Bairnsdale,22110,East Gippsland,1,Good,Good,0
20104,Bakery Hill,20570,Ballarat,1,Good,Good,0
20105,Balaclava (Vic.),25900,Port Phillip,1,Acceptable,Good,0
20106,Bald Hills (Vic.),20570,Ballarat,1,Good,Good,0
20107,Balintore,21750,Colac Otway,1,Good,Good,0
20108,Ballan,25150,Moorabool,1,Good,Good,0
20109,Ballangeich,25490,Moyne,1,Good,Good,0
20110,Ballapur,21270,Buloke,1,Good,Good,0
20111,Ballarat Central,20570,Ballarat,1,Good,Good,0
20112,Ballarat East,20570,Ballarat,1,Good,Good,0
20113,Ballarat North,20570,Ballarat,1,Good,Good,0
20114,Ballendella,21370,Campaspe,1,Good,Good,0
20115,Balliang,22750,Greater Geelong,0.5787278,Good,Good,0
20115,Balliang,25150,Moorabool,0.4212722,Good,Good,0
20116,Balliang East,25150,Moorabool,1,Good,Good,0
20117,Ballyrogan,20260,Ararat,1,Good,Good,0
20118,Balmattum,26430,Strathbogie,1,Good,Good,0
20119,Balmoral (Vic.),26260,Southern Grampians,1,Good,Good,0
20120,Balnarring,25340,Mornington Peninsula,1,Good,Good,0
20121,Balnarring Beach,25340,Mornington Peninsula,1,Good,Good,0
20122,Balook,23810,Latrobe (Vic.),0.0007669,Good,Good,1
20122,Balook,26810,Wellington,0.9992331,Good,Good,0
20123,Balwyn,21110,Boroondara,1,Good,Good,0
20124,Balwyn North,21110,Boroondara,0.9916541,Good,Good,0
20124,Balwyn North,26980,Whitehorse,0.0083459,Good,Good,1
20125,Bamawm,21370,Campaspe,1,Good,Good,0
20126,Bamawm Extension,21370,Campaspe,1,Good,Good,0
20127,Bambra,26490,Surf Coast,1,Good,Good,0
20128,Bamganie,22490,Golden Plains,1,Good,Good,0
20129,Bandiana,27170,Wodonga,1,Good,Good,0
20130,Bangerang,27630,Yarriambiack,1,Good,Good,0
20131,Bangholme,22670,Greater Dandenong,1,Good,Good,0
20132,Bannerton,26610,Swan Hill,1,Good,Good,0
20133,Bannockburn (Vic.),22490,Golden Plains,1,Good,Good,0
20134,Banyan,21270,Buloke,1,Good,Good,0
20135,Banyena,25810,Northern Grampians,1,Good,Good,0
20136,Baranduda,27170,Wodonga,1,Good,Good,0
20137,Barfold,25430,Mount Alexander,1,Good,Good,0
20138,Baringhup,25430,Mount Alexander,1,Good,Good,0
20139,Baringhup West,25430,Mount Alexander,1,Good,Good,0
20140,Barjarg,21010,Benalla,7.09E-05,Good,Good,1
20140,Barjarg,24250,Mansfield,0.9999291,Good,Good,0
20141,Barkers Creek,25430,Mount Alexander,1,Good,Good,0
20142,Barkly (Vic.),25990,Pyrenees,1,Good,Good,0
20143,Barkstead,25150,Moorabool,1,Good,Good,0
20144,Barmah,24900,Moira,1,Good,Good,0
20145,Barnadown,22620,Greater Bendigo,1,Good,Good,0
20146,Barnawartha,23350,Indigo,1,Good,Good,0
20147,Barnawartha North,27170,Wodonga,1,Good,Good,0
20148,Baromi,26170,South Gippsland,1,Good,Good,0
20149,Barongarook,21750,Colac Otway,1,Good,Good,0
20150,Barongarook West,21750,Colac Otway,1,Good,Good,0
20151,Barrabool,26490,Surf Coast,1,Good,Good,0
20152,Barrakee,21270,Buloke,1,Good,Good,0
20153,Barramunga,21750,Colac Otway,1,Good,Good,0
20154,Barraport,23940,Loddon,1,Good,Good,0
20155,Barraport West,23940,Loddon,1,Good,Good,0
20156,Barrys Reef,25150,Moorabool,1,Good,Good,0
20157,Barunah Park,22490,Golden Plains,1,Good,Good,0
20158,Barunah Plains,21750,Colac Otway,1,Good,Good,0
20159,Barwidgee,20110,Alpine,1,Good,Good,0
20160,Barwite,24250,Mansfield,1,Good,Good,0
20161,Barwon Downs,21750,Colac Otway,1,Good,Good,0
20162,Barwon Heads,22750,Greater Geelong,1,Good,Good,0
20163,Basalt (Vic.),22910,Hepburn,1,Good,Good,0
20164,Bass,20740,Bass Coast,1,Good,Good,0
20165,Batesford,22490,Golden Plains,0.7654243,Good,Good,0
20165,Batesford,22750,Greater Geelong,0.2345757,Good,Good,0
20166,Bathumi,24900,Moira,1,Good,Good,0
20167,Baw Baw (Vic.),20830,Baw Baw,1,Good,Good,0
20168,Baw Baw Village,29399,Unincorporated Vic,1,Good,Good,0
20169,Baxter,25340,Mornington Peninsula,1,Good,Good,0
20170,Bayindeen,20260,Ararat,1,Good,Good,0
20171,Bayles,21450,Cardinia,1,Good,Good,0
20172,Baynton (Vic.),24130,Macedon Ranges,1,Good,Good,0
20173,Bayswater (Vic.),23670,Knox,1,Good,Good,0
20174,Bayswater North,24410,Maroondah,1,Good,Good,0
20175,Beaconsfield (Vic.),21450,Cardinia,0.9288525,Good,Good,0
20175,Beaconsfield (Vic.),21610,Casey,0.0711475,Good,Good,0
20176,Beaconsfield Upper,21450,Cardinia,1,Good,Good,0
20177,Bealiba,21670,Central Goldfields,0.9999048,Good,Good,0
20177,Bealiba,23940,Loddon,9.52E-05,Good,Good,1
20178,Bearii,24900,Moira,1,Good,Good,0
20179,Bears Lagoon,23940,Loddon,1,Good,Good,0
20180,Beauchamp,22250,Gannawarra,0.999778,Good,Good,0
20180,Beauchamp,26610,Swan Hill,0.000222,Good,Good,1
20181,Beaufort (Vic.),25990,Pyrenees,1,Good,Good,0
20182,Beaumaris (Vic.),20910,Bayside (Vic.),1,Good,Good,0
20183,Beazleys Bridge,25810,Northern Grampians,1,Good,Good,0
20184,Beeac,21750,Colac Otway,1,Good,Good,0
20185,Beech Forest,21750,Colac Otway,1,Good,Good,0
20186,Beechworth,23350,Indigo,1,Good,Good,0
20187,Beenak,27450,Yarra Ranges,1,Good,Good,0
20188,Belgrave,27450,Yarra Ranges,1,Good,Good,0
20189,Belgrave Heights,27450,Yarra Ranges,1,Good,Good,0
20190,Belgrave South,27450,Yarra Ranges,1,Good,Good,0
20191,Bell Park,22750,Greater Geelong,1,Good,Good,0
20192,Bell Post Hill,22750,Greater Geelong,1,Good,Good,0
20193,Bellarine,22750,Greater Geelong,1,Good,Good,0
20194,Bellbird Creek,22110,East Gippsland,1,Good,Good,0
20195,Bellbrae,26490,Surf Coast,1,Good,Good,0
20196,Bellbridge,26670,Towong,1,Good,Good,0
20197,Bellellen,25810,Northern Grampians,1,Good,Good,0
20198,Bellfield (Banyule - Vic.),20660,Banyule,1,Acceptable,Good,0
20199,Bellfield (Northern Grampians - Vic.),25810,Northern Grampians,1,Good,Good,0
20200,Bells Beach,26490,Surf Coast,1,Good,Good,0
20201,Belmont (Vic.),22750,Greater Geelong,1,Good,Good,0
20202,Bemm River,22110,East Gippsland,1,Good,Good,0
20203,Bena,26170,South Gippsland,1,Good,Good,0
20204,Benalla,21010,Benalla,1,Good,Good,0
20205,Benambra,22110,East Gippsland,1,Good,Good,0
20206,Benayeo,26890,West Wimmera,1,Good,Good,0
20207,Bend Of Islands,25710,Nillumbik,1,Good,Good,0
20208,Bendigo,22620,Greater Bendigo,1,Good,Good,0
20209,Bendoc,22110,East Gippsland,1,Good,Good,0
20210,Bengworden,22110,East Gippsland,1,Good,Good,0
20211,Benjeroop,22250,Gannawarra,1,Good,Good,0
20212,Benloch,24130,Macedon Ranges,1,Good,Good,0
20213,Bennison,26170,South Gippsland,1,Good,Good,0
20214,Bentleigh,22310,Glen Eira,1,Good,Good,0
20215,Bentleigh East,22310,Glen Eira,1,Good,Good,0
20216,Benwerrin,26490,Surf Coast,1,Good,Good,0
20217,Beremboke,25150,Moorabool,1,Good,Good,0
20218,Berrimal,23940,Loddon,1,Good,Good,0
20219,Berringa,22490,Golden Plains,1,Good,Good,0
20220,Berringama,26670,Towong,1,Good,Good,0
20221,Berriwillock,21270,Buloke,1,Good,Good,0
20222,Berrybank,21830,Corangamite,0.9997299,Good,Good,0
20222,Berrybank,22490,Golden Plains,0.0002701,Good,Good,1
20223,Berrys Creek,26170,South Gippsland,1,Good,Good,0
20224,Berwick,21610,Casey,1,Good,Good,0
20225,Bessiebelle,22410,Glenelg,9.34E-05,Good,Good,1
20225,Bessiebelle,25490,Moyne,0.9999066,Good,Good,0
20226,Bet Bet,21670,Central Goldfields,1,Good,Good,0
20227,Bete Bolong,22110,East Gippsland,1,Good,Good,0
20228,Bete Bolong North,22110,East Gippsland,1,Good,Good,0
20229,Bethanga,26670,Towong,1,Good,Good,0
20230,Betley,21670,Central Goldfields,1,Good,Good,0
20231,Beulah (Vic.),27630,Yarriambiack,1,Good,Good,0
20232,Beverford,26610,Swan Hill,1,Good,Good,0
20233,Beveridge,24850,Mitchell,0.914563,Good,Good,0
20233,Beveridge,27070,Whittlesea,0.085437,Good,Good,0
20234,Big Desert,22980,Hindmarsh,0.0012346,Good,Good,1
20234,Big Desert,24780,Mildura,0.9962963,Good,Good,0
20234,Big Desert,26890,West Wimmera,0.0024691,Good,Good,1
20235,Big Hill (Greater Bendigo - Vic.),22620,Greater Bendigo,1,Good,Good,0
20236,Big Hill (Surf Coast - Vic.),26490,Surf Coast,1,Good,Good,0
20237,Big Pats Creek,27450,Yarra Ranges,1,Good,Good,0
20238,Biggara,26670,Towong,1,Good,Good,0
20239,Billabong,26810,Wellington,1,Good,Good,0
20240,Bimbourie,21270,Buloke,1,Good,Good,0
20241,Bindi,22110,East Gippsland,1,Good,Good,0
20242,Binginwarri,26170,South Gippsland,0.1777597,Good,Good,0
20242,Binginwarri,26810,Wellington,0.8222403,Good,Good,0
20243,Bingo Munjie,22110,East Gippsland,1,Good,Good,0
20244,Birchip,21270,Buloke,1,Good,Good,0
20245,Birchip West,21270,Buloke,1,Good,Good,0
20246,Birdwoodton,24780,Mildura,1,Good,Good,0
20247,Birregurra,21750,Colac Otway,0.9693061,Good,Good,0
20247,Birregurra,26490,Surf Coast,0.0306939,Good,Good,0
20248,Bittern,25340,Mornington Peninsula,0.9999976,Good,Good,0
20248,Bittern,29399,Unincorporated Vic,2.40E-06,Good,Good,1
20249,Black Hill (Vic.),20570,Ballarat,1,Good,Good,0
20250,Black Range (Vic.),20260,Ararat,0.0879757,Good,Good,0
20250,Black Range (Vic.),25810,Northern Grampians,0.9120243,Good,Good,0
20251,Black Rock (Vic.),20910,Bayside (Vic.),1,Good,Good,0
20252,Blackburn,26980,Whitehorse,1,Good,Good,0
20253,Blackburn North,26980,Whitehorse,1,Good,Good,0
20254,Blackburn South,26980,Whitehorse,1,Good,Good,0
20255,Blackwarry,26810,Wellington,1,Good,Good,0
20256,Blackwood (Vic.),25150,Moorabool,1,Good,Good,0
20257,Blairgowrie,25340,Mornington Peninsula,1,Good,Good,0
20258,Blakeville,25150,Moorabool,1,Good,Good,0
20259,Blampied,22910,Hepburn,1,Good,Good,0
20260,Blind Bight,21610,Casey,1,Good,Good,0
20261,Blowhard,20570,Ballarat,1,Good,Good,0
20262,Bo Peep,20570,Ballarat,1,Good,Good,0
20263,Bobinawarrah,26700,Wangaratta,1,Good,Good,0
20264,Bochara,26260,Southern Grampians,1,Good,Good,0
20265,Bogong,20110,Alpine,1,Good,Good,0
20266,Boho,26430,Strathbogie,1,Good,Good,0
20267,Boho South,21010,Benalla,0.0001052,Good,Good,1
20267,Boho South,26430,Strathbogie,0.9998948,Good,Good,0
20268,Boigbeat,21270,Buloke,1,Good,Good,0
20269,Boinka,24780,Mildura,1,Good,Good,0
20270,Boisdale,26810,Wellington,1,Good,Good,0
20271,Bolangum,25810,Northern Grampians,1,Good,Good,0
20272,Bolinda,24130,Macedon Ranges,1,Good,Good,0
20273,Bolton,26610,Swan Hill,1,Good,Good,0
20274,Bolwarra (Vic.),22410,Glenelg,1,Good,Good,0
20275,Bolwarrah,25150,Moorabool,1,Good,Good,0
20276,Bona Vista,20830,Baw Baw,1,Good,Good,0
20277,Bonang,22110,East Gippsland,1,Good,Good,0
20278,Bonbeach,23430,Kingston (Vic.),1,Good,Good,0
20279,Bonegilla,27170,Wodonga,1,Good,Good,0
20280,Boneo,25340,Mornington Peninsula,1,Good,Good,0
20281,Bonn,21370,Campaspe,1,Good,Good,0
20282,Bonnie Brook,24650,Melton,1,Good,Good,0
20283,Bonnie Doon (Vic.),24250,Mansfield,1,Good,Good,0
20284,Bonshaw (Vic.),20570,Ballarat,1,Good,Good,0
20285,Bookaar,21830,Corangamite,1,Good,Good,0
20286,Boola,20830,Baw Baw,1,Good,Good,0
20287,Boolarong,26170,South Gippsland,1,Good,Good,0
20288,Boolarra,23810,Latrobe (Vic.),1,Good,Good,0
20289,Boolarra South,23810,Latrobe (Vic.),1,Good,Good,0
20290,Boole Poole,22110,East Gippsland,1,Good,Good,0
20291,Boolite,27630,Yarriambiack,1,Good,Good,0
20292,Boomahnoomoonah,24900,Moira,1,Good,Good,0
20293,Boonah (Vic.),26490,Surf Coast,1,Good,Good,0
20294,Boorcan,21830,Corangamite,1,Good,Good,0
20295,Boorhaman,26700,Wangaratta,1,Good,Good,0
20296,Boorhaman East,26700,Wangaratta,1,Good,Good,0
20297,Boorhaman North,26700,Wangaratta,1,Good,Good,0
20298,Boorolite,24250,Mansfield,1,Good,Good,0
20299,Boorool,26170,South Gippsland,1,Good,Good,0
20300,Boort,23940,Loddon,1,Good,Good,0
20301,Boosey,24900,Moira,1,Good,Good,0
20302,Boralma,26700,Wangaratta,1,Good,Good,0
20303,Bornes Hill,20260,Ararat,1,Good,Good,0
20304,Boronia,23670,Knox,1,Good,Good,0
20305,Borung,23940,Loddon,1,Good,Good,0
20306,Bostocks Creek,21830,Corangamite,1,Good,Good,0
20307,Botanic Ridge,21610,Casey,1,Good,Good,0
20308,Boundary Bend,26610,Swan Hill,1,Good,Good,0
20309,Bowenvale,21670,Central Goldfields,1,Good,Good,0
20310,Boweya,21010,Benalla,0.7396083,Good,Good,0
20310,Boweya,26700,Wangaratta,0.2603917,Good,Good,0
20311,Boweya North,24900,Moira,1,Good,Good,0
20312,Bowmans Forest,26700,Wangaratta,1,Good,Good,0
20313,Bowser,26700,Wangaratta,1,Good,Good,0
20314,Box Hill (Vic.),26980,Whitehorse,1,Good,Good,0
20315,Box Hill North,26980,Whitehorse,1,Good,Good,0
20316,Box Hill South,26980,Whitehorse,1,Good,Good,0
20317,Boxwood,21010,Benalla,0.6998002,Good,Good,0
20317,Boxwood,22830,Greater Shepparton,0.3001998,Good,Good,0
20318,Bradford,25430,Mount Alexander,1,Good,Good,0
20319,Bradvale,21830,Corangamite,1,Good,Good,0
20320,Braeside,23430,Kingston (Vic.),1,Good,Good,0
20321,Brandy Creek (Vic.),20830,Baw Baw,1,Good,Good,0
20322,Branxholme,22410,Glenelg,0.1282922,Good,Good,0
20322,Branxholme,26260,Southern Grampians,0.8717078,Good,Good,0
20323,Bravington,20830,Baw Baw,1,Good,Good,0
20324,Braybrook,24330,Maribyrnong,1,Good,Good,0
20325,Breakaway Creek,22410,Glenelg,0.9994877,Good,Good,0
20325,Breakaway Creek,25490,Moyne,0.0005123,Good,Good,1
20326,Breakwater,22750,Greater Geelong,1,Good,Good,0
20327,Breamlea,22750,Greater Geelong,0.9596969,Good,Good,0
20327,Breamlea,26490,Surf Coast,0.0403031,Good,Good,0
20328,Brenanah,23940,Loddon,1,Good,Good,0
20329,Brewster,25990,Pyrenees,1,Good,Good,0
20330,Briagolong,26810,Wellington,1,Good,Good,0
20331,Briar Hill,20660,Banyule,1,Acceptable,Good,0
20332,Bridge Creek,21010,Benalla,0.0001709,Good,Good,1
20332,Bridge Creek,24250,Mansfield,0.9998291,Good,Good,0
20333,Bridgewater (Vic.),23940,Loddon,1,Good,Good,0
20334,Bridgewater North,23940,Loddon,1,Good,Good,0
20335,Bridgewater On Loddon,23940,Loddon,1,Good,Good,0
20336,Bright (Vic.),20110,Alpine,1,Good,Good,0
20337,Brighton (Vic.),20910,Bayside (Vic.),1,Good,Good,0
20338,Brighton East,20910,Bayside (Vic.),0.9718139,Good,Good,0
20338,Brighton East,22310,Glen Eira,0.0281861,Good,Good,0
20339,Brim,27630,Yarriambiack,1,Good,Good,0
20340,Brimboal,22410,Glenelg,1,Good,Good,0
20341,Brimin,23350,Indigo,1,Good,Good,0
20342,Brimpaen,23190,Horsham,1,Good,Good,0
20343,Bringalbert,26890,West Wimmera,1,Good,Good,0
20344,Brit Brit,26260,Southern Grampians,1,Good,Good,0
20345,Broadford,24850,Mitchell,1,Good,Good,0
20346,Broadmeadows (Vic.),23270,Hume,1,Good,Good,0
20347,Broadwater (Vic.),25490,Moyne,1,Good,Good,0
20348,Brodribb River,22110,East Gippsland,1,Good,Good,0
20349,Broken Creek,21010,Benalla,1,Good,Good,0
20350,Bromley,21670,Central Goldfields,1,Good,Good,0
20351,Brookfield (Vic.),24650,Melton,1,Good,Good,0
20352,Brooklyn (Vic.),21180,Brimbank,0.0045269,Good,Good,1
20352,Brooklyn (Vic.),23110,Hobsons Bay,0.9954731,Good,Good,0
20353,Brookville,22110,East Gippsland,1,Good,Good,0
20354,Broomfield,22910,Hepburn,1,Good,Good,0
20355,Broughton (Vic.),22980,Hindmarsh,1,Good,Good,0
20356,Brown Hill (Vic.),20570,Ballarat,1,Good,Good,0
20357,Browns Plains (Vic.),23350,Indigo,1,Good,Good,0
20358,Bruarong,23350,Indigo,1,Good,Good,0
20359,Brucknell,21830,Corangamite,1,Good,Good,0
20360,Brumby,22110,East Gippsland,1,Good,Good,0
20361,Brunswick (Vic.),25250,Moreland,1,Good,Good,0
20362,Brunswick East,25250,Moreland,1,Good,Good,0
20363,Brunswick West,25250,Moreland,1,Good,Good,0
20364,Bruthen,22110,East Gippsland,1,Good,Good,0
20365,Buangor,20260,Ararat,0.9650587,Good,Good,0
20365,Buangor,25990,Pyrenees,0.0349413,Good,Good,0
20366,Buchan,22110,East Gippsland,1,Good,Good,0
20367,Buchan South,22110,East Gippsland,1,Good,Good,0
20368,Buckland (Vic.),20110,Alpine,1,Good,Good,0
20369,Buckley,26490,Surf Coast,1,Good,Good,0
20370,Buckley Swamp,26260,Southern Grampians,1,Good,Good,0
20371,Buckrabanyule,21270,Buloke,0.5687457,Good,Good,0
20371,Buckrabanyule,23940,Loddon,0.4312543,Good,Good,0
20372,Budgee Budgee (Vic.),26810,Wellington,1,Good,Good,0
20373,Budgeree,23810,Latrobe (Vic.),1,Good,Good,0
20374,Budgerum East,22250,Gannawarra,1,Good,Good,0
20375,Buffalo,26170,South Gippsland,1,Good,Good,0
20376,Buffalo River,20110,Alpine,1,Good,Good,0
20377,Bulart,26260,Southern Grampians,1,Good,Good,0
20378,Buldah,22110,East Gippsland,1,Good,Good,0
20379,Bulga (Vic.),26610,Swan Hill,1,Good,Good,0
20380,Bulgana,25810,Northern Grampians,1,Good,Good,0
20381,Bulla (Vic.),23270,Hume,1,Good,Good,0
20382,Bullaharre,21830,Corangamite,1,Good,Good,0
20383,Bullarook,25150,Moorabool,1,Good,Good,0
20384,Bullarto,22910,Hepburn,1,Good,Good,0
20385,Bullarto South,22910,Hepburn,0.5870982,Good,Good,0
20385,Bullarto South,25150,Moorabool,0.4129018,Good,Good,0
20386,Bulleen,24210,Manningham,1,Good,Good,0
20387,Bullengarook,24130,Macedon Ranges,1,Good,Good,0
20388,Bullioh,26670,Towong,1,Good,Good,0
20389,Bullumwaal,22110,East Gippsland,1,Good,Good,0
20390,Buln Buln,20830,Baw Baw,1,Good,Good,0
20391,Buln Buln East,20830,Baw Baw,1,Good,Good,0
20392,Bumberrah,22110,East Gippsland,1,Good,Good,0
20393,Bunbartha,22830,Greater Shepparton,1,Good,Good,0
20394,Bundalaguah,26810,Wellington,1,Good,Good,0
20395,Bundalong,24900,Moira,1,Good,Good,0
20396,Bundalong South,24900,Moira,1,Good,Good,0
20397,Bundara,22110,East Gippsland,1,Good,Good,0
20398,Bunding,25150,Moorabool,1,Good,Good,0
20399,Bundoora (Vic.),20660,Banyule,0.3541173,Acceptable,Good,0
20399,Bundoora (Vic.),21890,Darebin,0.1639173,Good,Good,0
20399,Bundoora (Vic.),27070,Whittlesea,0.4819654,Good,Good,0
20400,Bung Bong,21670,Central Goldfields,0.7758829,Good,Good,0
20400,Bung Bong,25990,Pyrenees,0.2241171,Good,Good,0
20401,Bungador,21750,Colac Otway,1,Good,Good,0
20402,Bungal,25150,Moorabool,1,Good,Good,0
20403,Bungalally,23190,Horsham,1,Good,Good,0
20404,Bungaree (Vic.),25150,Moorabool,1,Good,Good,0
20405,Bungeet,21010,Benalla,1,Good,Good,0
20406,Bungeet West,21010,Benalla,1,Good,Good,0
20407,Bungil (Vic.),26670,Towong,1,Good,Good,0
20408,Bunguluke,21270,Buloke,1,Good,Good,0
20409,Buninyong,20570,Ballarat,0.9675719,Good,Good,0
20409,Buninyong,25150,Moorabool,0.0324281,Good,Good,0
20410,Bunkers Hill,20570,Ballarat,1,Good,Good,0
20411,Bunyip,21450,Cardinia,1,Good,Good,0
20412,Bunyip North,21450,Cardinia,1,Good,Good,0
20413,Buragwonduc,26810,Wellington,1,Good,Good,0
20414,Burkes Bridge,22250,Gannawarra,1,Good,Good,0
20415,Burkes Flat,23940,Loddon,1,Good,Good,0
20416,Burnbank,25990,Pyrenees,1,Good,Good,0
20417,Burnewang,21370,Campaspe,1,Good,Good,0
20418,Burnley,27350,Yarra,1,Good,Good,0
20419,Burnside (Vic.),24650,Melton,1,Good,Good,0
20420,Burnside Heights,24650,Melton,1,Good,Good,0
20421,Burramboot,21370,Campaspe,1,Good,Good,0
20422,Burramine,24900,Moira,1,Good,Good,0
20423,Burramine South,24900,Moira,1,Good,Good,0
20424,Burrowye,26670,Towong,1,Good,Good,0
20425,Burrumbeet,20570,Ballarat,0.8827573,Good,Good,0
20425,Burrumbeet,25990,Pyrenees,0.1172427,Good,Good,0
20426,Burwood (Vic.),24970,Monash,0.1848527,Good,Good,0
20426,Burwood (Vic.),26980,Whitehorse,0.8151473,Good,Good,0
20427,Burwood East,26980,Whitehorse,1,Good,Good,0
20428,Bushfield,25490,Moyne,0.1260524,Good,Good,0
20428,Bushfield,26730,Warrnambool,0.8739476,Good,Good,0
20429,Bushy Park (Vic.),26810,Wellington,1,Good,Good,0
20430,Butchers Ridge,22110,East Gippsland,1,Good,Good,0
20431,Buxton (Vic.),25620,Murrindindi,1,Good,Good,0
20432,Byaduk,25490,Moyne,0.380941,Good,Good,0
20432,Byaduk,26260,Southern Grampians,0.619059,Good,Good,0
20433,Byaduk North,26260,Southern Grampians,1,Good,Good,0
20434,Byawatha,26700,Wangaratta,1,Good,Good,0
20435,Bylands,24130,Macedon Ranges,0.0339744,Good,Good,0
20435,Bylands,24850,Mitchell,0.9660256,Good,Good,0
20436,Byrneside,22830,Greater Shepparton,1,Good,Good,0
20437,Cabarita (Vic.),24780,Mildura,1,Good,Good,0
20438,Cabbage Tree,22910,Hepburn,1,Good,Good,0
20439,Cabbage Tree Creek,22110,East Gippsland,1,Good,Good,0
20440,Cadello,24130,Macedon Ranges,1,Good,Good,0
20441,Cairnlea,21180,Brimbank,1,Good,Good,0
20442,Calder Park,21180,Brimbank,1,Good,Good,0
20443,Caldermeade,21450,Cardinia,1,Good,Good,0
20444,California Gully,22620,Greater Bendigo,1,Good,Good,0
20445,Calivil,23940,Loddon,1,Good,Good,0
20446,Callawadda,25810,Northern Grampians,1,Good,Good,0
20447,Callignee,23810,Latrobe (Vic.),1,Good,Good,0
20448,Callignee North,26810,Wellington,1,Good,Good,0
20449,Callignee South,26810,Wellington,1,Good,Good,0
20450,Calrossie,26810,Wellington,1,Good,Good,0
20451,Calulu,22110,East Gippsland,1,Good,Good,0
20452,Cambarville,27450,Yarra Ranges,1,Good,Good,0
20453,Camberwell (Vic.),21110,Boroondara,1,Good,Good,0
20454,Cambrian Hill,22490,Golden Plains,1,Good,Good,0
20455,Campbellfield,23270,Hume,1,Good,Good,0
20456,Campbells Bridge,25810,Northern Grampians,1,Good,Good,0
20457,Campbells Creek,25430,Mount Alexander,1,Good,Good,0
20458,Campbells Forest,23940,Loddon,1,Good,Good,0
20459,Campbelltown (Vic.),21670,Central Goldfields,0.1177277,Good,Good,0
20459,Campbelltown (Vic.),22910,Hepburn,0.4311459,Good,Good,0
20459,Campbelltown (Vic.),25430,Mount Alexander,0.4511263,Good,Good,0
20460,Camperdown (Vic.),21830,Corangamite,1,Good,Good,0
20461,Canadian,20570,Ballarat,1,Good,Good,0
20462,Canary Island,23940,Loddon,1,Good,Good,0
20463,Caniambo,22830,Greater Shepparton,1,Good,Good,0
20464,Cann River,22110,East Gippsland,1,Good,Good,0
20465,Cannie,22250,Gannawarra,1,Good,Good,0
20466,Cannons Creek,21610,Casey,1,Good,Good,0
20467,Cannum,27630,Yarriambiack,1,Good,Good,0
20468,Canterbury (Vic.),21110,Boroondara,1,Good,Good,0
20469,Cape Bridgewater,22410,Glenelg,1,Good,Good,0
20470,Cape Clear,22490,Golden Plains,1,Good,Good,0
20471,Cape Conran,22110,East Gippsland,1,Good,Good,0
20472,Cape Otway,21750,Colac Otway,1,Good,Good,0
20473,Cape Paterson,20740,Bass Coast,1,Good,Good,0
20474,Cape Schanck,25340,Mornington Peninsula,1,Good,Good,0
20475,Cape Woolamai,20740,Bass Coast,1,Good,Good,0
20476,Capel Sound,25340,Mornington Peninsula,1,Good,Good,0
20477,Capels Crossing,22250,Gannawarra,1,Good,Good,0
20478,Carag Carag,21370,Campaspe,1,Good,Good,0
20479,Caralulup,21670,Central Goldfields,1,Good,Good,0
20480,Caramut,25490,Moyne,1,Good,Good,0
20481,Carapooee,25810,Northern Grampians,1,Good,Good,0
20482,Carapooee West,25810,Northern Grampians,1,Good,Good,0
20483,Carapook,22410,Glenelg,0.2206704,Good,Good,0
20483,Carapook,26260,Southern Grampians,0.7793296,Good,Good,0
20484,Carboor,26700,Wangaratta,1,Good,Good,0
20485,Cardigan,20570,Ballarat,1,Good,Good,0
20486,Cardigan Village,20570,Ballarat,1,Good,Good,0
20487,Cardinia,21450,Cardinia,1,Good,Good,0
20488,Cardross,24780,Mildura,1,Good,Good,0
20489,Cargerie,25150,Moorabool,1,Good,Good,0
20490,Carina (Vic.),24780,Mildura,1,Good,Good,0
20491,Caringal,20830,Baw Baw,1,Good,Good,0
20492,Carisbrook,21670,Central Goldfields,0.9957614,Good,Good,0
20492,Carisbrook,25430,Mount Alexander,0.0042386,Good,Good,1
20493,Carlisle River,21750,Colac Otway,1,Good,Good,0
20494,Carlsruhe,24130,Macedon Ranges,1,Good,Good,0
20495,Carlton (Vic.),24600,Melbourne,1,Good,Good,0
20496,Carlton North,24600,Melbourne,4.80E-06,Good,Good,1
20496,Carlton North,27350,Yarra,0.9999952,Good,Good,0
20497,Carlyle,23350,Indigo,1,Good,Good,0
20498,Carnegie,22310,Glen Eira,1,Good,Good,0
20499,Carngham,25990,Pyrenees,1,Good,Good,0
20500,Caroline Springs,24650,Melton,1,Good,Good,0
20501,Carpendeit,21750,Colac Otway,0.1740831,Good,Good,0
20501,Carpendeit,21830,Corangamite,0.8259169,Good,Good,0
20502,Carrajung,26810,Wellington,1,Good,Good,0
20503,Carrajung Lower,26810,Wellington,1,Good,Good,0
20504,Carrajung South,26810,Wellington,1,Good,Good,0
20505,Carranballac,25990,Pyrenees,1,Good,Good,0
20506,Carron,21270,Buloke,1,Good,Good,0
20507,Carrum,23430,Kingston (Vic.),1,Good,Good,0
20508,Carrum Downs,22170,Frankston,1,Good,Good,0
20509,Carwarp,24780,Mildura,1,Good,Good,0
20510,Cashmore,22410,Glenelg,1,Good,Good,0
20511,Cassilis (Vic.),22110,East Gippsland,1,Good,Good,0
20512,Castella,25620,Murrindindi,1,Good,Good,0
20513,Casterton,22410,Glenelg,1,Good,Good,0
20514,Castle Creek (Vic.),27170,Wodonga,1,Good,Good,0
20515,Castle Donnington,26610,Swan Hill,1,Good,Good,0
20516,Castlemaine,25430,Mount Alexander,1,Good,Good,0
20517,Catani,21450,Cardinia,1,Good,Good,0
20518,Cathcart (Vic.),20260,Ararat,1,Good,Good,0
20519,Cathkin,25620,Murrindindi,1,Good,Good,0
20520,Catumnal,23940,Loddon,1,Good,Good,0
20521,Caulfield,22310,Glen Eira,1,Good,Good,0
20522,Caulfield East,22310,Glen Eira,1,Good,Good,0
20523,Caulfield North,22310,Glen Eira,1,Good,Good,0
20524,Caulfield South,22310,Glen Eira,1,Good,Good,0
20525,Caveat,25620,Murrindindi,1,Good,Good,0
20526,Cavendish,26260,Southern Grampians,1,Good,Good,0
20527,Ceres,22750,Greater Geelong,1,Good,Good,0
20528,Chadstone,24970,Monash,1,Good,Good,0
20529,Chandlers Creek,22110,East Gippsland,1,Good,Good,0
20530,Chapel Flat,20570,Ballarat,1,Good,Good,0
20531,Chapple Vale,21750,Colac Otway,0.9997622,Good,Good,0
20531,Chapple Vale,21830,Corangamite,0.0002378,Good,Good,1
20532,Charam,26890,West Wimmera,1,Good,Good,0
20533,Charlemont,22750,Greater Geelong,1,Good,Good,0
20534,Charleroi,23350,Indigo,1,Good,Good,0
20535,Charlton (Vic.),21270,Buloke,1,Good,Good,0
20536,Chatsworth (Vic.),20260,Ararat,0.0626822,Good,Good,0
20536,Chatsworth (Vic.),25490,Moyne,0.9373178,Good,Good,0
20537,Chelsea,23430,Kingston (Vic.),1,Good,Good,0
20538,Chelsea Heights,23430,Kingston (Vic.),1,Good,Good,0
20539,Cheltenham (Vic.),20910,Bayside (Vic.),0.1661479,Good,Good,0
20539,Cheltenham (Vic.),23430,Kingston (Vic.),0.8338521,Good,Good,0
20540,Chepstowe,25990,Pyrenees,1,Good,Good,0
20541,Cherokee,24130,Macedon Ranges,1,Good,Good,0
20542,Cherrypool,26260,Southern Grampians,1,Good,Good,0
20543,Cheshunt,26700,Wangaratta,1,Good,Good,0
20544,Cheshunt South,26700,Wangaratta,1,Good,Good,0
20545,Chesney Vale,21010,Benalla,1,Good,Good,0
20546,Chetwynd,22410,Glenelg,0.0001176,Good,Good,1
20546,Chetwynd,26890,West Wimmera,0.9998824,Good,Good,0
20547,Chewton,25430,Mount Alexander,1,Good,Good,0
20548,Chewton Bushlands,25430,Mount Alexander,1,Good,Good,0
20549,Childers (Vic.),20830,Baw Baw,1,Good,Good,0
20550,Chillingollah,26610,Swan Hill,1,Good,Good,0
20551,Chiltern,23350,Indigo,1,Good,Good,0
20552,Chiltern Valley,23350,Indigo,1,Good,Good,0
20553,Chinangin,26610,Swan Hill,1,Good,Good,0
20554,Chinkapook,26610,Swan Hill,1,Good,Good,0
20555,Chintin,24130,Macedon Ranges,1,Good,Good,0
20556,Chirnside Park,27450,Yarra Ranges,1,Good,Good,0
20557,Chirrip,21270,Buloke,1,Good,Good,0
20558,Chocolyn,21830,Corangamite,1,Good,Good,0
20559,Christmas Hills (Vic.),25710,Nillumbik,1,Good,Good,0
20560,Chum Creek,27450,Yarra Ranges,1,Good,Good,0
20561,Churchill (Vic.),23810,Latrobe (Vic.),1,Good,Good,0
20562,Churchill Island,20740,Bass Coast,1,Good,Good,0
20563,Chute,25990,Pyrenees,1,Good,Good,0
20564,Clarendon (Vic.),25150,Moorabool,1,Good,Good,0
20565,Claretown,25150,Moorabool,1,Good,Good,0
20566,Clarinda,23430,Kingston (Vic.),1,Good,Good,0
20567,Clarkefield,23270,Hume,0.0267866,Good,Good,0
20567,Clarkefield,24130,Macedon Ranges,0.9732134,Good,Good,0
20568,Clarkes Hill,25150,Moorabool,1,Good,Good,0
20569,Clayton,24970,Monash,1,Good,Good,0
20570,Clayton South,23430,Kingston (Vic.),1,Good,Good,0
20571,Clear Lake,23190,Horsham,1,Good,Good,0
20572,Clematis,21450,Cardinia,1,Good,Good,0
20573,Clifton Creek,22110,East Gippsland,1,Good,Good,0
20574,Clifton Hill,27350,Yarra,1,Good,Good,0
20575,Clifton Springs,22750,Greater Geelong,1,Good,Good,0
20576,Clonbinane,24850,Mitchell,1,Good,Good,0
20577,Clover Flat,22410,Glenelg,0.0006658,Good,Good,1
20577,Clover Flat,26260,Southern Grampians,0.9993342,Good,Good,0
20578,Cloverlea,20830,Baw Baw,1,Good,Good,0
20579,Club Terrace,22110,East Gippsland,1,Good,Good,0
20580,Clunes (Vic.),22910,Hepburn,1,Good,Good,0
20581,Clyde (Vic.),21610,Casey,1,Good,Good,0
20582,Clyde North,21610,Casey,1,Good,Good,0
20583,Clydebank,26810,Wellington,1,Good,Good,0
20584,Clydesdale (Vic.),22910,Hepburn,1,Good,Good,0
20585,Coalville,20830,Baw Baw,1,Good,Good,0
20586,Cobains,26810,Wellington,1,Good,Good,0
20587,Cobaw,24130,Macedon Ranges,1,Good,Good,0
20588,Cobbannah,22110,East Gippsland,1,Good,Good,0
20589,Cobberas,22110,East Gippsland,1,Good,Good,0
20590,Cobblebank,24650,Melton,1,Good,Good,0
20591,Cobden,21830,Corangamite,1,Good,Good,0
20592,Cobram,24900,Moira,1,Good,Good,0
20593,Cobram East,24900,Moira,1,Good,Good,0
20594,Cobrico,21830,Corangamite,1,Good,Good,0
20595,Cobungra,20110,Alpine,0.0001815,Good,Good,1
20595,Cobungra,22110,East Gippsland,0.9998185,Good,Good,0
20596,Coburg,25250,Moreland,1,Good,Good,0
20597,Coburg North,25250,Moreland,1,Good,Good,0
20598,Cocamba,26610,Swan Hill,1,Good,Good,0
20599,Cochranes Creek,23940,Loddon,1,Good,Good,0
20600,Cockatoo (Vic.),21450,Cardinia,1,Good,Good,0
20601,Cocoroc,27260,Wyndham,1,Good,Good,0
20602,Codrington (Vic.),25490,Moyne,1,Good,Good,0
20603,Coghills Creek,20570,Ballarat,1,Good,Good,0
20604,Cohuna,22250,Gannawarra,1,Good,Good,0
20605,Coimadai,25150,Moorabool,1,Good,Good,0
20606,Cokum,21270,Buloke,1,Good,Good,0
20607,Colac,21750,Colac Otway,1,Good,Good,0
20608,Colac Colac,26670,Towong,1,Good,Good,0
20609,Colac East,21750,Colac Otway,1,Good,Good,0
20610,Colac West,21750,Colac Otway,1,Good,Good,0
20611,Colbinabbin,21370,Campaspe,1,Good,Good,0
20612,Colbrook,25150,Moorabool,1,Good,Good,0
20613,Coldstream (Vic.),27450,Yarra Ranges,1,Good,Good,0
20614,Coleraine,26260,Southern Grampians,1,Good,Good,0
20615,Colignan,24780,Mildura,1,Good,Good,0
20616,Collingwood (Vic.),27350,Yarra,1,Good,Good,0
20617,Combienbar,22110,East Gippsland,1,Good,Good,0
20618,Concongella,25810,Northern Grampians,1,Good,Good,0
20619,Condah,22410,Glenelg,1,Good,Good,0
20620,Congupna,22830,Greater Shepparton,1,Good,Good,0
20621,Connewarre,22750,Greater Geelong,0.7677448,Good,Good,0
20621,Connewarre,26490,Surf Coast,0.2322552,Good,Good,0
20622,Connewirricoo,26890,West Wimmera,1,Good,Good,0
20623,Coojar,26260,Southern Grampians,1,Good,Good,0
20624,Coolaroo,23270,Hume,1,Good,Good,0
20625,Cooma (Vic.),22830,Greater Shepparton,1,Good,Good,0
20626,Coomboona,22830,Greater Shepparton,1,Good,Good,0
20627,Coomoora,22910,Hepburn,1,Good,Good,0
20628,Coongulla,26810,Wellington,1,Good,Good,0
20629,Coonooer Bridge,21270,Buloke,0.5881834,Good,Good,0
20629,Coonooer Bridge,25810,Northern Grampians,0.4118166,Good,Good,0
20630,Coonooer West,25810,Northern Grampians,1,Good,Good,0
20631,Cooriemungle,21830,Corangamite,1,Good,Good,0
20632,Cope Cope,21270,Buloke,0.6998752,Good,Good,0
20632,Cope Cope,25810,Northern Grampians,0.3001248,Good,Good,0
20633,Cora Lynn,21450,Cardinia,1,Good,Good,0
20634,Corack,21270,Buloke,1,Good,Good,0
20635,Corack East,21270,Buloke,1,Good,Good,0
20636,Coragulac,21750,Colac Otway,1,Good,Good,0
20637,Coral Bank,20110,Alpine,1,Good,Good,0
20638,Corindhap,22490,Golden Plains,1,Good,Good,0
20639,Corinella (Vic.),20740,Bass Coast,1,Good,Good,0
20640,Corio,22750,Greater Geelong,1,Good,Good,0
20641,Corndale (Vic.),22410,Glenelg,1,Good,Good,0
20642,Cornella,21370,Campaspe,1,Good,Good,0
20643,Cornishtown,23350,Indigo,1,Good,Good,0
20644,Coronet Bay,20740,Bass Coast,1,Good,Good,0
20645,Corop,21370,Campaspe,1,Good,Good,0
20646,Cororooke,21750,Colac Otway,1,Good,Good,0
20647,Corringle,22110,East Gippsland,1,Good,Good,0
20648,Corryong,26670,Towong,1,Good,Good,0
20649,Corunnun,21750,Colac Otway,1,Good,Good,0
20650,Cosgrove (Vic.),22830,Greater Shepparton,1,Good,Good,0
20651,Cosgrove South,22830,Greater Shepparton,1,Good,Good,0
20652,Costerfield,22620,Greater Bendigo,1,Good,Good,0
20653,Cotswold,21670,Central Goldfields,1,Good,Good,0
20654,Cottles Bridge,25710,Nillumbik,1,Good,Good,0
20655,Cowa,26810,Wellington,1,Good,Good,0
20656,Cowangie,24780,Mildura,1,Good,Good,0
20657,Cowes,20740,Bass Coast,1,Good,Good,0
20658,Cowleys Creek,21830,Corangamite,1,Good,Good,0
20659,Cowwarr,23810,Latrobe (Vic.),0.1923963,Good,Good,0
20659,Cowwarr,26810,Wellington,0.8076037,Good,Good,0
20660,Craigie (Vic.),21670,Central Goldfields,1,Good,Good,0
20661,Craigieburn,23270,Hume,1,Good,Good,0
20662,Cranbourne,21610,Casey,1,Good,Good,0
20663,Cranbourne East,21610,Casey,1,Good,Good,0
20664,Cranbourne North,21610,Casey,1,Good,Good,0
20665,Cranbourne South,21610,Casey,1,Good,Good,0
20666,Cranbourne West,21610,Casey,1,Good,Good,0
20667,Creek Junction,21010,Benalla,0.0014667,Good,Good,1
20667,Creek Junction,24250,Mansfield,0.0005867,Good,Good,1
20667,Creek Junction,26430,Strathbogie,0.9979466,Good,Good,0
20668,Creek View,21370,Campaspe,1,Good,Good,0
20669,Creightons Creek,26430,Strathbogie,1,Good,Good,0
20670,Cremorne (Vic.),27350,Yarra,1,Good,Good,0
20671,Cressy (Vic.),21750,Colac Otway,0.8139471,Good,Good,0
20671,Cressy (Vic.),21830,Corangamite,0.0877021,Good,Good,0
20671,Cressy (Vic.),22490,Golden Plains,0.0983508,Good,Good,0
20672,Creswick,20570,Ballarat,0.0072916,Good,Good,1
20672,Creswick,22910,Hepburn,0.9927084,Good,Good,0
20673,Creswick North,22910,Hepburn,1,Good,Good,0
20674,Crib Point,25340,Mornington Peninsula,1,Good,Good,0
20675,Crookayan,26810,Wellington,1,Good,Good,0
20676,Crooked River,26810,Wellington,1,Good,Good,0
20677,Cross Roads (Vic.),25990,Pyrenees,1,Good,Good,0
20678,Crossley,25490,Moyne,1,Good,Good,0
20679,Crossover,20830,Baw Baw,1,Good,Good,0
20680,Crowlands,20260,Ararat,0.1781216,Good,Good,0
20680,Crowlands,25810,Northern Grampians,0.0412103,Good,Good,0
20680,Crowlands,25990,Pyrenees,0.7806681,Good,Good,0
20681,Croxton East,26260,Southern Grampians,1,Good,Good,0
20682,Croydon (Vic.),24410,Maroondah,1,Good,Good,0
20683,Croydon Hills,24410,Maroondah,1,Good,Good,0
20684,Croydon North,24410,Maroondah,1,Good,Good,0
20685,Croydon South,24410,Maroondah,1,Good,Good,0
20686,Crymelon,27630,Yarriambiack,1,Good,Good,0
20687,Cudgee,25490,Moyne,1,Good,Good,0
20688,Cudgewa,26670,Towong,1,Good,Good,0
20689,Culgoa,21270,Buloke,1,Good,Good,0
20690,Culla,26260,Southern Grampians,1,Good,Good,0
20691,Cullen,22250,Gannawarra,1,Good,Good,0
20692,Cullulleraine,24780,Mildura,1,Good,Good,0
20693,Cundare,21750,Colac Otway,1,Good,Good,0
20694,Cundare North,21750,Colac Otway,0.9972997,Good,Good,0
20694,Cundare North,21830,Corangamite,0.0027003,Good,Good,1
20695,Curdies River,21830,Corangamite,1,Good,Good,0
20696,Curdievale,21830,Corangamite,0.6532011,Good,Good,0
20696,Curdievale,25490,Moyne,0.3467989,Good,Good,0
20697,Curlewis (Vic.),22750,Greater Geelong,1,Good,Good,0
20698,Curyo,21270,Buloke,1,Good,Good,0
20699,Dadswells Bridge,23190,Horsham,0.9252462,Good,Good,0
20699,Dadswells Bridge,25810,Northern Grampians,0.0747538,Good,Good,0
20700,Daisy Hill (Vic.),21670,Central Goldfields,1,Good,Good,0
20701,Dales Creek,25150,Moorabool,1,Good,Good,0
20702,Dallas,23270,Hume,1,Good,Good,0
20703,Dalmore,21450,Cardinia,1,Good,Good,0
20704,Daltons Bridge,22250,Gannawarra,1,Good,Good,0
20705,Dalyenong,25810,Northern Grampians,1,Good,Good,0
20706,Dalyston,20740,Bass Coast,1,Good,Good,0
20707,Dandenong,22670,Greater Dandenong,1,Good,Good,0
20708,Dandenong North,22670,Greater Dandenong,1,Good,Good,0
20709,Dandenong South,22670,Greater Dandenong,1,Good,Good,0
20710,Dandongadale,20110,Alpine,1,Good,Good,0
20711,Dargo,20110,Alpine,0.0002725,Good,Good,1
20711,Dargo,26810,Wellington,0.9997275,Good,Good,0
20712,Darley,25150,Moorabool,1,Good,Good,0
20713,Darlimurla,26170,South Gippsland,1,Good,Good,0
20714,Darlington (Vic.),21830,Corangamite,0.5665741,Good,Good,0
20714,Darlington (Vic.),25490,Moyne,0.4334259,Good,Good,0
20715,Darnum,20830,Baw Baw,1,Good,Good,0
20716,Darraweit Guim,24130,Macedon Ranges,1,Good,Good,0
20717,Darriman,26810,Wellington,1,Good,Good,0
20718,Dartmoor (Vic.),22410,Glenelg,1,Good,Good,0
20719,Dartmouth,22110,East Gippsland,0.0001549,Good,Good,1
20719,Dartmouth,26670,Towong,0.9998451,Good,Good,0
20720,Dawson (Vic.),26810,Wellington,1,Good,Good,0
20721,Daylesford,22910,Hepburn,1,Good,Good,0
20722,Dean,22910,Hepburn,1,Good,Good,0
20723,Deans Marsh,26490,Surf Coast,1,Good,Good,0
20724,Deanside,24650,Melton,1,Good,Good,0
20725,Deddick Valley,22110,East Gippsland,1,Good,Good,0
20726,Dederang,20110,Alpine,1,Good,Good,0
20727,Deep Lead,25810,Northern Grampians,1,Good,Good,0
20728,Deepdene (Vic.),21110,Boroondara,1,Good,Good,0
20729,Deer Park,21180,Brimbank,1,Good,Good,0
20730,Delacombe,20570,Ballarat,1,Good,Good,0
20731,Delahey,21180,Brimbank,1,Good,Good,0
20732,Delatite,24250,Mansfield,1,Good,Good,0
20733,Delburn,23810,Latrobe (Vic.),0.0914044,Good,Good,0
20733,Delburn,26170,South Gippsland,0.9085956,Good,Good,0
20734,Delegate River,22110,East Gippsland,1,Good,Good,0
20735,Denicull Creek,20260,Ararat,1,Good,Good,0
20736,Denison,26810,Wellington,1,Good,Good,0
20737,Dennington,25490,Moyne,0.014503,Good,Good,0
20737,Dennington,26730,Warrnambool,0.985497,Good,Good,0
20738,Denver,22910,Hepburn,0.9999347,Good,Good,0
20738,Denver,24130,Macedon Ranges,6.53E-05,Good,Good,1
20739,Deptford,22110,East Gippsland,1,Good,Good,0
20740,Derby (Vic.),23940,Loddon,1,Good,Good,0
20741,Dereel,22490,Golden Plains,1,Good,Good,0
20742,Dergholm,22410,Glenelg,0.1053647,Good,Good,0
20742,Dergholm,26890,West Wimmera,0.8946353,Good,Good,0
20743,Derrimut,21180,Brimbank,1,Good,Good,0
20744,Derrinal,22620,Greater Bendigo,1,Good,Good,0
20745,Derrinallum,21830,Corangamite,1,Good,Good,0
20746,Devenish,21010,Benalla,1,Good,Good,0
20747,Devils River,25620,Murrindindi,1,Good,Good,0
20748,Devon Meadows,21610,Casey,1,Good,Good,0
20749,Devon North,26810,Wellington,1,Good,Good,0
20750,Dewhurst,21450,Cardinia,1,Good,Good,0
20751,Dhurringile,22830,Greater Shepparton,1,Good,Good,0
20752,Diamond Creek,25710,Nillumbik,1,Good,Good,0
20753,Digby,22410,Glenelg,1,Good,Good,0
20754,Diggers Rest,23270,Hume,0.0758781,Good,Good,0
20754,Diggers Rest,24650,Melton,0.9241219,Good,Good,0
20755,Diggora,21370,Campaspe,1,Good,Good,0
20756,Dimboola,22980,Hindmarsh,1,Good,Good,0
20757,Dingee,23940,Loddon,1,Good,Good,0
20758,Dingley Village,23430,Kingston (Vic.),1,Good,Good,0
20759,Dingwall,22250,Gannawarra,1,Good,Good,0
20760,Dinner Plain,20110,Alpine,1,Good,Good,0
20761,Dixie (Vic.),21830,Corangamite,1,Good,Good,0
20762,Dixons Creek,27450,Yarra Ranges,1,Good,Good,0
20763,Dobie,20260,Ararat,1,Good,Good,0
20764,Docker,26700,Wangaratta,1,Good,Good,0
20765,Dockers Plains,26700,Wangaratta,1,Good,Good,0
20766,Docklands,24600,Melbourne,1,Good,Good,0
20767,Doctors Flat,22110,East Gippsland,1,Good,Good,0
20768,Dollar,26170,South Gippsland,1,Good,Good,0
20769,Don Valley,27450,Yarra Ranges,1,Good,Good,0
20770,Donald,21270,Buloke,1,Good,Good,0
20771,Doncaster,24210,Manningham,1,Good,Good,0
20772,Doncaster East,24210,Manningham,1,Good,Good,0
20773,Donnybrook (Vic.),27070,Whittlesea,1,Good,Good,0
20774,Donvale,24210,Manningham,1,Good,Good,0
20775,Dooboobetic,21270,Buloke,1,Good,Good,0
20776,Dooen,23190,Horsham,1,Good,Good,0
20777,Dookie,22830,Greater Shepparton,1,Good,Good,0
20778,Dookie College,22830,Greater Shepparton,1,Good,Good,0
20779,Doreen,25710,Nillumbik,0.0130329,Good,Good,0
20779,Doreen,27070,Whittlesea,0.9869671,Good,Good,0
20780,Dorodong,26890,West Wimmera,1,Good,Good,0
20781,Double Bridges,22110,East Gippsland,1,Good,Good,0
20782,Douglas (Vic.),23190,Horsham,0.0001426,Good,Good,1
20782,Douglas (Vic.),26890,West Wimmera,0.9998574,Good,Good,0
20783,Doveton,21610,Casey,1,Good,Good,0
20784,Dreeite,21750,Colac Otway,0.9998702,Good,Good,0
20784,Dreeite,21830,Corangamite,0.0001298,Good,Good,1
20785,Dreeite South,21750,Colac Otway,1,Good,Good,0
20786,Driffield,23810,Latrobe (Vic.),1,Good,Good,0
20787,Drik Drik,22410,Glenelg,1,Good,Good,0
20788,Dromana,25340,Mornington Peninsula,1,Good,Good,0
20789,Dropmore,25620,Murrindindi,1,Good,Good,0
20790,Drouin,20830,Baw Baw,1,Good,Good,0
20791,Drouin East,20830,Baw Baw,1,Good,Good,0
20792,Drouin South,20830,Baw Baw,1,Good,Good,0
20793,Drouin West,20830,Baw Baw,1,Good,Good,0
20794,Drumanure,24900,Moira,1,Good,Good,0
20795,Drumborg,22410,Glenelg,1,Good,Good,0
20796,Drumcondra,22750,Greater Geelong,1,Good,Good,0
20797,Drummartin,22620,Greater Bendigo,1,Good,Good,0
20798,Drummond,22910,Hepburn,1,Good,Good,0
20799,Drummond North,22910,Hepburn,0.9744466,Good,Good,0
20799,Drummond North,25430,Mount Alexander,0.0255534,Good,Good,0
20800,Drung,23190,Horsham,1,Good,Good,0
20801,Dry Diggings,22910,Hepburn,1,Good,Good,0
20802,Drysdale,22750,Greater Geelong,1,Good,Good,0
20803,Duchembegarra,23190,Horsham,1,Good,Good,0
20804,Dumbalk,26170,South Gippsland,1,Good,Good,0
20805,Dumbalk North,26170,South Gippsland,1,Good,Good,0
20806,Dumosa,21270,Buloke,1,Good,Good,0
20807,Dunach,21670,Central Goldfields,0.4187101,Good,Good,0
20807,Dunach,22910,Hepburn,0.5812899,Good,Good,0
20808,Dundonnell,25490,Moyne,1,Good,Good,0
20809,Dunkeld (Vic.),20260,Ararat,0.0101869,Good,Good,0
20809,Dunkeld (Vic.),26260,Southern Grampians,0.9898131,Good,Good,0
20810,Dunluce,21670,Central Goldfields,1,Good,Good,0
20811,Dunneworthy,20260,Ararat,1,Good,Good,0
20812,Dunnstown,25150,Moorabool,1,Good,Good,0
20813,Dunolly (Vic.),21670,Central Goldfields,0.914695,Good,Good,0
20813,Dunolly (Vic.),23940,Loddon,0.085305,Good,Good,0
20814,Dunrobin,22410,Glenelg,1,Good,Good,0
20815,Durdidwarrah,22490,Golden Plains,1,Good,Good,0
20816,Durham Lead,20570,Ballarat,0.7530675,Good,Good,0
20816,Durham Lead,22490,Golden Plains,0.0568078,Good,Good,0
20816,Durham Lead,25150,Moorabool,0.1901247,Good,Good,0
20817,Durham Ox,23940,Loddon,1,Good,Good,0
20818,Dutson,26810,Wellington,1,Good,Good,0
20819,Dutson Downs,26810,Wellington,1,Good,Good,0
20820,Dutton Way,22410,Glenelg,1,Good,Good,0
20821,Duverney,21830,Corangamite,1,Good,Good,0
20822,Eagle Point,22110,East Gippsland,1,Good,Good,0
20823,Eaglehawk,22620,Greater Bendigo,1,Good,Good,0
20824,Eaglehawk North,22620,Greater Bendigo,1,Good,Good,0
20825,Eaglemont,20660,Banyule,1,Acceptable,Good,0
20826,Earlston,26430,Strathbogie,1,Good,Good,0
20827,East Bairnsdale,22110,East Gippsland,1,Good,Good,0
20828,East Bendigo,22620,Greater Bendigo,1,Good,Good,0
20829,East Geelong,22750,Greater Geelong,1,Good,Good,0
20830,East Melbourne,24600,Melbourne,1,Good,Good,0
20831,East Sale,26810,Wellington,1,Good,Good,0
20832,East Wangaratta,26700,Wangaratta,1,Good,Good,0
20833,East Warburton,27450,Yarra Ranges,1,Good,Good,0
20834,Eastern View,26490,Surf Coast,1,Good,Good,0
20835,Eastville,23940,Loddon,1,Good,Good,0
20836,Eastwood (Vic.),22110,East Gippsland,1,Good,Good,0
20837,Ebden,27170,Wodonga,1,Good,Good,0
20838,Echuca,21370,Campaspe,1,Good,Good,0
20839,Echuca Village,21370,Campaspe,1,Good,Good,0
20840,Echuca West,21370,Campaspe,1,Good,Good,0
20841,Ecklin South,21830,Corangamite,0.9461083,Good,Good,0
20841,Ecklin South,25490,Moyne,0.0538917,Good,Good,0
20842,Eddington,21670,Central Goldfields,0.2519679,Good,Good,0
20842,Eddington,23940,Loddon,0.5354219,Good,Good,0
20842,Eddington,25430,Mount Alexander,0.2126102,Good,Good,0
20843,Eden Park,27070,Whittlesea,1,Good,Good,0
20844,Edenhope,26890,West Wimmera,1,Good,Good,0
20845,Edgecombe,24130,Macedon Ranges,1,Good,Good,0
20846,Edi,26700,Wangaratta,1,Good,Good,0
20847,Edi Upper,26700,Wangaratta,1,Good,Good,0
20848,Edithvale,23430,Kingston (Vic.),1,Good,Good,0
20849,Eganstown,22910,Hepburn,1,Good,Good,0
20850,Eildon,24250,Mansfield,1.07E-05,Good,Good,1
20850,Eildon,25620,Murrindindi,0.9999893,Good,Good,0
20851,Elaine,25150,Moorabool,1,Good,Good,0
20852,Eldorado,26700,Wangaratta,1,Good,Good,0
20853,Elevated Plains,22910,Hepburn,1,Good,Good,0
20854,Elingamite,21830,Corangamite,1,Good,Good,0
20855,Elingamite North,21830,Corangamite,1,Good,Good,0
20856,Elizabeth Island,29399,Unincorporated Vic,1,Good,Good,0
20857,Ellaswood,22110,East Gippsland,1,Good,Good,0
20858,Ellerslie (Vic.),25490,Moyne,1,Good,Good,0
20859,Elliminyt,21750,Colac Otway,1,Good,Good,0
20860,Ellinbank,20830,Baw Baw,1,Good,Good,0
20861,Elmhurst,20260,Ararat,0.8586331,Good,Good,0
20861,Elmhurst,25990,Pyrenees,0.1413669,Good,Good,0
20862,Elmore,22620,Greater Bendigo,1,Good,Good,0
20863,Elphinstone (Vic.),25430,Mount Alexander,1,Good,Good,0
20864,Elsternwick,22310,Glen Eira,1,Good,Good,0
20865,Eltham (Vic.),20660,Banyule,0.0054151,Acceptable,Good,1
20865,Eltham (Vic.),25710,Nillumbik,0.9945849,Good,Good,0
20866,Eltham North,20660,Banyule,0.3114183,Acceptable,Good,0
20866,Eltham North,25710,Nillumbik,0.6885817,Good,Good,0
20867,Elwood,25900,Port Phillip,1,Acceptable,Good,0
20868,Emerald (Vic.),21450,Cardinia,0.9440384,Good,Good,0
20868,Emerald (Vic.),27450,Yarra Ranges,0.0559616,Good,Good,0
20869,Emu,21670,Central Goldfields,0.0002853,Good,Good,1
20869,Emu,23940,Loddon,0.0864479,Good,Good,0
20869,Emu,25810,Northern Grampians,0.9132668,Good,Good,0
20870,Emu Creek (Vic.),22620,Greater Bendigo,1,Good,Good,0
20871,Endeavour Hills,21610,Casey,1,Good,Good,0
20872,Enfield (Vic.),22490,Golden Plains,1,Good,Good,0
20873,Englefield,26260,Southern Grampians,1,Good,Good,0
20874,Enochs Point,24250,Mansfield,0.9966887,Good,Good,0
20874,Enochs Point,25620,Murrindindi,0.0033113,Good,Good,1
20875,Ensay,22110,East Gippsland,1,Good,Good,0
20876,Ensay North,22110,East Gippsland,1,Good,Good,0
20877,Eppalock,22620,Greater Bendigo,1,Good,Good,0
20878,Epping (Vic.),27070,Whittlesea,1,Good,Good,0
20879,Epsom (Vic.),22620,Greater Bendigo,1,Good,Good,0
20880,Ercildoune,20570,Ballarat,0.2184304,Good,Good,0
20880,Ercildoune,25990,Pyrenees,0.7815696,Good,Good,0
20881,Erica,20830,Baw Baw,1,Good,Good,0
20882,Errinundra,22110,East Gippsland,1,Good,Good,0
20883,Eskdale (Vic.),26670,Towong,1,Good,Good,0
20884,Esmond,24900,Moira,1,Good,Good,0
20885,Essendon,25060,Moonee Valley,1,Good,Good,0
20886,Essendon Fields,25060,Moonee Valley,1,Good,Good,0
20887,Essendon North,25060,Moonee Valley,1,Good,Good,0
20888,Essendon West,25060,Moonee Valley,1,Good,Good,0
20889,Eumemmerring,21610,Casey,1,Good,Good,0
20890,Eurack,21750,Colac Otway,1,Good,Good,0
20891,Eureka (Vic.),20570,Ballarat,1,Good,Good,0
20892,Euroa,26430,Strathbogie,1,Good,Good,0
20893,Eurobin,20110,Alpine,1,Good,Good,0
20894,Evansford,22910,Hepburn,0.034782,Good,Good,0
20894,Evansford,25990,Pyrenees,0.965218,Good,Good,0
20895,Eversley,20260,Ararat,1,Good,Good,0
20896,Everton,26700,Wangaratta,1,Good,Good,0
20897,Everton Upper,26700,Wangaratta,1,Good,Good,0
20898,Exford,24650,Melton,1,Good,Good,0
20899,Eynesbury,24650,Melton,0.9999965,Good,Good,0
20899,Eynesbury,27260,Wyndham,3.50E-06,Good,Good,1
20900,Fairbank,26170,South Gippsland,1,Good,Good,0
20901,Fairfield (Vic.),21890,Darebin,0.8932082,Good,Good,0
20901,Fairfield (Vic.),27350,Yarra,0.1067918,Good,Good,0
20902,Fairhaven,26490,Surf Coast,1,Good,Good,0
20903,Fairley,22250,Gannawarra,1,Good,Good,0
20904,Fairy Dell (Campaspe - Vic.),21370,Campaspe,1,Good,Good,0
20905,Fairy Dell (East Gippsland - Vic.),22110,East Gippsland,1,Good,Good,0
20906,Falls Creek (Vic.),20110,Alpine,6.23E-05,Good,Good,1
20906,Falls Creek (Vic.),29399,Unincorporated Vic,0.9999377,Good,Good,0
20907,Faraday,25430,Mount Alexander,1,Good,Good,0
20908,Fawcett,25620,Murrindindi,1,Good,Good,0
20909,Fawkner,23270,Hume,0.0189634,Good,Good,0
20909,Fawkner,25250,Moreland,0.9810366,Good,Good,0
20910,Fentons Creek,23940,Loddon,1,Good,Good,0
20911,Ferguson (Vic.),21750,Colac Otway,1,Good,Good,0
20912,Fern Hill,22910,Hepburn,0.5409769,Good,Good,0
20912,Fern Hill,24130,Macedon Ranges,0.4590231,Good,Good,0
20913,Fernbank,22110,East Gippsland,0.9361408,Good,Good,0
20913,Fernbank,26810,Wellington,0.0638592,Good,Good,0
20914,Ferndale (Vic.),20830,Baw Baw,1,Good,Good,0
20915,Fernihurst,23940,Loddon,1,Good,Good,0
20916,Fernshaw,27450,Yarra Ranges,1,Good,Good,0
20917,Ferntree Gully,23670,Knox,1,Good,Good,0
20918,Ferny Creek,27450,Yarra Ranges,1,Good,Good,0
20919,Fiery Flat,23940,Loddon,1,Good,Good,0
20920,Fingal (Vic.),25340,Mornington Peninsula,1,Good,Good,0
20921,Fish Creek,26170,South Gippsland,1,Good,Good,0
20922,Fish Point,26610,Swan Hill,1,Good,Good,0
20923,Fiskville,25150,Moorabool,1,Good,Good,0
20924,Fitzroy (Vic.),27350,Yarra,1,Good,Good,0
20925,Fitzroy North,25250,Moreland,0.0739322,Good,Good,0
20925,Fitzroy North,27350,Yarra,0.9260678,Good,Good,0
20926,Flaggy Creek,22110,East Gippsland,1,Good,Good,0
20927,Flagstaff,21670,Central Goldfields,1,Good,Good,0
20928,Flamingo Beach,26810,Wellington,1,Good,Good,0
20929,Flemington,24600,Melbourne,0.0109905,Good,Good,0
20929,Flemington,25060,Moonee Valley,0.9890095,Good,Good,0
20930,Flinders (Vic.),25340,Mornington Peninsula,1,Good,Good,0
20931,Flora Hill,22620,Greater Bendigo,1,Good,Good,0
20932,Flowerdale (Vic.),24850,Mitchell,1.25E-05,Good,Good,1
20932,Flowerdale (Vic.),25620,Murrindindi,0.9999875,Good,Good,0
20933,Flynn (Vic.),23810,Latrobe (Vic.),0.7513534,Good,Good,0
20933,Flynn (Vic.),26810,Wellington,0.2486466,Good,Good,0
20934,Flynns Creek,23810,Latrobe (Vic.),1,Good,Good,0
20935,Footscray,24330,Maribyrnong,1,Good,Good,0
20936,Forbes (Vic.),24850,Mitchell,1,Good,Good,0
20937,Forest Hill (Vic.),26980,Whitehorse,1,Good,Good,0
20938,Forge Creek,22110,East Gippsland,1,Good,Good,0
20939,Forrest (Vic.),21750,Colac Otway,1,Good,Good,0
20940,Foster,26170,South Gippsland,1,Good,Good,0
20941,Foster North,26170,South Gippsland,1,Good,Good,0
20942,Fosterville,22620,Greater Bendigo,1,Good,Good,0
20943,Foxhow,21830,Corangamite,1,Good,Good,0
20944,Framlingham,25490,Moyne,1,Good,Good,0
20945,Framlingham East,25490,Moyne,1,Good,Good,0
20946,Franklinford,22910,Hepburn,1,Good,Good,0
20947,Frankston,22170,Frankston,1,Good,Good,0
20948,Frankston North,22170,Frankston,1,Good,Good,0
20949,Frankston South,22170,Frankston,1,Good,Good,0
20950,Fraser Rise,24650,Melton,1,Good,Good,0
20951,Freeburgh,20110,Alpine,1,Good,Good,0
20952,French Island,29399,Unincorporated Vic,1,Good,Good,0
20953,Frenchmans,25990,Pyrenees,1,Good,Good,0
20954,Freshwater Creek,26490,Surf Coast,1,Good,Good,0
20955,Fryerstown,25430,Mount Alexander,1,Good,Good,0
20956,Fulham (Vic.),26810,Wellington,1,Good,Good,0
20957,Fumina,20830,Baw Baw,1,Good,Good,0
20958,Fumina South,20830,Baw Baw,1,Good,Good,0
20959,Fyans Creek,25810,Northern Grampians,1,Good,Good,0
20960,Fyansford,22750,Greater Geelong,1,Good,Good,0
20961,Gaffneys Creek,24250,Mansfield,1,Good,Good,0
20962,Gainsborough,20830,Baw Baw,1,Good,Good,0
20963,Gannawarra,22250,Gannawarra,1,Good,Good,0
20964,Gapsted,20110,Alpine,1,Good,Good,0
20965,Gardenvale,22310,Glen Eira,1,Good,Good,0
20966,Garfield,21450,Cardinia,1,Good,Good,0
20967,Garfield North,21450,Cardinia,1,Good,Good,0
20968,Garibaldi,22490,Golden Plains,1,Good,Good,0
20969,Garvoc,21830,Corangamite,0.2821523,Good,Good,0
20969,Garvoc,25490,Moyne,0.7178477,Good,Good,0
20970,Gateway Island,27170,Wodonga,1,Good,Good,0
20971,Gatum,26260,Southern Grampians,1,Good,Good,0
20972,Gazette,26260,Southern Grampians,1,Good,Good,0
20973,Geelong,22750,Greater Geelong,1,Good,Good,0
20974,Geelong West,22750,Greater Geelong,1,Good,Good,0
20975,Gelantipy,22110,East Gippsland,1,Good,Good,0
20976,Gellibrand,21750,Colac Otway,1,Good,Good,0
20977,Gellibrand Lower,21750,Colac Otway,0.0005238,Good,Good,1
20977,Gellibrand Lower,21830,Corangamite,0.9994762,Good,Good,0
20978,Gelliondale,26810,Wellington,1,Good,Good,0
20979,Gembrook,21450,Cardinia,1,Good,Good,0
20980,Genoa,22110,East Gippsland,1,Good,Good,0
20981,Gentle Annie,20830,Baw Baw,1,Good,Good,0
20982,Georges Creek (Vic.),26670,Towong,1,Good,Good,0
20983,Gerahmin,26610,Swan Hill,1,Good,Good,0
20984,Gerang Gerung,22980,Hindmarsh,1,Good,Good,0
20985,Gerangamete,21750,Colac Otway,1,Good,Good,0
20986,Germania,25810,Northern Grampians,1,Good,Good,0
20987,Germantown (Vic.),20110,Alpine,1,Good,Good,0
20988,Gerrigerrup,25490,Moyne,1,Good,Good,0
20989,Gherang,26490,Surf Coast,1,Good,Good,0
20990,Gheringhap,22490,Golden Plains,1,Good,Good,0
20991,Ghin Ghin,25620,Murrindindi,1,Good,Good,0
20992,Giffard,26810,Wellington,1,Good,Good,0
20993,Giffard West,26810,Wellington,1,Good,Good,0
20994,Gil Gil,21270,Buloke,1,Good,Good,0
20995,Gilderoy,27450,Yarra Ranges,1,Good,Good,0
20996,Gillieston,22830,Greater Shepparton,1,Good,Good,0
20997,Gillum,26810,Wellington,1,Good,Good,0
20998,Gipsy Point,22110,East Gippsland,1,Good,Good,0
20999,Girgarre,21370,Campaspe,1,Good,Good,0
21000,Girgarre East,22830,Greater Shepparton,1,Good,Good,0
21001,Gisborne,24130,Macedon Ranges,1,Good,Good,0
21002,Gisborne South,24130,Macedon Ranges,1,Good,Good,0
21003,Gladfield (Vic.),23940,Loddon,1,Good,Good,0
21004,Gladstone Park,23270,Hume,1,Good,Good,0
21005,Gladysdale,27450,Yarra Ranges,1,Good,Good,0
21006,Glen Alvie,20740,Bass Coast,1,Good,Good,0
21007,Glen Creek,20110,Alpine,1,Good,Good,0
21008,Glen Forbes,20740,Bass Coast,1,Good,Good,0
21009,Glen Huntly,22310,Glen Eira,1,Good,Good,0
21010,Glen Iris (Vic.),21110,Boroondara,0.6404158,Good,Good,0
21010,Glen Iris (Vic.),26350,Stonnington,0.3595842,Good,Good,0
21011,Glen Park,20570,Ballarat,0.5239863,Good,Good,0
21011,Glen Park,25150,Moorabool,0.4760137,Good,Good,0
21012,Glen Valley,22110,East Gippsland,1,Good,Good,0
21013,Glen Waverley,24970,Monash,1,Good,Good,0
21014,Glen Wills,22110,East Gippsland,1,Good,Good,0
21015,Glenaire,21750,Colac Otway,1,Good,Good,0
21016,Glenaladale,22110,East Gippsland,1,Good,Good,0
21017,Glenalbyn,23940,Loddon,1,Good,Good,0
21018,Glenaroua,24850,Mitchell,1,Good,Good,0
21019,Glenbrae,25990,Pyrenees,1,Good,Good,0
21020,Glenburn,25620,Murrindindi,1,Good,Good,0
21021,Glendaruel,20570,Ballarat,1,Good,Good,0
21022,Glendonald,20570,Ballarat,1,Good,Good,0
21023,Glenfalloch,26810,Wellington,1,Good,Good,0
21024,Glenfyne,21830,Corangamite,1,Good,Good,0
21025,Glengarry (Vic.),23810,Latrobe (Vic.),0.7831634,Good,Good,0
21025,Glengarry (Vic.),26810,Wellington,0.2168366,Good,Good,0
21026,Glengarry North,20830,Baw Baw,4.76E-05,Good,Good,1
21026,Glengarry North,23810,Latrobe (Vic.),0.9999524,Good,Good,0
21027,Glengarry West,23810,Latrobe (Vic.),1,Good,Good,0
21028,Glengower,21670,Central Goldfields,0.5,Good,Good,0
21028,Glengower,22910,Hepburn,0.5,Good,Good,0
21029,Glenhope,24850,Mitchell,1,Good,Good,0
21030,Glenhope East,24850,Mitchell,1,Good,Good,0
21031,Glenisla,26260,Southern Grampians,1,Good,Good,0
21032,Glenlee (Vic.),22980,Hindmarsh,1,Good,Good,0
21033,Glenlofty,25990,Pyrenees,1,Good,Good,0
21034,Glenlogie,20260,Ararat,0.2356744,Good,Good,0
21034,Glenlogie,25990,Pyrenees,0.7643256,Good,Good,0
21035,Glenloth,21270,Buloke,1,Good,Good,0
21036,Glenloth East,21270,Buloke,0.5293772,Good,Good,0
21036,Glenloth East,23940,Loddon,0.4706228,Good,Good,0
21037,Glenluce,25430,Mount Alexander,1,Good,Good,0
21038,Glenlyon (Vic.),22910,Hepburn,1,Good,Good,0
21039,Glenmaggie,26810,Wellington,1,Good,Good,0
21040,Glenmore (Vic.),25150,Moorabool,1,Good,Good,0
21041,Glenorchy (Vic.),25810,Northern Grampians,1,Good,Good,0
21042,Glenormiston North,21830,Corangamite,1,Good,Good,0
21043,Glenormiston South,21830,Corangamite,1,Good,Good,0
21044,Glenpatrick,25990,Pyrenees,1,Good,Good,0
21045,Glenrowan,21010,Benalla,9.50E-06,Good,Good,1
21045,Glenrowan,26700,Wangaratta,0.9999905,Good,Good,0
21046,Glenrowan West,21010,Benalla,1,Good,Good,0
21047,Glenroy (Vic.),25250,Moreland,1,Good,Good,0
21048,Glenthompson,20260,Ararat,0.0474591,Good,Good,0
21048,Glenthompson,26260,Southern Grampians,0.9525409,Good,Good,0
21049,Glomar Beach,26810,Wellington,1,Good,Good,0
21050,Gnarwarre,26490,Surf Coast,1,Good,Good,0
21051,Gnotuk,21830,Corangamite,1,Good,Good,0
21052,Gobarup,21370,Campaspe,1,Good,Good,0
21053,Gobur,25620,Murrindindi,1,Good,Good,0
21054,Golden Beach (Vic.),26810,Wellington,1,Good,Good,0
21055,Golden Gully,22620,Greater Bendigo,1,Good,Good,0
21056,Golden Point (Ballarat - Vic.),20570,Ballarat,1,Good,Good,0
21057,Golden Point (Mount Alexander - Vic.),25430,Mount Alexander,1,Good,Good,0
21058,Golden Square,22620,Greater Bendigo,1,Good,Good,0
21059,Goldie,24130,Macedon Ranges,1,Good,Good,0
21060,Goldsborough (Vic.),21670,Central Goldfields,1,Good,Good,0
21061,Gong Gong,20570,Ballarat,1,Good,Good,0
21062,Gonn Crossing,22250,Gannawarra,1,Good,Good,0
21063,Goomalibee,21010,Benalla,1,Good,Good,0
21064,Goon Nure,22110,East Gippsland,1,Good,Good,0
21065,Goongerah,22110,East Gippsland,1,Good,Good,0
21066,Gooram,26430,Strathbogie,1,Good,Good,0
21067,Gooramadda,23350,Indigo,1,Good,Good,0
21068,Goorambat,21010,Benalla,1,Good,Good,0
21069,Goornong,22620,Greater Bendigo,1,Good,Good,0
21070,Gooroc,25810,Northern Grampians,1,Good,Good,0
21071,Gorae,22410,Glenelg,1,Good,Good,0
21072,Gorae West,22410,Glenelg,1,Good,Good,0
21073,Gordon (Vic.),25150,Moorabool,1,Good,Good,0
21074,Gormandale,26810,Wellington,1,Good,Good,0
21075,Goroke,26890,West Wimmera,1,Good,Good,0
21076,Goschen,26610,Swan Hill,1,Good,Good,0
21077,Goughs Bay,24250,Mansfield,1,Good,Good,0
21078,Goulburn Weir,26430,Strathbogie,1,Good,Good,0
21079,Gowanbrae,25250,Moreland,1,Good,Good,0
21080,Gowanford,26610,Swan Hill,1,Good,Good,0
21081,Gowangardie,22830,Greater Shepparton,1,Good,Good,0
21082,Gowar East,23940,Loddon,0.4074759,Good,Good,0
21082,Gowar East,25810,Northern Grampians,0.5925241,Good,Good,0
21083,Gower,25430,Mount Alexander,1,Good,Good,0
21084,Grahamvale,22830,Greater Shepparton,1,Good,Good,0
21085,Grampians,26260,Southern Grampians,1,Good,Good,0
21086,Grand Ridge,23810,Latrobe (Vic.),0.5551876,Good,Good,0
21086,Grand Ridge,26810,Wellington,0.4448124,Good,Good,0
21087,Grangefields,24650,Melton,1,Good,Good,0
21088,Granite Rock,22110,East Gippsland,1,Good,Good,0
21089,Grantville,20740,Bass Coast,1,Good,Good,0
21090,Granya,26670,Towong,1,Good,Good,0
21091,Grassdale (Vic.),22410,Glenelg,1,Good,Good,0
21092,Grassmere,25490,Moyne,1,Good,Good,0
21093,Grays Bridge,25810,Northern Grampians,1,Good,Good,0
21094,Graytown,26430,Strathbogie,1,Good,Good,0
21095,Gre Gre,25810,Northern Grampians,1,Good,Good,0
21096,Gre Gre North,25810,Northern Grampians,1,Good,Good,0
21097,Gre Gre South,25810,Northern Grampians,1,Good,Good,0
21098,Great Western,20260,Ararat,0.0566429,Good,Good,0
21098,Great Western,25810,Northern Grampians,0.9433571,Good,Good,0
21099,Gredgwin,22250,Gannawarra,0.2780244,Good,Good,0
21099,Gredgwin,23940,Loddon,0.7219756,Good,Good,0
21100,Green Gully (Vic.),25430,Mount Alexander,1,Good,Good,0
21101,Greendale (Vic.),25150,Moorabool,1,Good,Good,0
21102,Greenhill (Vic.),24130,Macedon Ranges,0.9506719,Good,Good,0
21102,Greenhill (Vic.),25430,Mount Alexander,0.0493281,Good,Good,0
21103,Greens Creek (Vic.),25810,Northern Grampians,1,Good,Good,0
21104,Greensborough,20660,Banyule,0.7489324,Acceptable,Good,0
21104,Greensborough,25710,Nillumbik,0.2510676,Good,Good,0
21105,Greenvale (Vic.),23270,Hume,1,Good,Good,0
21106,Greenwald,22410,Glenelg,1,Good,Good,0
21107,Grenville,22490,Golden Plains,0.8197622,Good,Good,0
21107,Grenville,25150,Moorabool,0.1802378,Good,Good,0
21108,Greta (Vic.),26700,Wangaratta,1,Good,Good,0
21109,Greta South,26700,Wangaratta,1,Good,Good,0
21110,Greta West,26700,Wangaratta,1,Good,Good,0
21111,Grey River,21750,Colac Otway,1,Good,Good,0
21112,Gringegalgona,26260,Southern Grampians,1,Good,Good,0
21113,Gritjurk,26260,Southern Grampians,1,Good,Good,0
21114,Grovedale,22750,Greater Geelong,1,Good,Good,0
21115,Gruyere,27450,Yarra Ranges,1,Good,Good,0
21116,Guildford (Vic.),22910,Hepburn,0.0989945,Good,Good,0
21116,Guildford (Vic.),25430,Mount Alexander,0.9010055,Good,Good,0
21117,Gunbower,21370,Campaspe,1,Good,Good,0
21118,Gundowring,20110,Alpine,0.1869744,Good,Good,0
21118,Gundowring,23350,Indigo,0.8130256,Good,Good,0
21119,Gunyah,26170,South Gippsland,1,Good,Good,0
21120,Guys Forest,26670,Towong,1,Good,Good,0
21121,Guys Hill,21450,Cardinia,1,Good,Good,0
21122,Gymbowen,26890,West Wimmera,1,Good,Good,0
21123,Haddon,22490,Golden Plains,1,Good,Good,0
21124,Hadfield,25250,Moreland,1,Good,Good,0
21125,Hallam,21610,Casey,1,Good,Good,0
21126,Hallora,20830,Baw Baw,1,Good,Good,0
21127,Halls Gap,20260,Ararat,2.03E-05,Good,Good,1
21127,Halls Gap,25810,Northern Grampians,0.9999797,Good,Good,0
21128,Hallston,26170,South Gippsland,1,Good,Good,0
21129,Hamilton (Vic.),26260,Southern Grampians,1,Good,Good,0
21130,Hamlyn Heights,22750,Greater Geelong,1,Good,Good,0
21131,Hampton (Vic.),20910,Bayside (Vic.),1,Good,Good,0
21132,Hampton East,20910,Bayside (Vic.),1,Good,Good,0
21133,Hampton Park,21610,Casey,1,Good,Good,0
21134,Hansonville,26700,Wangaratta,1,Good,Good,0
21135,Happy Valley (Golden Plains - Vic.),22490,Golden Plains,1,Good,Good,0
21136,Happy Valley (Swan Hill - Vic.),26610,Swan Hill,1,Good,Good,0
21137,Harcourt,25430,Mount Alexander,1,Good,Good,0
21138,Harcourt North,22620,Greater Bendigo,0.5523823,Good,Good,0
21138,Harcourt North,25430,Mount Alexander,0.4476177,Good,Good,0
21139,Harkaway,21610,Casey,1,Good,Good,0
21140,Harkness,24650,Melton,1,Good,Good,0
21141,Harmers Haven,20740,Bass Coast,1,Good,Good,0
21142,Harrietville,20110,Alpine,1,Good,Good,0
21143,Harrow,26260,Southern Grampians,0.133679,Good,Good,0
21143,Harrow,26890,West Wimmera,0.866321,Good,Good,0
21144,Harston,22830,Greater Shepparton,1,Good,Good,0
21145,Hastings (Vic.),25340,Mornington Peninsula,1,Good,Good,0
21146,Hattah,24780,Mildura,1,Good,Good,0
21147,Havelock,21670,Central Goldfields,1,Good,Good,0
21148,Haven,23190,Horsham,1,Good,Good,0
21149,Havilah (Vic.),20110,Alpine,1,Good,Good,0
21150,Hawkesdale,25490,Moyne,1,Good,Good,0
21151,Hawkhurst,26810,Wellington,1,Good,Good,0
21152,Hawthorn (Vic.),21110,Boroondara,1,Good,Good,0
21153,Hawthorn East,21110,Boroondara,1,Good,Good,0
21154,Hazel Park,26170,South Gippsland,1,Good,Good,0
21155,Hazelwood,23810,Latrobe (Vic.),1,Good,Good,0
21156,Hazelwood North,23810,Latrobe (Vic.),1,Good,Good,0
21157,Hazelwood South,23810,Latrobe (Vic.),1,Good,Good,0
21158,Healesville,27450,Yarra Ranges,1,Good,Good,0
21159,Heath Hill,20830,Baw Baw,0.4270687,Good,Good,0
21159,Heath Hill,21450,Cardinia,0.5729313,Good,Good,0
21160,Heathcote (Vic.),22620,Greater Bendigo,1,Good,Good,0
21161,Heathcote Junction,24850,Mitchell,1,Good,Good,0
21162,Heathcote South,24850,Mitchell,1,Good,Good,0
21163,Heatherton,23430,Kingston (Vic.),1,Good,Good,0
21164,Heathmere,22410,Glenelg,1,Good,Good,0
21165,Heathmont,24410,Maroondah,1,Good,Good,0
21166,Hedley,26170,South Gippsland,0.7791394,Good,Good,0
21166,Hedley,26810,Wellington,0.2208606,Good,Good,0
21167,Heidelberg,20660,Banyule,1,Acceptable,Good,0
21168,Heidelberg Heights,20660,Banyule,1,Acceptable,Good,0
21169,Heidelberg West,20660,Banyule,1,Acceptable,Good,0
21170,Hensley Park,26260,Southern Grampians,1,Good,Good,0
21171,Henty (Vic.),22410,Glenelg,1,Good,Good,0
21172,Hepburn,22910,Hepburn,1,Good,Good,0
21173,Hepburn Springs,22910,Hepburn,1,Good,Good,0
21174,Herne Hill (Vic.),22750,Greater Geelong,1,Good,Good,0
21175,Hernes Oak,23810,Latrobe (Vic.),1,Good,Good,0
21176,Hesket,24130,Macedon Ranges,1,Good,Good,0
21177,Hesse,22490,Golden Plains,1,Good,Good,0
21178,Hexham (Vic.),25490,Moyne,1,Good,Good,0
21179,Heyfield,26810,Wellington,1,Good,Good,0
21180,Heytesbury Lower,21830,Corangamite,1,Good,Good,0
21181,Heywood,22410,Glenelg,1,Good,Good,0
21182,Hiamdale,26810,Wellington,1,Good,Good,0
21183,Hiawatha,26810,Wellington,1,Good,Good,0
21184,High Camp,24850,Mitchell,1,Good,Good,0
21185,Highett,20910,Bayside (Vic.),0.6624545,Good,Good,0
21185,Highett,23430,Kingston (Vic.),0.3375455,Good,Good,0
21186,Highlands,24850,Mitchell,0.2142672,Good,Good,0
21186,Highlands,25620,Murrindindi,0.7857328,Good,Good,0
21187,Highton,22750,Greater Geelong,1,Good,Good,0
21188,Hilgay,26260,Southern Grampians,1,Good,Good,0
21189,Hill End (Vic.),20830,Baw Baw,1,Good,Good,0
21190,Hillcrest (Vic.),25990,Pyrenees,1,Good,Good,0
21191,Hilldene,24850,Mitchell,1,Good,Good,0
21192,Hillside (East Gippsland - Vic.),22110,East Gippsland,1,Good,Good,0
21193,Hillside (Melton - Vic.),21180,Brimbank,0.0666457,Good,Good,0
21193,Hillside (Melton - Vic.),24650,Melton,0.9333543,Good,Good,0
21194,Hinnomunjie,22110,East Gippsland,1,Good,Good,0
21195,Hmas Cerberus,25340,Mornington Peninsula,1,Good,Good,0
21196,Hoddles Creek,27450,Yarra Ranges,1,Good,Good,0
21197,Hollands Landing,22110,East Gippsland,0.0003565,Good,Good,1
21197,Hollands Landing,26810,Wellington,0.9996435,Good,Good,0
21198,Homebush (Vic.),25990,Pyrenees,1,Good,Good,0
21199,Homerton,22410,Glenelg,1,Good,Good,0
21200,Homewood,25620,Murrindindi,1,Good,Good,0
21201,Hopetoun (Vic.),27630,Yarriambiack,1,Good,Good,0
21202,Hopetoun Park,25150,Moorabool,1,Good,Good,0
21203,Hoppers Crossing,27260,Wyndham,1,Good,Good,0
21204,Hordern Vale,21750,Colac Otway,1,Good,Good,0
21205,Horfield,22250,Gannawarra,1,Good,Good,0
21206,Horsham,23190,Horsham,1,Good,Good,0
21207,Hotham Heights,20110,Alpine,0.0003006,Good,Good,1
21207,Hotham Heights,29399,Unincorporated Vic,0.9996994,Good,Good,0
21208,Hotspur,22410,Glenelg,1,Good,Good,0
21209,Howes Creek,24250,Mansfield,1,Good,Good,0
21210,Howitt Plains,24250,Mansfield,0.5,Good,Good,0
21210,Howitt Plains,26810,Wellington,0.5,Good,Good,0
21211,Howqua,24250,Mansfield,1,Good,Good,0
21212,Howqua Hills,24250,Mansfield,1,Good,Good,0
21213,Howqua Inlet,24250,Mansfield,1,Good,Good,0
21214,Hughesdale,24970,Monash,1,Good,Good,0
21215,Humevale,27070,Whittlesea,1,Good,Good,0
21216,Hunter,22620,Greater Bendigo,1,Good,Good,0
21217,Hunterston,26810,Wellington,1,Good,Good,0
21218,Huntingdale (Vic.),24970,Monash,1,Good,Good,0
21219,Huntly,22620,Greater Bendigo,1,Good,Good,0
21220,Huntly North,22620,Greater Bendigo,1,Good,Good,0
21221,Huon,23350,Indigo,0.8564421,Good,Good,0
21221,Huon,26670,Towong,0.1435579,Good,Good,0
21222,Huon Creek,27170,Wodonga,1,Good,Good,0
21223,Hurstbridge,25710,Nillumbik,1,Good,Good,0
21224,Icy Creek,20830,Baw Baw,1,Good,Good,0
21225,Iguana Creek,22110,East Gippsland,1,Good,Good,0
21226,Illabarook,22490,Golden Plains,1,Good,Good,0
21227,Illawarra,25810,Northern Grampians,1,Good,Good,0
21228,Illowa,25490,Moyne,0.9147325,Good,Good,0
21228,Illowa,26730,Warrnambool,0.0852675,Good,Good,0
21229,Indented Head,22750,Greater Geelong,1,Good,Good,0
21230,Indigo Valley,23350,Indigo,1,Good,Good,0
21231,Inglewood (Vic.),23940,Loddon,1,Good,Good,0
21232,Ingliston,25150,Moorabool,1,Good,Good,0
21233,Invergordon (Vic.),24900,Moira,1,Good,Good,0
21234,Inverleigh,22490,Golden Plains,0.9600399,Good,Good,0
21234,Inverleigh,26490,Surf Coast,0.0399601,Good,Good,0
21235,Inverloch,20740,Bass Coast,0.9929274,Good,Good,0
21235,Inverloch,26170,South Gippsland,0.0070726,Good,Good,1
21236,Invermay (Vic.),20570,Ballarat,1,Good,Good,0
21237,Invermay Park,20570,Ballarat,1,Good,Good,0
21238,Iona,21450,Cardinia,1,Good,Good,0
21239,Iraak,24780,Mildura,1,Good,Good,0
21240,Irishtown (Vic.),25430,Mount Alexander,1,Good,Good,0
21241,Ironbark (Vic.),22620,Greater Bendigo,1,Good,Good,0
21242,Irrewarra,21750,Colac Otway,1,Good,Good,0
21243,Irrewillipe,21750,Colac Otway,1,Good,Good,0
21244,Irrewillipe East,21750,Colac Otway,1,Good,Good,0
21245,Irymple (Vic.),24780,Mildura,1,Good,Good,0
21246,Ivanhoe (Vic.),20660,Banyule,1,Acceptable,Good,0
21247,Ivanhoe East,20660,Banyule,1,Acceptable,Good,0
21248,Jacana,23270,Hume,1,Good,Good,0
21249,Jack River,26810,Wellington,1,Good,Good,0
21250,Jackass Flat,22620,Greater Bendigo,1,Good,Good,0
21251,Jacob Creek,20830,Baw Baw,1,Good,Good,0
21252,Jam Jerrup,20740,Bass Coast,1,Good,Good,0
21253,Jamieson (Vic.),24250,Mansfield,1,Good,Good,0
21254,Jan Juc,26490,Surf Coast,1,Good,Good,0
21255,Jancourt,21830,Corangamite,1,Good,Good,0
21256,Jancourt East,21750,Colac Otway,0.098383,Good,Good,0
21256,Jancourt East,21830,Corangamite,0.901617,Good,Good,0
21257,Jarklin,23940,Loddon,1,Good,Good,0
21258,Jarrahmond,22110,East Gippsland,1,Good,Good,0
21259,Jarvis Creek,26670,Towong,1,Good,Good,0
21260,Jeeralang,23810,Latrobe (Vic.),1,Good,Good,0
21261,Jeeralang Junction,23810,Latrobe (Vic.),1,Good,Good,0
21262,Jeetho,26170,South Gippsland,1,Good,Good,0
21263,Jeffcott,21270,Buloke,1,Good,Good,0
21264,Jeffcott North,21270,Buloke,1,Good,Good,0
21265,Jeparit,22980,Hindmarsh,1,Good,Good,0
21266,Jericho (Vic.),20830,Baw Baw,1,Good,Good,0
21267,Jeruk,21270,Buloke,1,Good,Good,0
21268,Jil Jil,21270,Buloke,1,Good,Good,0
21269,Jindivick,20830,Baw Baw,1,Good,Good,0
21270,Joel Joel,25810,Northern Grampians,1,Good,Good,0
21271,Joel South,25810,Northern Grampians,1,Good,Good,0
21272,Johanna,21750,Colac Otway,1,Good,Good,0
21273,Johnsonville,22110,East Gippsland,1,Good,Good,0
21274,Joyces Creek,21670,Central Goldfields,0.0012461,Good,Good,1
21274,Joyces Creek,25430,Mount Alexander,0.9987539,Good,Good,0
21275,Jumbuk,23810,Latrobe (Vic.),1,Good,Good,0
21276,Jumbunna,26170,South Gippsland,1,Good,Good,0
21277,Junction Village,21610,Casey,1,Good,Good,0
21278,Jungaburra,23940,Loddon,1,Good,Good,0
21279,Junortoun,22620,Greater Bendigo,1,Good,Good,0
21280,Kaarimba,24900,Moira,1,Good,Good,0
21281,Kadnook,26890,West Wimmera,1,Good,Good,0
21282,Kalimna,22110,East Gippsland,1,Good,Good,0
21283,Kalimna West,22110,East Gippsland,1,Good,Good,0
21284,Kalkallo,23270,Hume,1,Good,Good,0
21285,Kalkee,23190,Horsham,1,Good,Good,0
21286,Kallista,27450,Yarra Ranges,1,Good,Good,0
21287,Kalorama,27450,Yarra Ranges,1,Good,Good,0
21288,Kalpienung,21270,Buloke,1,Good,Good,0
21289,Kamarooka,22620,Greater Bendigo,0.6804081,Good,Good,0
21289,Kamarooka,23940,Loddon,0.3195919,Good,Good,0
21290,Kamarooka North,23940,Loddon,1,Good,Good,0
21291,Kanagulk,23190,Horsham,1,Good,Good,0
21292,Kancoona,20110,Alpine,1,Good,Good,0
21293,Kangaroo Flat (Vic.),22620,Greater Bendigo,1,Good,Good,0
21294,Kangaroo Ground,25710,Nillumbik,1,Good,Good,0
21295,Kaniva,26890,West Wimmera,1,Good,Good,0
21296,Kanumbra,25620,Murrindindi,1,Good,Good,0
21297,Kanya,25810,Northern Grampians,1,Good,Good,0
21298,Kanyapella,21370,Campaspe,1,Good,Good,0
21299,Karabeal,26260,Southern Grampians,1,Good,Good,0
21300,Kardella,26170,South Gippsland,1,Good,Good,0
21301,Kardella South,26170,South Gippsland,1,Good,Good,0
21302,Kariah,21830,Corangamite,1,Good,Good,0
21303,Karnak,26890,West Wimmera,1,Good,Good,0
21304,Karramomus,22830,Greater Shepparton,1,Good,Good,0
21305,Karyrie,21270,Buloke,1,Good,Good,0
21306,Katamatite,24900,Moira,1,Good,Good,0
21307,Katamatite East,24900,Moira,1,Good,Good,0
21308,Katandra,22830,Greater Shepparton,1,Good,Good,0
21309,Katandra West,22830,Greater Shepparton,1,Good,Good,0
21310,Katunga,24900,Moira,1,Good,Good,0
21311,Kawarren,21750,Colac Otway,1,Good,Good,0
21312,Kealba,21180,Brimbank,1,Good,Good,0
21313,Keely,22250,Gannawarra,1,Good,Good,0
21314,Keilor,21180,Brimbank,0.9894841,Good,Good,0
21314,Keilor,23270,Hume,0.0105159,Good,Good,0
21315,Keilor Downs,21180,Brimbank,1,Good,Good,0
21316,Keilor East,21180,Brimbank,0.0007421,Good,Good,1
21316,Keilor East,25060,Moonee Valley,0.9992579,Good,Good,0
21317,Keilor Lodge,21180,Brimbank,1,Good,Good,0
21318,Keilor North,21180,Brimbank,1,Good,Good,0
21319,Keilor Park,21180,Brimbank,1,Good,Good,0
21320,Kellalac,27630,Yarriambiack,1,Good,Good,0
21321,Kelvin View,26430,Strathbogie,1,Good,Good,0
21322,Kenley,26610,Swan Hill,1,Good,Good,0
21323,Kenmare (Vic.),22980,Hindmarsh,1,Good,Good,0
21324,Kennedys Creek,21830,Corangamite,1,Good,Good,0
21325,Kennett River,21750,Colac Otway,1,Good,Good,0
21326,Kennington,22620,Greater Bendigo,1,Good,Good,0
21327,Kensington (Vic.),24600,Melbourne,0.9999981,Good,Good,0
21327,Kensington (Vic.),25060,Moonee Valley,1.90E-06,Good,Good,1
21328,Kerang,22250,Gannawarra,1,Good,Good,0
21329,Kerang East,22250,Gannawarra,1,Good,Good,0
21330,Kergunyah,23350,Indigo,1,Good,Good,0
21331,Kergunyah South,20110,Alpine,1,Good,Good,0
21332,Kernot,20740,Bass Coast,1,Good,Good,0
21333,Kerrie,24130,Macedon Ranges,1,Good,Good,0
21334,Kerrisdale,25620,Murrindindi,1,Good,Good,0
21335,Kevington,24250,Mansfield,1,Good,Good,0
21336,Kew (Vic.),21110,Boroondara,1,Good,Good,0
21337,Kew East,21110,Boroondara,1,Good,Good,0
21338,Kewell,27630,Yarriambiack,1,Good,Good,0
21339,Keysborough,22670,Greater Dandenong,1,Good,Good,0
21340,Kialla,22830,Greater Shepparton,1,Good,Good,0
21341,Kialla East,22830,Greater Shepparton,1,Good,Good,0
21342,Kialla West,22830,Greater Shepparton,1,Good,Good,0
21343,Kiata,22980,Hindmarsh,1,Good,Good,0
21344,Kiewa,23350,Indigo,1,Good,Good,0
21345,Kilcunda,20740,Bass Coast,1,Good,Good,0
21346,Killara (Glenelg - Vic.),22410,Glenelg,1,Good,Good,0
21347,Killara (Wodonga - Vic.),27170,Wodonga,1,Good,Good,0
21348,Killarney (Vic.),25490,Moyne,1,Good,Good,0
21349,Killawarra (Vic.),26700,Wangaratta,1,Good,Good,0
21350,Killingworth (Vic.),25620,Murrindindi,1,Good,Good,0
21351,Kilmany,26810,Wellington,1,Good,Good,0
21352,Kilmore,24850,Mitchell,1,Good,Good,0
21353,Kilmore East,24850,Mitchell,1,Good,Good,0
21354,Kilsyth,24410,Maroondah,0.153506,Good,Good,0
21354,Kilsyth,27450,Yarra Ranges,0.846494,Good,Good,0
21355,Kilsyth South,24410,Maroondah,1,Good,Good,0
21356,Kimbolton (Vic.),22620,Greater Bendigo,1,Good,Good,0
21357,King Valley,26700,Wangaratta,1,Good,Good,0
21358,Kinglake,25620,Murrindindi,0.999982,Good,Good,0
21358,Kinglake,25710,Nillumbik,1.80E-05,Good,Good,1
21359,Kinglake Central,25620,Murrindindi,1,Good,Good,0
21360,Kinglake West,25620,Murrindindi,0.9215709,Good,Good,0
21360,Kinglake West,25710,Nillumbik,1.55E-05,Good,Good,1
21360,Kinglake West,27070,Whittlesea,0.0784136,Good,Good,0
21361,Kingower,23940,Loddon,1,Good,Good,0
21362,Kings Park (Vic.),21180,Brimbank,1,Good,Good,0
21363,Kingsbury,21890,Darebin,1,Good,Good,0
21364,Kingston (Vic.),22910,Hepburn,1,Good,Good,0
21365,Kingsville,24330,Maribyrnong,1,Good,Good,0
21366,Kinnabulla,21270,Buloke,1,Good,Good,0
21367,Kinypanial,23940,Loddon,1,Good,Good,0
21368,Kirkstall,25490,Moyne,1,Good,Good,0
21369,Kirwans Bridge,26430,Strathbogie,1,Good,Good,0
21370,Kithbrook,26430,Strathbogie,1,Good,Good,0
21371,Knebsworth,25490,Moyne,1,Good,Good,0
21372,Knockwood,24250,Mansfield,1,Good,Good,0
21373,Knowsley,22620,Greater Bendigo,1,Good,Good,0
21374,Knoxfield,23670,Knox,1,Good,Good,0
21375,Koallah,21830,Corangamite,1,Good,Good,0
21376,Koetong,26670,Towong,1,Good,Good,0
21377,Kolora,21830,Corangamite,0.5760161,Good,Good,0
21377,Kolora,25490,Moyne,0.4239839,Good,Good,0
21378,Kongwak,20740,Bass Coast,0.1724783,Good,Good,0
21378,Kongwak,26170,South Gippsland,0.8275217,Good,Good,0
21379,Konongwootong,26260,Southern Grampians,1,Good,Good,0
21380,Koo Wee Rup,21450,Cardinia,1,Good,Good,0
21381,Koo Wee Rup North,21450,Cardinia,1,Good,Good,0
21382,Kooloonong,26610,Swan Hill,1,Good,Good,0
21383,Koonda,26430,Strathbogie,1,Good,Good,0
21384,Koondrook,22250,Gannawarra,1,Good,Good,0
21385,Koonoomoo,24900,Moira,1,Good,Good,0
21386,Koonwarra,26170,South Gippsland,1,Good,Good,0
21387,Kooreh,25810,Northern Grampians,1,Good,Good,0
21388,Koorlong,24780,Mildura,1,Good,Good,0
21389,Koornalla,23810,Latrobe (Vic.),1,Good,Good,0
21390,Kooroocheang,22910,Hepburn,1,Good,Good,0
21391,Koorool,26810,Wellington,1,Good,Good,0
21392,Koorooman,26170,South Gippsland,1,Good,Good,0
21393,Kooyong,26350,Stonnington,1,Good,Good,0
21394,Koriella,25620,Murrindindi,1,Good,Good,0
21395,Korobeit,25150,Moorabool,1,Good,Good,0
21396,Koroit,25490,Moyne,1,Good,Good,0
21397,Korong Vale,23940,Loddon,1,Good,Good,0
21398,Koroop,22250,Gannawarra,1,Good,Good,0
21399,Korumburra,26170,South Gippsland,1,Good,Good,0
21400,Korumburra South,26170,South Gippsland,1,Good,Good,0
21401,Korweinguboora,22910,Hepburn,5.18E-05,Good,Good,1
21401,Korweinguboora,25150,Moorabool,0.9999482,Good,Good,0
21402,Kotta,21370,Campaspe,1,Good,Good,0
21403,Kotupna,24900,Moira,1,Good,Good,0
21404,Koyuga,21370,Campaspe,1,Good,Good,0
21405,Krowera,20740,Bass Coast,1,Good,Good,0
21406,Kulwin (Vic.),24780,Mildura,1,Good,Good,0
21407,Kunat,26610,Swan Hill,1,Good,Good,0
21408,Kurraca,23940,Loddon,1,Good,Good,0
21409,Kurraca West,23940,Loddon,1,Good,Good,0
21410,Kurting,23940,Loddon,1,Good,Good,0
21411,Kurunjang,24650,Melton,1,Good,Good,0
21412,Kyabram,21370,Campaspe,0.9842262,Good,Good,0
21412,Kyabram,22830,Greater Shepparton,0.0157738,Good,Good,0
21413,Kyabram South,22830,Greater Shepparton,1,Good,Good,0
21414,Kyneton,24130,Macedon Ranges,1,Good,Good,0
21415,Kyneton South,24130,Macedon Ranges,1,Good,Good,0
21416,Kyvalley,21370,Campaspe,1,Good,Good,0
21417,Laanecoorie,23940,Loddon,1,Good,Good,0
21418,Laang,25490,Moyne,1,Good,Good,0
21419,Labertouche,20830,Baw Baw,1,Good,Good,0
21420,Laceby,26700,Wangaratta,1,Good,Good,0
21421,Ladys Pass,22620,Greater Bendigo,1,Good,Good,0
21422,Laen,21270,Buloke,1,Good,Good,0
21423,Laen East,21270,Buloke,1,Good,Good,0
21424,Laen North,21270,Buloke,1,Good,Good,0
21425,Lah,27630,Yarriambiack,1,Good,Good,0
21426,Laharum,23190,Horsham,0.999939,Good,Good,0
21426,Laharum,25810,Northern Grampians,6.10E-05,Good,Good,1
21427,Lake Boga,26610,Swan Hill,1,Good,Good,0
21428,Lake Bolac,20260,Ararat,1,Good,Good,0
21429,Lake Bunga,22110,East Gippsland,1,Good,Good,0
21430,Lake Charm,22250,Gannawarra,1,Good,Good,0
21431,Lake Condah,22410,Glenelg,1,Good,Good,0
21432,Lake Eildon,24250,Mansfield,1,Good,Good,0
21433,Lake Eppalock,22620,Greater Bendigo,1,Good,Good,0
21434,Lake Fyans,25810,Northern Grampians,1,Good,Good,0
21435,Lake Gardens,20570,Ballarat,1,Good,Good,0
21436,Lake Goldsmith,25990,Pyrenees,1,Good,Good,0
21437,Lake Lonsdale,25810,Northern Grampians,1,Good,Good,0
21438,Lake Marmal,21270,Buloke,0.0004539,Good,Good,1
21438,Lake Marmal,23940,Loddon,0.9995461,Good,Good,0
21439,Lake Meran,22250,Gannawarra,0.999093,Good,Good,0
21439,Lake Meran,23940,Loddon,0.000907,Good,Good,1
21440,Lake Mundi,22410,Glenelg,1,Good,Good,0
21441,Lake Powell,26610,Swan Hill,1,Good,Good,0
21442,Lake Rowan,24900,Moira,1,Good,Good,0
21443,Lake Tyers,22110,East Gippsland,1,Good,Good,0
21444,Lake Tyers Beach,22110,East Gippsland,1,Good,Good,0
21445,Lake Tyrrell,21270,Buloke,1,Good,Good,0
21446,Lake Wellington,26810,Wellington,1,Good,Good,0
21447,Lake Wendouree,20570,Ballarat,1,Good,Good,0
21448,Lake Wongan,25990,Pyrenees,1,Good,Good,0
21449,Lakes Entrance,22110,East Gippsland,1,Good,Good,0
21450,Lal Lal,25150,Moorabool,1,Good,Good,0
21451,Lalbert,22250,Gannawarra,1,Good,Good,0
21452,Lalor,27070,Whittlesea,1,Good,Good,0
21453,Lamplough,25990,Pyrenees,1,Good,Good,0
21454,Lancaster,21370,Campaspe,0.8676504,Good,Good,0
21454,Lancaster,22830,Greater Shepparton,0.1323496,Good,Good,0
21455,Lance Creek,20740,Bass Coast,1,Good,Good,0
21456,Lancefield,24130,Macedon Ranges,1,Good,Good,0
21457,Landsborough (Vic.),25990,Pyrenees,1,Good,Good,0
21458,Landsborough West,25810,Northern Grampians,1,Good,Good,0
21459,Lang Lang,20740,Bass Coast,0.0112865,Good,Good,0
21459,Lang Lang,21450,Cardinia,0.9832628,Good,Good,0
21459,Lang Lang,26170,South Gippsland,0.0054507,Good,Good,1
21460,Lang Lang East,21450,Cardinia,1,Good,Good,0
21461,Langdons Hill,22910,Hepburn,1,Good,Good,0
21462,Langi Kal Kal,25990,Pyrenees,1,Good,Good,0
21463,Langi Logan,20260,Ararat,1,Good,Good,0
21464,Langkoop,26890,West Wimmera,1,Good,Good,0
21465,Langley,25430,Mount Alexander,1,Good,Good,0
21466,Langsborough,26810,Wellington,1,Good,Good,0
21467,Langwarrin,22170,Frankston,1,Good,Good,0
21468,Langwarrin South,22170,Frankston,1,Good,Good,0
21469,Lara,22750,Greater Geelong,1,Good,Good,0
21470,Lardner,20830,Baw Baw,1,Good,Good,0
21471,Larpent,21750,Colac Otway,1,Good,Good,0
21472,Lascelles,27630,Yarriambiack,1,Good,Good,0
21473,Launching Place,27450,Yarra Ranges,1,Good,Good,0
21474,Lauriston,24130,Macedon Ranges,1,Good,Good,0
21475,Lavers Hill,21750,Colac Otway,1,Good,Good,0
21476,Laverton (Vic.),23110,Hobsons Bay,0.9959912,Good,Good,0
21476,Laverton (Vic.),27260,Wyndham,0.0040088,Good,Good,1
21477,Laverton North,27260,Wyndham,1,Good,Good,0
21478,Lawler,21270,Buloke,1,Good,Good,0
21479,Lawloit,26890,West Wimmera,1,Good,Good,0
21480,Lawrence (Vic.),22910,Hepburn,1,Good,Good,0
21481,Leaghur,23940,Loddon,1,Good,Good,0
21482,Learmonth (Vic.),20570,Ballarat,1,Good,Good,0
21483,Ledcourt,25810,Northern Grampians,1,Good,Good,0
21484,Leichardt,22620,Greater Bendigo,0.7790502,Good,Good,0
21484,Leichardt,23940,Loddon,0.2209498,Good,Good,0
21485,Leigh Creek (Vic.),25150,Moorabool,1,Good,Good,0
21486,Leitchville,22250,Gannawarra,0.9825943,Good,Good,0
21486,Leitchville,23940,Loddon,0.0174057,Good,Good,0
21487,Lemnos,22830,Greater Shepparton,1,Good,Good,0
21488,Leneva,27170,Wodonga,1,Good,Good,0
21489,Leonards Hill,22910,Hepburn,1,Good,Good,0
21490,Leongatha,26170,South Gippsland,1,Good,Good,0
21491,Leongatha North,26170,South Gippsland,1,Good,Good,0
21492,Leongatha South,26170,South Gippsland,1,Good,Good,0
21493,Leopold,22750,Greater Geelong,1,Good,Good,0
21494,Lerderderg,25150,Moorabool,1,Good,Good,0
21495,Leslie Manor,21830,Corangamite,1,Good,Good,0
21496,Lethbridge,22490,Golden Plains,1,Good,Good,0
21497,Lexton,25990,Pyrenees,1,Good,Good,0
21498,Licola,26810,Wellington,1,Good,Good,0
21499,Licola North,24250,Mansfield,0.0022124,Good,Good,1
21499,Licola North,26810,Wellington,0.9977876,Good,Good,0
21500,Lillico (Vic.),20830,Baw Baw,1,Good,Good,0
21501,Lillicur,21670,Central Goldfields,0.9424601,Good,Good,0
21501,Lillicur,25990,Pyrenees,0.0575399,Good,Good,0
21502,Lillimur,26890,West Wimmera,1,Good,Good,0
21503,Lilliput,23350,Indigo,1,Good,Good,0
21504,Lilydale (Vic.),27450,Yarra Ranges,1,Good,Good,0
21505,Lima,21010,Benalla,1,Good,Good,0
21506,Lima East,21010,Benalla,1,Good,Good,0
21507,Lima South,21010,Benalla,0.9998572,Good,Good,0
21507,Lima South,24250,Mansfield,0.0001428,Good,Good,1
21508,Limestone (Vic.),25620,Murrindindi,1,Good,Good,0
21509,Lindenow,22110,East Gippsland,1,Good,Good,0
21510,Lindenow South,22110,East Gippsland,1,Good,Good,0
21511,Lindsay,22410,Glenelg,1,Good,Good,0
21512,Lindsay Point,24780,Mildura,1,Good,Good,0
21513,Linga,24780,Mildura,1,Good,Good,0
21514,Linton,22490,Golden Plains,0.9323859,Good,Good,0
21514,Linton,25990,Pyrenees,0.0676141,Good,Good,0
21515,Liparoo,26610,Swan Hill,1,Good,Good,0
21516,Lismore (Vic.),21830,Corangamite,1,Good,Good,0
21517,Litchfield,21270,Buloke,1,Good,Good,0
21518,Little Desert,22980,Hindmarsh,1,Good,Good,0
21519,Little Hampton,22910,Hepburn,1,Good,Good,0
21520,Little River (Vic.),22750,Greater Geelong,0.4551383,Good,Good,0
21520,Little River (Vic.),27260,Wyndham,0.5448617,Good,Good,0
21521,Llanelly,23940,Loddon,1,Good,Good,0
21522,Llowalong,26810,Wellington,1,Good,Good,0
21523,Loch,20740,Bass Coast,0.2578375,Good,Good,0
21523,Loch,26170,South Gippsland,0.7421625,Good,Good,0
21524,Loch Sport,26810,Wellington,1,Good,Good,0
21525,Loch Valley,20830,Baw Baw,1,Good,Good,0
21526,Lockington,21370,Campaspe,1,Good,Good,0
21527,Locksley (Vic.),26430,Strathbogie,1,Good,Good,0
21528,Lockwood,22620,Greater Bendigo,1,Good,Good,0
21529,Lockwood South,22620,Greater Bendigo,0.9999905,Good,Good,0
21529,Lockwood South,25430,Mount Alexander,9.50E-06,Good,Good,1
21530,Loddon Vale,23940,Loddon,1,Good,Good,0
21531,Logan,23940,Loddon,0.8102378,Good,Good,0
21531,Logan,25810,Northern Grampians,0.1897622,Good,Good,0
21532,Londrigan,26700,Wangaratta,1,Good,Good,0
21533,Long Forest,25150,Moorabool,1,Good,Good,0
21534,Long Gully,22620,Greater Bendigo,1,Good,Good,0
21535,Longerenong,23190,Horsham,1,Good,Good,0
21536,Longford (Vic.),26810,Wellington,1,Good,Good,0
21537,Longlea,22620,Greater Bendigo,1,Good,Good,0
21538,Longwarry,20830,Baw Baw,0.9763543,Good,Good,0
21538,Longwarry,21450,Cardinia,0.0236457,Good,Good,0
21539,Longwarry North,20830,Baw Baw,1,Good,Good,0
21540,Longwood (Vic.),26430,Strathbogie,1,Good,Good,0
21541,Longwood East,26430,Strathbogie,1,Good,Good,0
21542,Lorne (Vic.),26490,Surf Coast,1,Good,Good,0
21543,Lorquon,22980,Hindmarsh,1,Good,Good,0
21544,Lovely Banks,22750,Greater Geelong,1,Good,Good,0
21545,Lower Moira,24900,Moira,1,Good,Good,0
21546,Lower Norton,23190,Horsham,1,Good,Good,0
21547,Lower Plenty,20660,Banyule,1,Acceptable,Good,0
21548,Loy Yang,23810,Latrobe (Vic.),1,Good,Good,0
21549,Lubeck,25810,Northern Grampians,0.2051216,Good,Good,0
21549,Lubeck,27630,Yarriambiack,0.7948784,Good,Good,0
21550,Lucas,20570,Ballarat,1,Good,Good,0
21551,Lucknow (Vic.),22110,East Gippsland,1,Good,Good,0
21552,Lucyvale,26670,Towong,1,Good,Good,0
21553,Lurg,21010,Benalla,1,Good,Good,0
21554,Lynbrook,21610,Casey,1,Good,Good,0
21555,Lyndhurst (Vic.),21610,Casey,0.9984253,Good,Good,0
21555,Lyndhurst (Vic.),22670,Greater Dandenong,0.0015747,Good,Good,1
21556,Lyons (Vic.),22410,Glenelg,1,Good,Good,0
21557,Lyonville,22910,Hepburn,1,Good,Good,0
21558,Lysterfield,23670,Knox,0.9794671,Good,Good,0
21558,Lysterfield,27450,Yarra Ranges,0.0205329,Good,Good,0
21559,Lysterfield South,21610,Casey,1,Good,Good,0
21560,Macarthur (Vic.),25490,Moyne,1,Good,Good,0
21561,Macclesfield (Vic.),27450,Yarra Ranges,1,Good,Good,0
21562,Macedon,24130,Macedon Ranges,1,Good,Good,0
21563,Macks Creek,26810,Wellington,1,Good,Good,0
21564,Macleod (Vic.),20660,Banyule,0.7637562,Acceptable,Good,0
21564,Macleod (Vic.),21890,Darebin,0.2362438,Good,Good,0
21565,Macorna,22250,Gannawarra,0.818113,Good,Good,0
21565,Macorna,23940,Loddon,0.181887,Good,Good,0
21566,Macorna North,22250,Gannawarra,1,Good,Good,0
21567,Macs Cove,24250,Mansfield,1,Good,Good,0
21568,Madalya,26810,Wellington,1,Good,Good,0
21569,Maddingley,25150,Moorabool,1,Good,Good,0
21570,Mafeking,20260,Ararat,1,Good,Good,0
21571,Maffra (Vic.),26810,Wellington,1,Good,Good,0
21572,Maffra West Upper,26810,Wellington,1,Good,Good,0
21573,Magpie,20570,Ballarat,1,Good,Good,0
21574,Maiden Gully,22620,Greater Bendigo,1,Good,Good,0
21575,Maidstone,24330,Maribyrnong,1,Good,Good,0
21576,Mailors Flat,25490,Moyne,1,Good,Good,0
21577,Main Lead,25990,Pyrenees,1,Good,Good,0
21578,Main Ridge,25340,Mornington Peninsula,1,Good,Good,0
21579,Maindample,24250,Mansfield,1,Good,Good,0
21580,Maintongoon,25620,Murrindindi,1,Good,Good,0
21581,Major Plains,21010,Benalla,0.2425803,Good,Good,0
21581,Major Plains,22830,Greater Shepparton,0.7574197,Good,Good,0
21582,Majorca,21670,Central Goldfields,1,Good,Good,0
21583,Maldon (Vic.),25430,Mount Alexander,1,Good,Good,0
21584,Mallacoota,22110,East Gippsland,0.9999916,Good,Good,0
21584,Mallacoota,29399,Unincorporated Vic,8.40E-06,Good,Good,1
21585,Malmsbury,24130,Macedon Ranges,0.976728,Good,Good,0
21585,Malmsbury,25430,Mount Alexander,0.023272,Good,Good,0
21586,Malvern (Vic.),26350,Stonnington,1,Good,Good,0
21587,Malvern East,26350,Stonnington,1,Good,Good,0
21588,Mambourin,27260,Wyndham,1,Good,Good,0
21589,Manangatang,26610,Swan Hill,1,Good,Good,0
21590,Mandurang,22620,Greater Bendigo,1,Good,Good,0
21591,Mandurang South,22620,Greater Bendigo,1,Good,Good,0
21592,Mangalore (Vic.),24850,Mitchell,0.0670837,Good,Good,0
21592,Mangalore (Vic.),26430,Strathbogie,0.9329163,Good,Good,0
21593,Manifold Heights,22750,Greater Geelong,1,Good,Good,0
21594,Mannerim,22750,Greater Geelong,1,Good,Good,0
21595,Mannibadar,22490,Golden Plains,1,Good,Good,0
21596,Manns Beach,26810,Wellington,1,Good,Good,0
21597,Manor Lakes,27260,Wyndham,1,Good,Good,0
21598,Manorina,22110,East Gippsland,1,Good,Good,0
21599,Mansfield (Vic.),24250,Mansfield,1,Good,Good,0
21600,Maramingo Creek,22110,East Gippsland,1,Good,Good,0
21601,Marcus Hill,22750,Greater Geelong,1,Good,Good,0
21602,Mardan,26170,South Gippsland,1,Good,Good,0
21603,Marengo (Vic.),21750,Colac Otway,1,Good,Good,0
21604,Maribyrnong,24330,Maribyrnong,1,Good,Good,0
21605,Marionvale,22830,Greater Shepparton,1,Good,Good,0
21606,Markwood,26700,Wangaratta,1,Good,Good,0
21607,Marlbed,21270,Buloke,1,Good,Good,0
21608,Marlo,22110,East Gippsland,1,Good,Good,0
21609,Marnoo,25810,Northern Grampians,1,Good,Good,0
21610,Marnoo East,25810,Northern Grampians,1,Good,Good,0
21611,Marnoo West,25810,Northern Grampians,1,Good,Good,0
21612,Marong,22620,Greater Bendigo,0.9879483,Good,Good,0
21612,Marong,23940,Loddon,0.0120517,Good,Good,0
21613,Maroona,20260,Ararat,1,Good,Good,0
21614,Marraweeney,26430,Strathbogie,1,Good,Good,0
21615,Marshall,22750,Greater Geelong,1,Good,Good,0
21616,Marthavale,22110,East Gippsland,1,Good,Good,0
21617,Marungi,22830,Greater Shepparton,0.2577553,Good,Good,0
21617,Marungi,24900,Moira,0.7422447,Good,Good,0
21618,Maryborough (Vic.),21670,Central Goldfields,1,Good,Good,0
21619,Maryknoll,21450,Cardinia,1,Good,Good,0
21620,Marysville,25620,Murrindindi,0.9999391,Good,Good,0
21620,Marysville,29399,Unincorporated Vic,6.09E-05,Good,Good,1
21621,Maryvale (Vic.),23810,Latrobe (Vic.),1,Good,Good,0
21622,Massey,21270,Buloke,1,Good,Good,0
21623,Matlock,24250,Mansfield,0.6662971,Good,Good,0
21623,Matlock,27450,Yarra Ranges,0.3337029,Good,Good,0
21624,Maude (Vic.),22490,Golden Plains,1,Good,Good,0
21625,McCrae,25340,Mornington Peninsula,1,Good,Good,0
21626,McIntyre,23940,Loddon,1,Good,Good,0
21627,McKenzie Creek,23190,Horsham,1,Good,Good,0
21628,McKenzie Hill,25430,Mount Alexander,1,Good,Good,0
21629,McKinnon,22310,Glen Eira,1,Good,Good,0
21630,McLoughlins Beach,26810,Wellington,1,Good,Good,0
21631,McMahons Creek,27450,Yarra Ranges,1,Good,Good,0
21632,McMillans,22250,Gannawarra,1,Good,Good,0
21633,Mead,22250,Gannawarra,1,Good,Good,0
21634,Meadow Creek,26700,Wangaratta,1,Good,Good,0
21635,Meadow Heights,23270,Hume,1,Good,Good,0
21636,Meatian,22250,Gannawarra,0.4167361,Good,Good,0
21636,Meatian,26610,Swan Hill,0.5832639,Good,Good,0
21637,Meeniyan,26170,South Gippsland,1,Good,Good,0
21638,Meering West,22250,Gannawarra,0.5998668,Good,Good,0
21638,Meering West,23940,Loddon,0.4001332,Good,Good,0
21639,Meerlieu,26810,Wellington,1,Good,Good,0
21640,Melbourne,24600,Melbourne,0.8342237,Good,Good,0
21640,Melbourne,25900,Port Phillip,0.1657763,Acceptable,Good,0
21641,Melbourne Airport,23270,Hume,1,Good,Good,0
21642,Melton (Vic.),24650,Melton,1,Good,Good,0
21643,Melton South,24650,Melton,1,Good,Good,0
21644,Melton West,24650,Melton,1,Good,Good,0
21645,Melville Forest,26260,Southern Grampians,1,Good,Good,0
21646,Melwood,22110,East Gippsland,1,Good,Good,0
21647,Mena Park,25990,Pyrenees,1,Good,Good,0
21648,Mentone,23430,Kingston (Vic.),1,Good,Good,0
21649,Menzies Creek,21450,Cardinia,0.1826643,Good,Good,0
21649,Menzies Creek,27450,Yarra Ranges,0.8173357,Good,Good,0
21650,Mepunga,25490,Moyne,1,Good,Good,0
21651,Mepunga East,25490,Moyne,1,Good,Good,0
21652,Mepunga West,25490,Moyne,1,Good,Good,0
21653,Merbein,24780,Mildura,1,Good,Good,0
21654,Merbein South,24780,Mildura,1,Good,Good,0
21655,Merbein West,24780,Mildura,1,Good,Good,0
21656,Meredith,22490,Golden Plains,1,Good,Good,0
21657,Meringur,24780,Mildura,1,Good,Good,0
21658,Merino,22410,Glenelg,1,Good,Good,0
21659,Mernda,27070,Whittlesea,1,Good,Good,0
21660,Merriang,20110,Alpine,1,Good,Good,0
21661,Merriang South,20110,Alpine,1,Good,Good,0
21662,Merricks,25340,Mornington Peninsula,1,Good,Good,0
21663,Merricks Beach,25340,Mornington Peninsula,1,Good,Good,0
21664,Merricks North,25340,Mornington Peninsula,1,Good,Good,0
21665,Merrigum,22830,Greater Shepparton,1,Good,Good,0
21666,Merrijig (East Gippsland - Vic.),22110,East Gippsland,1,Good,Good,0
21667,Merrijig (Mansfield - Vic.),24250,Mansfield,1,Good,Good,0
21668,Merrimu,25150,Moorabool,1,Good,Good,0
21669,Merrinee,24780,Mildura,1,Good,Good,0
21670,Merton,24250,Mansfield,0.9581008,Good,Good,0
21670,Merton,25620,Murrindindi,0.0418992,Good,Good,0
21671,Metcalfe,25430,Mount Alexander,1,Good,Good,0
21672,Metcalfe East,25430,Mount Alexander,1,Good,Good,0
21673,Metung,22110,East Gippsland,1,Good,Good,0
21674,Mia Mia (Vic.),22620,Greater Bendigo,0.7981036,Good,Good,0
21674,Mia Mia (Vic.),24850,Mitchell,0.2018964,Good,Good,0
21675,Mickleham,23270,Hume,1,Good,Good,0
21676,Middle Creek,20260,Ararat,0.4798242,Good,Good,0
21676,Middle Creek,25990,Pyrenees,0.5201758,Good,Good,0
21677,Middle Park (Vic.),25900,Port Phillip,1,Acceptable,Good,0
21678,Middle Tarwin,26170,South Gippsland,1,Good,Good,0
21679,Miepoll,26430,Strathbogie,1,Good,Good,0
21680,Miga Lake,26890,West Wimmera,1,Good,Good,0
21681,Milawa,26700,Wangaratta,1,Good,Good,0
21682,Mildura,24780,Mildura,1,Good,Good,0
21683,Mill Park,27070,Whittlesea,1,Good,Good,0
21684,Millbrook (Vic.),25150,Moorabool,1,Good,Good,0
21685,Millgrove,27450,Yarra Ranges,1,Good,Good,0
21686,Milloo,21370,Campaspe,0.9997299,Good,Good,0
21686,Milloo,23940,Loddon,0.0002701,Good,Good,1
21687,Milltown,22410,Glenelg,1,Good,Good,0
21688,Milnes Bridge,22250,Gannawarra,1,Good,Good,0
21689,Mincha,23940,Loddon,1,Good,Good,0
21690,Mincha West,22250,Gannawarra,1,Good,Good,0
21691,Miners Rest,20570,Ballarat,1,Good,Good,0
21692,Mingay,21830,Corangamite,1,Good,Good,0
21693,Minhamite,25490,Moyne,1,Good,Good,0
21694,Minimay,26890,West Wimmera,1,Good,Good,0
21695,Mininera,20260,Ararat,1,Good,Good,0
21696,Minjah,25490,Moyne,1,Good,Good,0
21697,Minmindie,23940,Loddon,1,Good,Good,0
21698,Minyip,27630,Yarriambiack,1,Good,Good,0
21699,Miowera,26810,Wellington,1,Good,Good,0
21700,Miralie,26610,Swan Hill,1,Good,Good,0
21701,Miram,26890,West Wimmera,1,Good,Good,0
21702,Mirboo,23810,Latrobe (Vic.),0.1750779,Good,Good,0
21702,Mirboo,26170,South Gippsland,0.8249221,Good,Good,0
21703,Mirboo North,26170,South Gippsland,1,Good,Good,0
21704,Mirimbah,24250,Mansfield,1,Good,Good,0
21705,Mirranatwa,26260,Southern Grampians,1,Good,Good,0
21706,Mitcham (Vic.),26980,Whitehorse,1,Good,Good,0
21707,Mitchell Park (Vic.),20570,Ballarat,1,Good,Good,0
21708,Mitchellstown,26430,Strathbogie,1,Good,Good,0
21709,Mitiamo,21370,Campaspe,0.0531717,Good,Good,0
21709,Mitiamo,23940,Loddon,0.9468283,Good,Good,0
21710,Mitre,23190,Horsham,0.8450823,Good,Good,0
21710,Mitre,26890,West Wimmera,0.1549177,Good,Good,0
21711,Mitta Mitta,22110,East Gippsland,5.84E-05,Good,Good,1
21711,Mitta Mitta,26670,Towong,0.9999416,Good,Good,0
21712,Mittyack,24780,Mildura,1,Good,Good,0
21713,Mockinya,23190,Horsham,1,Good,Good,0
21714,Modella,20830,Baw Baw,0.6212874,Good,Good,0
21714,Modella,21450,Cardinia,0.3787126,Good,Good,0
21715,Modewarre,26490,Surf Coast,1,Good,Good,0
21716,Moe,20830,Baw Baw,0.0006371,Good,Good,1
21716,Moe,23810,Latrobe (Vic.),0.9993629,Good,Good,0
21717,Moe South,20830,Baw Baw,0.0243615,Good,Good,0
21717,Moe South,23810,Latrobe (Vic.),0.9756385,Good,Good,0
21718,Moggs Creek,26490,Surf Coast,1,Good,Good,0
21719,Moglonemby,26430,Strathbogie,1,Good,Good,0
21720,Mokepilly,25810,Northern Grampians,1,Good,Good,0
21721,Molesworth (Vic.),25620,Murrindindi,1,Good,Good,0
21722,Moliagul,21670,Central Goldfields,0.2243691,Good,Good,0
21722,Moliagul,23940,Loddon,0.7756309,Good,Good,0
21723,Molka,26430,Strathbogie,1,Good,Good,0
21724,Mollongghip,22910,Hepburn,0.709987,Good,Good,0
21724,Mollongghip,25150,Moorabool,0.290013,Good,Good,0
21725,Mologa,23940,Loddon,1,Good,Good,0
21726,Molyullah,21010,Benalla,1,Good,Good,0
21727,Monbulk,27450,Yarra Ranges,1,Good,Good,0
21728,Monegeetta,24130,Macedon Ranges,1,Good,Good,0
21729,Mongans Bridge,20110,Alpine,1,Good,Good,0
21730,Monomak,26810,Wellington,1,Good,Good,0
21731,Monomeith,21450,Cardinia,1,Good,Good,0
21732,Mont Albert,21110,Boroondara,0.0302952,Good,Good,0
21732,Mont Albert,26980,Whitehorse,0.9697048,Good,Good,0
21733,Mont Albert North,26980,Whitehorse,1,Good,Good,0
21734,Montgomery,26810,Wellington,1,Good,Good,0
21735,Montmorency,20660,Banyule,1,Acceptable,Good,0
21736,Montrose (Vic.),27450,Yarra Ranges,1,Good,Good,0
21737,Moolap,22750,Greater Geelong,1,Good,Good,0
21738,Moolerr,25810,Northern Grampians,1,Good,Good,0
21739,Moolort,21670,Central Goldfields,0.8509145,Good,Good,0
21739,Moolort,25430,Mount Alexander,0.1490855,Good,Good,0
21740,Moonambel,25990,Pyrenees,1,Good,Good,0
21741,Moondarra,20830,Baw Baw,1,Good,Good,0
21742,Moonee Ponds,25060,Moonee Valley,1,Good,Good,0
21743,Moonlight Flat (Central Goldfields - Vic.),21670,Central Goldfields,1,Good,Good,0
21744,Moonlight Flat (Mount Alexander - Vic.),25430,Mount Alexander,1,Good,Good,0
21745,Moora (Vic.),21370,Campaspe,1,Good,Good,0
21746,Moorabbin,23430,Kingston (Vic.),1,Good,Good,0
21747,Moorabbin Airport,23430,Kingston (Vic.),1,Good,Good,0
21748,Moorabool,22750,Greater Geelong,1,Good,Good,0
21749,Mooralla,26260,Southern Grampians,1,Good,Good,0
21750,Moorilim,22830,Greater Shepparton,0.5516885,Good,Good,0
21750,Moorilim,26430,Strathbogie,0.4483115,Good,Good,0
21751,Moormbool West,26430,Strathbogie,1,Good,Good,0
21752,Moornapa,26810,Wellington,1,Good,Good,0
21753,Moorngag,21010,Benalla,1,Good,Good,0
21754,Moorooduc,25340,Mornington Peninsula,1,Good,Good,0
21755,Mooroolbark,27450,Yarra Ranges,1,Good,Good,0
21756,Mooroopna,22830,Greater Shepparton,1,Good,Good,0
21757,Mooroopna North,22830,Greater Shepparton,1,Good,Good,0
21758,Mooroopna North West,22830,Greater Shepparton,1,Good,Good,0
21759,Moranding,24850,Mitchell,1,Good,Good,0
21760,Mordialloc,23430,Kingston (Vic.),1,Good,Good,0
21761,Morgiana,26260,Southern Grampians,1,Good,Good,0
21762,Moriac,26490,Surf Coast,1,Good,Good,0
21763,Mornington (Vic.),25340,Mornington Peninsula,1,Good,Good,0
21764,Moroka,26810,Wellington,1,Good,Good,0
21765,Morrisons,25150,Moorabool,1,Good,Good,0
21766,Morrl Morrl,25810,Northern Grampians,1,Good,Good,0
21767,Mortlake (Vic.),25490,Moyne,1,Good,Good,0
21768,Morton Plains,21270,Buloke,1,Good,Good,0
21769,Morwell,23810,Latrobe (Vic.),1,Good,Good,0
21770,Mossiface,22110,East Gippsland,1,Good,Good,0
21771,Mount Alfred,26670,Towong,1,Good,Good,0
21772,Mount Beauty,20110,Alpine,1,Good,Good,0
21773,Mount Beckworth,22910,Hepburn,1,Good,Good,0
21774,Mount Best,26170,South Gippsland,1,Good,Good,0
21775,Mount Bolton,20570,Ballarat,1,Good,Good,0
21776,Mount Bruno,21010,Benalla,1,Good,Good,0
21777,Mount Buffalo,20110,Alpine,1,Good,Good,0
21778,Mount Buller,24250,Mansfield,9.09E-05,Good,Good,1
21778,Mount Buller,29399,Unincorporated Vic,0.9999091,Good,Good,0
21779,Mount Burnett,21450,Cardinia,1,Good,Good,0
21780,Mount Bute,21830,Corangamite,1,Good,Good,0
21781,Mount Camel,22620,Greater Bendigo,1,Good,Good,0
21782,Mount Cameron,21670,Central Goldfields,1,Good,Good,0
21783,Mount Clear,20570,Ballarat,1,Good,Good,0
21784,Mount Cole,20260,Ararat,1,Good,Good,0
21785,Mount Cole Creek,20260,Ararat,1,Good,Good,0
21786,Mount Cottrell,24650,Melton,0.5000101,Good,Good,0
21786,Mount Cottrell,27260,Wyndham,0.4999899,Good,Good,0
21787,Mount Dandenong,27450,Yarra Ranges,1,Good,Good,0
21788,Mount Doran,25150,Moorabool,1,Good,Good,0
21789,Mount Dryden,25810,Northern Grampians,1,Good,Good,0
21790,Mount Duneed,22750,Greater Geelong,0.931505,Good,Good,0
21790,Mount Duneed,26490,Surf Coast,0.068495,Good,Good,0
21791,Mount Eccles,26170,South Gippsland,1,Good,Good,0
21792,Mount Egerton,25150,Moorabool,1,Good,Good,0
21793,Mount Eliza,25340,Mornington Peninsula,1,Good,Good,0
21794,Mount Emu,25990,Pyrenees,1,Good,Good,0
21795,Mount Evelyn,27450,Yarra Ranges,1,Good,Good,0
21796,Mount Franklin,22910,Hepburn,1,Good,Good,0
21797,Mount Glasgow,21670,Central Goldfields,1,Good,Good,0
21798,Mount Helen,20570,Ballarat,1,Good,Good,0
21799,Mount Hooghly,21670,Central Goldfields,1,Good,Good,0
21800,Mount Lonarch,25990,Pyrenees,1,Good,Good,0
21801,Mount Macedon,24130,Macedon Ranges,1,Good,Good,0
21802,Mount Major,22830,Greater Shepparton,1,Good,Good,0
21803,Mount Martha,25340,Mornington Peninsula,1,Good,Good,0
21804,Mount Mercer,22490,Golden Plains,1,Good,Good,0
21805,Mount Moriac,26490,Surf Coast,1,Good,Good,0
21806,Mount Napier,26260,Southern Grampians,1,Good,Good,0
21807,Mount Pleasant (Vic.),20570,Ballarat,1,Good,Good,0
21808,Mount Prospect,22910,Hepburn,1,Good,Good,0
21809,Mount Richmond,22410,Glenelg,1,Good,Good,0
21810,Mount Rowan,20570,Ballarat,1,Good,Good,0
21811,Mount Sabine,21750,Colac Otway,1,Good,Good,0
21812,Mount Tassie,23810,Latrobe (Vic.),1,Good,Good,0
21813,Mount Taylor,22110,East Gippsland,1,Good,Good,0
21814,Mount Toolebewong,27450,Yarra Ranges,1,Good,Good,0
21815,Mount Wallace,25150,Moorabool,1,Good,Good,0
21816,Mount Waverley,24970,Monash,1,Good,Good,0
21817,Mountain Bay,24250,Mansfield,1,Good,Good,0
21818,Mountain View (Vic.),20830,Baw Baw,1,Good,Good,0
21819,Moutajup,26260,Southern Grampians,1,Good,Good,0
21820,Moyhu,26700,Wangaratta,1,Good,Good,0
21821,Moyreisk,25810,Northern Grampians,1,Good,Good,0
21822,Moyston,20260,Ararat,1,Good,Good,0
21823,Muckatah,24900,Moira,1,Good,Good,0
21824,Muckleford,25430,Mount Alexander,1,Good,Good,0
21825,Muckleford South,25430,Mount Alexander,1,Good,Good,0
21826,Mudgegonga,20110,Alpine,1,Good,Good,0
21827,Mulgrave (Vic.),24970,Monash,1,Good,Good,0
21828,Mumbannar,22410,Glenelg,1,Good,Good,0
21829,Mundoona,24900,Moira,1,Good,Good,0
21830,Munro,26810,Wellington,1,Good,Good,0
21831,Muntham,22410,Glenelg,0.1854182,Good,Good,0
21831,Muntham,26260,Southern Grampians,0.8145818,Good,Good,0
21832,Murchison (Vic.),22830,Greater Shepparton,1,Good,Good,0
21833,Murchison East,22830,Greater Shepparton,1,Good,Good,0
21834,Murchison North,22830,Greater Shepparton,1,Good,Good,0
21835,Murgheboluc,22490,Golden Plains,1,Good,Good,0
21836,Murmungee,26700,Wangaratta,1,Good,Good,0
21837,Murnungin,26610,Swan Hill,1,Good,Good,0
21838,Murphys Creek (Vic.),23940,Loddon,1,Good,Good,0
21839,Murra Warra,23190,Horsham,0.7312742,Good,Good,0
21839,Murra Warra,27630,Yarriambiack,0.2687258,Good,Good,0
21840,Murrabit,22250,Gannawarra,1,Good,Good,0
21841,Murrabit West,22250,Gannawarra,1,Good,Good,0
21842,Murrawee,26610,Swan Hill,1,Good,Good,0
21843,Murray-sunset,24780,Mildura,1,Good,Good,0
21844,Murraydale,26610,Swan Hill,1,Good,Good,0
21845,Murrayville,24780,Mildura,1,Good,Good,0
21846,Murrindal,22110,East Gippsland,1,Good,Good,0
21847,Murrindindi,25620,Murrindindi,1,Good,Good,0
21848,Murroon,21750,Colac Otway,1,Good,Good,0
21849,Murrumbeena,22310,Glen Eira,1,Good,Good,0
21850,Murtoa,27630,Yarriambiack,1,Good,Good,0
21851,Musk,22910,Hepburn,1,Good,Good,0
21852,Musk Vale,22910,Hepburn,1,Good,Good,0
21853,Muskerry,21370,Campaspe,1,Good,Good,0
21854,Myall (Buloke - Vic.),21270,Buloke,1,Good,Good,0
21855,Myall (Gannawarra - Vic.),22250,Gannawarra,1,Good,Good,0
21856,Myamyn,22410,Glenelg,1,Good,Good,0
21857,Myers Flat,22620,Greater Bendigo,1,Good,Good,0
21858,Myola (Vic.),21370,Campaspe,1,Good,Good,0
21859,Myrniong,25150,Moorabool,1,Good,Good,0
21860,Myrrhee,26700,Wangaratta,1,Good,Good,0
21861,Myrtle Creek (Vic.),22620,Greater Bendigo,0.7999714,Good,Good,0
21861,Myrtle Creek (Vic.),25430,Mount Alexander,0.2000286,Good,Good,0
21862,Myrtlebank,26810,Wellington,1,Good,Good,0
21863,Myrtleford,20110,Alpine,1,Good,Good,0
21864,Mysia,23940,Loddon,1,Good,Good,0
21865,Mystic Park,22250,Gannawarra,1,Good,Good,0
21866,Mywee,24900,Moira,1,Good,Good,0
21867,Nagambie,26430,Strathbogie,1,Good,Good,0
21868,Nalangil,21750,Colac Otway,1,Good,Good,0
21869,Nalinga,22830,Greater Shepparton,1,Good,Good,0
21870,Nambrok,26810,Wellington,1,Good,Good,0
21871,Nandaly,21270,Buloke,1,Good,Good,0
21872,Nangana,21450,Cardinia,1,Good,Good,0
21873,Nangeela,22410,Glenelg,1,Good,Good,0
21874,Nangiloc,24780,Mildura,1,Good,Good,0
21875,Nanneella,21370,Campaspe,1,Good,Good,0
21876,Nap Nap Marra,26810,Wellington,1,Good,Good,0
21877,Napoleons,22490,Golden Plains,1,Good,Good,0
21878,Nar Nar Goon,21450,Cardinia,1,Good,Good,0
21879,Nar Nar Goon North,21450,Cardinia,1,Good,Good,0
21880,Narbethong,25620,Murrindindi,1,Good,Good,0
21881,Nareeb,25490,Moyne,0.4490004,Good,Good,0
21881,Nareeb,26260,Southern Grampians,0.5509996,Good,Good,0
21882,Nareen,22410,Glenelg,0.0001282,Good,Good,1
21882,Nareen,26260,Southern Grampians,0.9998718,Good,Good,0
21883,Nareewillock,21270,Buloke,1,Good,Good,0
21884,Nariel Valley,22110,East Gippsland,0.0002172,Good,Good,1
21884,Nariel Valley,26670,Towong,0.9997828,Good,Good,0
21885,Naring,24900,Moira,1,Good,Good,0
21886,Naringal,25490,Moyne,1,Good,Good,0
21887,Naringal East,25490,Moyne,1,Good,Good,0
21888,Naroghid,21830,Corangamite,1,Good,Good,0
21889,Narracan,20830,Baw Baw,0.9999624,Good,Good,0
21889,Narracan,23810,Latrobe (Vic.),3.76E-05,Good,Good,1
21890,Narraport,21270,Buloke,1,Good,Good,0
21891,Narrapumelap South,20260,Ararat,1,Good,Good,0
21892,Narrawong,22410,Glenelg,1,Good,Good,0
21893,Narre Warren,21610,Casey,1,Good,Good,0
21894,Narre Warren East,27450,Yarra Ranges,1,Good,Good,0
21895,Narre Warren North,21610,Casey,1,Good,Good,0
21896,Narre Warren South,21610,Casey,1,Good,Good,0
21897,Narrung (Vic.),26610,Swan Hill,1,Good,Good,0
21898,Nathalia,24900,Moira,1,Good,Good,0
21899,Natimuk,23190,Horsham,1,Good,Good,0
21900,Natte Yallock,21670,Central Goldfields,0.0619396,Good,Good,0
21900,Natte Yallock,25810,Northern Grampians,0.2989797,Good,Good,0
21900,Natte Yallock,25990,Pyrenees,0.6390807,Good,Good,0
21901,Natya,26610,Swan Hill,1,Good,Good,0
21902,Navarre,25810,Northern Grampians,0.8645356,Good,Good,0
21902,Navarre,25990,Pyrenees,0.1354644,Good,Good,0
21903,Navigators,25150,Moorabool,1,Good,Good,0
21904,Nayook,20830,Baw Baw,1,Good,Good,0
21905,Neds Corner,24780,Mildura,1,Good,Good,0
21906,Neereman,25430,Mount Alexander,1,Good,Good,0
21907,Neerim,20830,Baw Baw,1,Good,Good,0
21908,Neerim East,20830,Baw Baw,1,Good,Good,0
21909,Neerim Junction,20830,Baw Baw,1,Good,Good,0
21910,Neerim North,20830,Baw Baw,1,Good,Good,0
21911,Neerim South,20830,Baw Baw,1,Good,Good,0
21912,Neilborough,22620,Greater Bendigo,1,Good,Good,0
21913,Nelse,22110,East Gippsland,1,Good,Good,0
21914,Nelson (Vic.),22410,Glenelg,1,Good,Good,0
21915,Nerrena,26170,South Gippsland,1,Good,Good,0
21916,Nerrin Nerrin,20260,Ararat,0.7393097,Good,Good,0
21916,Nerrin Nerrin,25490,Moyne,0.2606903,Good,Good,0
21917,Nerrina,20570,Ballarat,1,Good,Good,0
21918,Nerring,25990,Pyrenees,1,Good,Good,0
21919,Netherby (Vic.),22980,Hindmarsh,1,Good,Good,0
21920,Neuarpurr,26890,West Wimmera,1,Good,Good,0
21921,New Gisborne,24130,Macedon Ranges,1,Good,Good,0
21922,Newborough,23810,Latrobe (Vic.),1,Good,Good,0
21923,Newbridge (Vic.),23940,Loddon,1,Good,Good,0
21924,Newbury,22910,Hepburn,1,Good,Good,0
21925,Newcomb,22750,Greater Geelong,1,Good,Good,0
21926,Newfield,21830,Corangamite,1,Good,Good,0
21927,Newham,24130,Macedon Ranges,1,Good,Good,0
21928,Newhaven,20740,Bass Coast,1,Good,Good,0
21929,Newington (Vic.),20570,Ballarat,1,Good,Good,0
21930,Newlands Arm,22110,East Gippsland,1,Good,Good,0
21931,Newlyn,22910,Hepburn,1,Good,Good,0
21932,Newlyn North,22910,Hepburn,1,Good,Good,0
21933,Newmerella,22110,East Gippsland,1,Good,Good,0
21934,Newport (Vic.),23110,Hobsons Bay,1,Good,Good,0
21935,Newry,26810,Wellington,1,Good,Good,0
21936,Newstead (Vic.),25430,Mount Alexander,1,Good,Good,0
21937,Newtown (Golden Plains - Vic.),22490,Golden Plains,1,Good,Good,0
21938,Newtown (Greater Geelong - Vic.),22750,Greater Geelong,1,Good,Good,0
21939,Nhill,22980,Hindmarsh,1,Good,Good,0
21940,Nichols Point,24780,Mildura,1,Good,Good,0
21941,Nicholson (Vic.),22110,East Gippsland,1,Good,Good,0
21942,Niddrie,25060,Moonee Valley,1,Good,Good,0
21943,Nilma,20830,Baw Baw,1,Good,Good,0
21944,Nilma North,20830,Baw Baw,1,Good,Good,0
21945,Ninda,21270,Buloke,1,Good,Good,0
21946,Nine Mile (Vic.),21270,Buloke,0.3335183,Good,Good,0
21946,Nine Mile (Vic.),23940,Loddon,0.6664817,Good,Good,0
21947,Nintingbool,22490,Golden Plains,1,Good,Good,0
21948,Ninyeunook,22250,Gannawarra,1,Good,Good,0
21949,Nirranda,25490,Moyne,1,Good,Good,0
21950,Nirranda East,25490,Moyne,1,Good,Good,0
21951,Nirranda South,25490,Moyne,1,Good,Good,0
21952,Noble Park,22670,Greater Dandenong,1,Good,Good,0
21953,Noble Park North,22670,Greater Dandenong,1,Good,Good,0
21954,Noojee,20830,Baw Baw,1,Good,Good,0
21955,Noorat,21830,Corangamite,1,Good,Good,0
21956,Noorat East,21830,Corangamite,1,Good,Good,0
21957,Noorinbee,22110,East Gippsland,1,Good,Good,0
21958,Noorinbee North,22110,East Gippsland,1,Good,Good,0
21959,Noradjuha,23190,Horsham,1,Good,Good,0
21960,Norlane,22750,Greater Geelong,1,Good,Good,0
21961,Normanville (Vic.),22250,Gannawarra,1,Good,Good,0
21962,Norong,23350,Indigo,1,Good,Good,0
21963,North Bendigo,22620,Greater Bendigo,1,Good,Good,0
21964,North Blackwood,22910,Hepburn,1,Good,Good,0
21965,North Geelong,22750,Greater Geelong,1,Good,Good,0
21966,North Melbourne,24600,Melbourne,1,Good,Good,0
21967,North Shore (Vic.),22750,Greater Geelong,1,Good,Good,0
21968,North Wangaratta,26700,Wangaratta,1,Good,Good,0
21969,North Warrandyte,25710,Nillumbik,1,Good,Good,0
21970,North Wonthaggi,20740,Bass Coast,1,Good,Good,0
21971,Northcote,21890,Darebin,1,Good,Good,0
21972,Northwood (Vic.),24850,Mitchell,1,Good,Good,0
21973,Norval,20260,Ararat,1,Good,Good,0
21974,Notting Hill,24970,Monash,1,Good,Good,0
21975,Nowa Nowa,22110,East Gippsland,1,Good,Good,0
21976,Nowhere Creek,25990,Pyrenees,1,Good,Good,0
21977,Nowie,26610,Swan Hill,1,Good,Good,0
21978,Nug Nug,20110,Alpine,1,Good,Good,0
21979,Nuggetty,25430,Mount Alexander,1,Good,Good,0
21980,Nulla Vale,24850,Mitchell,1,Good,Good,0
21981,Nullawarre,25490,Moyne,1,Good,Good,0
21982,Nullawarre North,25490,Moyne,1,Good,Good,0
21983,Nullawil,21270,Buloke,1,Good,Good,0
21984,Numurkah,24900,Moira,1,Good,Good,0
21985,Nunawading,24210,Manningham,0.0259835,Good,Good,0
21985,Nunawading,26980,Whitehorse,0.9740165,Good,Good,0
21986,Nungurner,22110,East Gippsland,1,Good,Good,0
21987,Nunniong,22110,East Gippsland,1,Good,Good,0
21988,Nurcoung,26890,West Wimmera,1,Good,Good,0
21989,Nurrabiel,23190,Horsham,1,Good,Good,0
21990,Nurran,22110,East Gippsland,1,Good,Good,0
21991,Nutfield,25710,Nillumbik,1,Good,Good,0
21992,Nyah,26610,Swan Hill,1,Good,Good,0
21993,Nyah West,26610,Swan Hill,1,Good,Good,0
21994,Nyarrin,21270,Buloke,1,Good,Good,0
21995,Nyerimilang,22110,East Gippsland,1,Good,Good,0
21996,Nyora (Vic.),20830,Baw Baw,0.0042583,Good,Good,1
21996,Nyora (Vic.),21450,Cardinia,0.0346317,Good,Good,0
21996,Nyora (Vic.),26170,South Gippsland,0.96111,Good,Good,0
21997,Nyrraby,26610,Swan Hill,1,Good,Good,0
21998,Oak Park,25250,Moreland,1,Good,Good,0
21999,Oaklands Junction,23270,Hume,1,Good,Good,0
22000,Oakleigh,24970,Monash,1,Good,Good,0
22001,Oakleigh East,24970,Monash,1,Good,Good,0
22002,Oakleigh South,23430,Kingston (Vic.),0.4184095,Good,Good,0
22002,Oakleigh South,24970,Monash,0.5815905,Good,Good,0
22003,Oakvale,22250,Gannawarra,1,Good,Good,0
22004,Ocean Grange,22110,East Gippsland,0.988417,Good,Good,0
22004,Ocean Grange,26810,Wellington,0.011583,Good,Good,0
22005,Ocean Grove,22750,Greater Geelong,1,Good,Good,0
22006,Officer,21450,Cardinia,1,Good,Good,0
22007,Officer South,21450,Cardinia,1,Good,Good,0
22008,Old Tallangatta,26670,Towong,1,Good,Good,0
22009,Olinda (Vic.),27450,Yarra Ranges,1,Good,Good,0
22010,Ombersley,21750,Colac Otway,0.8435905,Good,Good,0
22010,Ombersley,26490,Surf Coast,0.1564095,Good,Good,0
22011,Omeo,22110,East Gippsland,1,Good,Good,0
22012,Omeo Valley,22110,East Gippsland,1,Good,Good,0
22013,Ondit,21750,Colac Otway,1,Good,Good,0
22014,Orbost,22110,East Gippsland,1,Good,Good,0
22015,Orford (Vic.),25490,Moyne,1,Good,Good,0
22016,Ormond,22310,Glen Eira,1,Good,Good,0
22017,Orrvale,22830,Greater Shepparton,1,Good,Good,0
22018,Osbornes Flat,23350,Indigo,1,Good,Good,0
22019,Outtrim,20740,Bass Coast,0.0950842,Good,Good,0
22019,Outtrim,26170,South Gippsland,0.9049158,Good,Good,0
22020,Ouyen,24780,Mildura,1,Good,Good,0
22021,Ovens,20110,Alpine,1,Good,Good,0
22022,Oxley (Vic.),26700,Wangaratta,1,Good,Good,0
22023,Oxley Flats,26700,Wangaratta,1,Good,Good,0
22024,Ozenkadnook,26890,West Wimmera,1,Good,Good,0
22025,Paaratte,21830,Corangamite,1,Good,Good,0
22026,Painswick,23940,Loddon,1,Good,Good,0
22027,Pakenham,21450,Cardinia,1,Good,Good,0
22028,Pakenham South,21450,Cardinia,1,Good,Good,0
22029,Pakenham Upper,21450,Cardinia,1,Good,Good,0
22030,Panitya (Vic.),24780,Mildura,1,Good,Good,0
22031,Panmure,25490,Moyne,1,Good,Good,0
22032,Panton Hill,25710,Nillumbik,1,Good,Good,0
22033,Paradise (Vic.),25810,Northern Grampians,1,Good,Good,0
22034,Paradise Beach,26810,Wellington,1,Good,Good,0
22035,Paraparap,26490,Surf Coast,1,Good,Good,0
22036,Park Orchards,24210,Manningham,0.9833028,Good,Good,0
22036,Park Orchards,24410,Maroondah,0.0166972,Good,Good,0
22037,Parkdale,23430,Kingston (Vic.),1,Good,Good,0
22038,Parkville (Vic.),24600,Melbourne,0.9999972,Good,Good,0
22038,Parkville (Vic.),25250,Moreland,2.80E-06,Good,Good,1
22039,Parwan,24650,Melton,0.132677,Good,Good,0
22039,Parwan,25150,Moorabool,0.867323,Good,Good,0
22040,Paschendale,22410,Glenelg,1,Good,Good,0
22041,Pascoe Vale,25250,Moreland,1,Good,Good,0
22042,Pascoe Vale South,25250,Moreland,1,Good,Good,0
22043,Pastoria,24130,Macedon Ranges,1,Good,Good,0
22044,Pastoria East,24130,Macedon Ranges,1,Good,Good,0
22045,Patchewollock,24780,Mildura,0.3176525,Good,Good,0
22045,Patchewollock,27630,Yarriambiack,0.6823475,Good,Good,0
22046,Patho,21370,Campaspe,1,Good,Good,0
22047,Patterson Lakes,23430,Kingston (Vic.),1,Good,Good,0
22048,Patyah,26890,West Wimmera,1,Good,Good,0
22049,Paynesville (Vic.),22110,East Gippsland,1,Good,Good,0
22050,Pearcedale,21610,Casey,0.9635265,Good,Good,0
22050,Pearcedale,25340,Mornington Peninsula,0.0364735,Good,Good,0
22051,Pearsondale,26810,Wellington,1,Good,Good,0
22052,Peechelba,24900,Moira,0.152573,Good,Good,0
22052,Peechelba,26700,Wangaratta,0.847427,Good,Good,0
22053,Peechelba East,26700,Wangaratta,1,Good,Good,0
22054,Pelluebla,24900,Moira,1,Good,Good,0
22055,Pennyroyal,26490,Surf Coast,1,Good,Good,0
22056,Penshurst (Vic.),25490,Moyne,0.0208442,Good,Good,0
22056,Penshurst (Vic.),26260,Southern Grampians,0.9791558,Good,Good,0
22057,Pental Island,26610,Swan Hill,1,Good,Good,0
22058,Pentland Hills,25150,Moorabool,1,Good,Good,0
22059,Percydale,25990,Pyrenees,1,Good,Good,0
22060,Peronne,26890,West Wimmera,1,Good,Good,0
22061,Perry Bridge,26810,Wellington,1,Good,Good,0
22062,Peterborough (Vic.),21830,Corangamite,0.2210029,Good,Good,0
22062,Peterborough (Vic.),25490,Moyne,0.7789971,Good,Good,0
22063,Petticoat Creek,21750,Colac Otway,1,Good,Good,0
22064,Pheasant Creek (Vic.),25620,Murrindindi,1,Good,Good,0
22065,Piangil,26610,Swan Hill,1,Good,Good,0
22066,Picola,24900,Moira,1,Good,Good,0
22067,Picola West,24900,Moira,1,Good,Good,0
22068,Piedmont,20830,Baw Baw,1,Good,Good,0
22069,Pier Milan,21270,Buloke,1,Good,Good,0
22070,Pigeon Ponds,26260,Southern Grampians,1,Good,Good,0
22071,Piggoreet,22490,Golden Plains,1,Good,Good,0
22072,Pimpinio,23190,Horsham,1,Good,Good,0
22073,Pine Grove (Vic.),21370,Campaspe,1,Good,Good,0
22074,Pine Lodge (Vic.),22830,Greater Shepparton,1,Good,Good,0
22075,Pine Mountain (Vic.),26670,Towong,1,Good,Good,0
22076,Pine View,22250,Gannawarra,1,Good,Good,0
22077,Pioneer Bay,20740,Bass Coast,1,Good,Good,0
22078,Pipers Creek,24130,Macedon Ranges,1,Good,Good,0
22079,Pira,26610,Swan Hill,1,Good,Good,0
22080,Piries,24250,Mansfield,1,Good,Good,0
22081,Pirron Yallock,21750,Colac Otway,0.8344859,Good,Good,0
22081,Pirron Yallock,21830,Corangamite,0.1655141,Good,Good,0
22082,Pitfield,22490,Golden Plains,1,Good,Good,0
22083,Pittong,22490,Golden Plains,0.7268603,Good,Good,0
22083,Pittong,25990,Pyrenees,0.2731397,Good,Good,0
22084,Plenty (Vic.),25710,Nillumbik,1,Good,Good,0
22085,Plumpton (Vic.),24650,Melton,1,Good,Good,0
22086,Point Cook,27260,Wyndham,1,Good,Good,0
22087,Point Leo,25340,Mornington Peninsula,1,Good,Good,0
22088,Point Lonsdale,22750,Greater Geelong,0.5360297,Good,Good,0
22088,Point Lonsdale,26080,Queenscliffe,0.4639703,Poor,Good,0
22089,Point Wilson,22750,Greater Geelong,1,Good,Good,0
22090,Polisbet,26610,Swan Hill,1,Good,Good,0
22091,Pomborneit,21830,Corangamite,1,Good,Good,0
22092,Pomborneit East,21830,Corangamite,1,Good,Good,0
22093,Pomborneit North,21830,Corangamite,1,Good,Good,0
22094,Pomonal,20260,Ararat,0.9999722,Good,Good,0
22094,Pomonal,25810,Northern Grampians,2.78E-05,Good,Good,1
22095,Pompapiel,23940,Loddon,1,Good,Good,0
22096,Poolaijelo,26890,West Wimmera,1,Good,Good,0
22097,Pootilla,25150,Moorabool,1,Good,Good,0
22098,Poowong,26170,South Gippsland,1,Good,Good,0
22099,Poowong East,20830,Baw Baw,0.3024526,Good,Good,0
22099,Poowong East,26170,South Gippsland,0.6975474,Good,Good,0
22100,Poowong North,20830,Baw Baw,0.0878451,Good,Good,0
22100,Poowong North,26170,South Gippsland,0.9121549,Good,Good,0
22101,Porcupine Ridge,22910,Hepburn,1,Good,Good,0
22102,Porepunkah,20110,Alpine,1,Good,Good,0
22103,Port Albert,26810,Wellington,1,Good,Good,0
22104,Port Campbell,21830,Corangamite,1,Good,Good,0
22105,Port Fairy,25490,Moyne,1,Good,Good,0
22106,Port Franklin,26170,South Gippsland,1,Good,Good,0
22107,Port Melbourne,24600,Melbourne,0.0005829,Good,Good,1
22107,Port Melbourne,25900,Port Phillip,0.9994171,Acceptable,Good,0
22108,Port Welshpool,26170,South Gippsland,1,Good,Good,0
22109,Portarlington,22750,Greater Geelong,1,Good,Good,0
22110,Portland (Vic.),22410,Glenelg,1,Good,Good,0
22111,Portland North,22410,Glenelg,1,Good,Good,0
22112,Portland West,22410,Glenelg,1,Good,Good,0
22113,Portsea,25340,Mornington Peninsula,1,Good,Good,0
22114,Pound Creek,20740,Bass Coast,0.277769,Good,Good,0
22114,Pound Creek,26170,South Gippsland,0.722231,Good,Good,0
22115,Powelltown,27450,Yarra Ranges,1,Good,Good,0
22116,Powers Creek,26890,West Wimmera,1,Good,Good,0
22117,Powlett Plains,23940,Loddon,1,Good,Good,0
22118,Prahran,26350,Stonnington,1,Good,Good,0
22119,Prairie (Vic.),23940,Loddon,1,Good,Good,0
22120,Pranjip,26430,Strathbogie,1,Good,Good,0
22121,Preston (Vic.),21890,Darebin,1,Good,Good,0
22122,Princes Hill,27350,Yarra,1,Good,Good,0
22123,Princetown,21830,Corangamite,1,Good,Good,0
22124,Puckapunyal,24850,Mitchell,1,Good,Good,0
22125,Pura Pura,20260,Ararat,0.6039975,Good,Good,0
22125,Pura Pura,25490,Moyne,0.3960025,Good,Good,0
22126,Purdeet,25490,Moyne,1,Good,Good,0
22127,Purnim,25490,Moyne,1,Good,Good,0
22128,Purnim West,25490,Moyne,1,Good,Good,0
22129,Pyalong,24850,Mitchell,1,Good,Good,0
22130,Pyramid Hill,23940,Loddon,1,Good,Good,0
22131,Quambatook,22250,Gannawarra,1,Good,Good,0
22132,Quandong,27260,Wyndham,1,Good,Good,0
22133,Quantong,23190,Horsham,1,Good,Good,0
22134,Quarry Hill,22620,Greater Bendigo,1,Good,Good,0
22135,Queenscliff (Vic.),26080,Queenscliffe,1,Poor,Good,0
22136,Raglan (Vic.),25990,Pyrenees,1,Good,Good,0
22137,Rainbow,22980,Hindmarsh,0.9529452,Good,Good,0
22137,Rainbow,27630,Yarriambiack,0.0470548,Good,Good,0
22138,Ranceby,26170,South Gippsland,1,Good,Good,0
22139,Rathscar,25990,Pyrenees,1,Good,Good,0
22140,Rathscar West,25990,Pyrenees,1,Good,Good,0
22141,Ravenhall,24650,Melton,1,Good,Good,0
22142,Ravenswood (Vic.),22620,Greater Bendigo,0.9841061,Good,Good,0
22142,Ravenswood (Vic.),25430,Mount Alexander,0.0158939,Good,Good,0
22143,Ravenswood South,25430,Mount Alexander,1,Good,Good,0
22144,Rawson,20830,Baw Baw,1,Good,Good,0
22145,Raymond Island,22110,East Gippsland,1,Good,Good,0
22146,Raywood,22620,Greater Bendigo,0.8224119,Good,Good,0
22146,Raywood,23940,Loddon,0.1775881,Good,Good,0
22147,Red Cliffs,24780,Mildura,1,Good,Good,0
22148,Red Hill (Vic.),25340,Mornington Peninsula,1,Good,Good,0
22149,Red Hill South,25340,Mornington Peninsula,1,Good,Good,0
22150,Red Lion,21670,Central Goldfields,1,Good,Good,0
22151,Redan,20570,Ballarat,1,Good,Good,0
22152,Redbank (Vic.),25810,Northern Grampians,0.2000761,Good,Good,0
22152,Redbank (Vic.),25990,Pyrenees,0.7999239,Good,Good,0
22153,Redcastle,21370,Campaspe,0.7352639,Good,Good,0
22153,Redcastle,22620,Greater Bendigo,0.2647361,Good,Good,0
22154,Redesdale,22620,Greater Bendigo,0.6500033,Good,Good,0
22154,Redesdale,25430,Mount Alexander,0.3499967,Good,Good,0
22155,Reedy Creek (Vic.),24850,Mitchell,1,Good,Good,0
22156,Reedy Dam,21270,Buloke,1,Good,Good,0
22157,Reedy Flat,22110,East Gippsland,1,Good,Good,0
22158,Reedy Lake,22250,Gannawarra,1,Good,Good,0
22159,Reefton (Vic.),27450,Yarra Ranges,1,Good,Good,0
22160,Research,25710,Nillumbik,1,Good,Good,0
22161,Reservoir (Vic.),21890,Darebin,1,Good,Good,0
22162,Reynard,24250,Mansfield,0.3333333,Good,Good,0
22162,Reynard,26810,Wellington,0.6666667,Good,Good,0
22163,Rheola,23940,Loddon,1,Good,Good,0
22164,Rhyll,20740,Bass Coast,1,Good,Good,0
22165,Rhymney,20260,Ararat,1,Good,Good,0
22166,Riachella,25810,Northern Grampians,1,Good,Good,0
22167,Rich Avon,21270,Buloke,1,Good,Good,0
22168,Rich Avon East,25810,Northern Grampians,1,Good,Good,0
22169,Rich Avon West,25810,Northern Grampians,1,Good,Good,0
22170,Richmond (Vic.),27350,Yarra,1,Good,Good,0
22171,Richmond Plains,21270,Buloke,0.3337029,Good,Good,0
22171,Richmond Plains,23940,Loddon,0.6662971,Good,Good,0
22172,Riddells Creek,24130,Macedon Ranges,1,Good,Good,0
22173,Riggs Creek,26430,Strathbogie,1,Good,Good,0
22174,Ringwood (Vic.),24410,Maroondah,1,Good,Good,0
22175,Ringwood East,24410,Maroondah,1,Good,Good,0
22176,Ringwood North,24210,Manningham,0.0378643,Good,Good,0
22176,Ringwood North,24410,Maroondah,0.9621357,Good,Good,0
22177,Ripplebrook,20830,Baw Baw,1,Good,Good,0
22178,Rippleside,22750,Greater Geelong,1,Good,Good,0
22179,Ripponlea,25900,Port Phillip,1,Acceptable,Good,0
22180,Riverside (Vic.),23190,Horsham,1,Good,Good,0
22181,Riverslea,26810,Wellington,1,Good,Good,0
22182,Robertsons Beach,26810,Wellington,1,Good,Good,0
22183,Robinvale,26610,Swan Hill,1,Good,Good,0
22184,Rochester (Vic.),21370,Campaspe,1,Good,Good,0
22185,Rochford,24130,Macedon Ranges,1,Good,Good,0
22186,Rockbank,24650,Melton,1,Good,Good,0
22187,Rocklands,26260,Southern Grampians,1,Good,Good,0
22188,Rocklyn,22910,Hepburn,1,Good,Good,0
22189,Rocky Point (Vic.),20260,Ararat,1,Good,Good,0
22190,Rokeby (Vic.),20830,Baw Baw,1,Good,Good,0
22191,Rokewood,22490,Golden Plains,1,Good,Good,0
22192,Rokewood Junction,22490,Golden Plains,1,Good,Good,0
22193,Romsey,24130,Macedon Ranges,1,Good,Good,0
22194,Rosanna,20660,Banyule,1,Acceptable,Good,0
22195,Rose River,26700,Wangaratta,1,Good,Good,0
22196,Rosebery (Vic.),27630,Yarriambiack,1,Good,Good,0
22197,Rosebrook (Vic.),25490,Moyne,1,Good,Good,0
22198,Rosebud,25340,Mornington Peninsula,1,Good,Good,0
22199,Rosedale (Vic.),26810,Wellington,1,Good,Good,0
22200,Roses Gap,25810,Northern Grampians,1,Good,Good,0
22201,Rosewhite,20110,Alpine,1,Good,Good,0
22202,Roslynmead,21370,Campaspe,1,Good,Good,0
22203,Ross Creek (Vic.),22490,Golden Plains,1,Good,Good,0
22204,Rossbridge,20260,Ararat,1,Good,Good,0
22205,Rostron,25810,Northern Grampians,1,Good,Good,0
22206,Rowsley,25150,Moorabool,1,Good,Good,0
22207,Rowville,23670,Knox,1,Good,Good,0
22208,Roxburgh Park,23270,Hume,1,Good,Good,0
22209,Rubicon,25620,Murrindindi,1,Good,Good,0
22210,Ruby,26170,South Gippsland,1,Good,Good,0
22211,Ruffy,25620,Murrindindi,0.0606556,Good,Good,0
22211,Ruffy,26430,Strathbogie,0.9393444,Good,Good,0
22212,Running Creek (Vic.),20110,Alpine,1,Good,Good,0
22213,Runnymede (Vic.),21370,Campaspe,1,Good,Good,0
22214,Rupanyup,27630,Yarriambiack,1,Good,Good,0
22215,Rushworth,21370,Campaspe,1,Good,Good,0
22216,Russells Bridge,22490,Golden Plains,1,Good,Good,0
22217,Rutherglen,23350,Indigo,1,Good,Good,0
22218,Ryans,22110,East Gippsland,1,Good,Good,0
22219,Ryanston,20740,Bass Coast,1,Good,Good,0
22220,Rye,25340,Mornington Peninsula,1,Good,Good,0
22221,Rythdale,21450,Cardinia,1,Good,Good,0
22222,Safety Beach (Vic.),25340,Mornington Peninsula,1,Good,Good,0
22223,Sailors Falls,22910,Hepburn,1,Good,Good,0
22224,Sailors Gully,22620,Greater Bendigo,1,Good,Good,0
22225,Sailors Hill,22910,Hepburn,1,Good,Good,0
22226,Sale,26810,Wellington,1,Good,Good,0
22227,Salisbury West,23940,Loddon,1,Good,Good,0
22228,Samaria,21010,Benalla,1,Good,Good,0
22229,San Remo (Vic.),20740,Bass Coast,1,Good,Good,0
22230,Sandford (Vic.),22410,Glenelg,1,Good,Good,0
22231,Sandhill Lake,22250,Gannawarra,1,Good,Good,0
22232,Sandhurst,22170,Frankston,1,Good,Good,0
22233,Sandon (Vic.),25430,Mount Alexander,1,Good,Good,0
22234,Sandringham (Vic.),20910,Bayside (Vic.),1,Good,Good,0
22235,Sandy Creek (Vic.),23350,Indigo,1,Good,Good,0
22236,Sandy Point (Vic.),26170,South Gippsland,1,Good,Good,0
22237,Sargood,26810,Wellington,1,Good,Good,0
22238,Sarsfield,22110,East Gippsland,1,Good,Good,0
22239,Sassafras (Vic.),27450,Yarra Ranges,1,Good,Good,0
22240,Sawmill Settlement,24250,Mansfield,1,Good,Good,0
22241,Scarsdale,22490,Golden Plains,1,Good,Good,0
22242,Scoresby,23670,Knox,1,Good,Good,0
22243,Scotchmans Lead,20570,Ballarat,1,Good,Good,0
22244,Scotsburn,20570,Ballarat,0.611561,Good,Good,0
22244,Scotsburn,25150,Moorabool,0.388439,Good,Good,0
22245,Scotts Creek (Vic.),21830,Corangamite,1,Good,Good,0
22246,Sea Lake,21270,Buloke,1,Good,Good,0
22247,Seabrook,23110,Hobsons Bay,1,Good,Good,0
22248,Seacombe,26810,Wellington,1,Good,Good,0
22249,Seaford (Vic.),22170,Frankston,1,Good,Good,0
22250,Seaholme,23110,Hobsons Bay,1,Good,Good,0
22251,Seaspray,26810,Wellington,1,Good,Good,0
22252,Seaton (Vic.),26810,Wellington,1,Good,Good,0
22253,Seaview,20830,Baw Baw,1,Good,Good,0
22254,Sebastian,22620,Greater Bendigo,0.9999602,Good,Good,0
22254,Sebastian,23940,Loddon,3.98E-05,Good,Good,1
22255,Sebastopol (Vic.),20570,Ballarat,1,Good,Good,0
22256,Seddon (Vic.),24330,Maribyrnong,1,Good,Good,0
22257,Sedgwick,22620,Greater Bendigo,1,Good,Good,0
22258,Selby,27450,Yarra Ranges,1,Good,Good,0
22259,Selwyn (Vic.),20110,Alpine,1,Good,Good,0
22260,Separation Creek,21750,Colac Otway,1,Good,Good,0
22261,Serpentine (Vic.),23940,Loddon,1,Good,Good,0
22262,Serviceton,26890,West Wimmera,1,Good,Good,0
22263,Seville,27450,Yarra Ranges,1,Good,Good,0
22264,Seville East,27450,Yarra Ranges,1,Good,Good,0
22265,Seymour (Vic.),24850,Mitchell,1,Good,Good,0
22266,Shady Creek,20830,Baw Baw,1,Good,Good,0
22267,Shays Flat,25810,Northern Grampians,1,Good,Good,0
22268,She Oaks,22490,Golden Plains,1,Good,Good,0
22269,Sheans Creek,26430,Strathbogie,1,Good,Good,0
22270,Sheep Hills,27630,Yarriambiack,1,Good,Good,0
22271,Shelbourne,22620,Greater Bendigo,0.853366,Good,Good,0
22271,Shelbourne,23940,Loddon,0.146634,Good,Good,0
22272,Shelford,22490,Golden Plains,1,Good,Good,0
22273,Shelley (Vic.),26670,Towong,1,Good,Good,0
22274,Shepherds Flat,22910,Hepburn,1,Good,Good,0
22275,Shepparton,22830,Greater Shepparton,1,Good,Good,0
22276,Shepparton East,22830,Greater Shepparton,1,Good,Good,0
22277,Shepparton North,22830,Greater Shepparton,1,Good,Good,0
22278,Sherbrooke,27450,Yarra Ranges,1,Good,Good,0
22279,Shoreham,25340,Mornington Peninsula,1,Good,Good,0
22280,Sidonia,24130,Macedon Ranges,1,Good,Good,0
22281,Silvan,27450,Yarra Ranges,1,Good,Good,0
22282,Silverleaves,20740,Bass Coast,1,Good,Good,0
22283,Simpson (Vic.),21750,Colac Otway,3.43E-05,Good,Good,1
22283,Simpson (Vic.),21830,Corangamite,0.9999657,Good,Good,0
22284,Simpsons Creek,22110,East Gippsland,1,Good,Good,0
22285,Simson,21670,Central Goldfields,1,Good,Good,0
22286,Skenes Creek,21750,Colac Otway,1,Good,Good,0
22287,Skenes Creek North,21750,Colac Otway,1,Good,Good,0
22288,Skibo,21830,Corangamite,1,Good,Good,0
22289,Skinners Flat,23940,Loddon,1,Good,Good,0
22290,Skipton,21830,Corangamite,0.8984996,Good,Good,0
22290,Skipton,25990,Pyrenees,0.1015004,Good,Good,0
22291,Skye (Vic.),22170,Frankston,1,Good,Good,0
22292,Slaty Creek,25810,Northern Grampians,1,Good,Good,0
22293,Smeaton,22910,Hepburn,1,Good,Good,0
22294,Smiths Beach,20740,Bass Coast,1,Good,Good,0
22295,Smiths Gully,25710,Nillumbik,1,Good,Good,0
22296,Smokeytown,22910,Hepburn,1,Good,Good,0
22297,Smoko,20110,Alpine,1,Good,Good,0
22298,Smythes Creek,20570,Ballarat,0.2742426,Good,Good,0
22298,Smythes Creek,22490,Golden Plains,0.7257574,Good,Good,0
22299,Smythesdale,22490,Golden Plains,0.9623542,Good,Good,0
22299,Smythesdale,25990,Pyrenees,0.0376458,Good,Good,0
22300,Snake Island,26810,Wellington,1,Good,Good,0
22301,Snake Valley,25990,Pyrenees,1,Good,Good,0
22302,Soldiers Hill (Vic.),20570,Ballarat,1,Good,Good,0
22303,Somers,25340,Mornington Peninsula,1,Good,Good,0
22304,Somerton (Vic.),23270,Hume,1,Good,Good,0
22305,Somerville (Vic.),25340,Mornington Peninsula,1,Good,Good,0
22306,Sorrento (Vic.),25340,Mornington Peninsula,1,Good,Good,0
22307,South Dudley,20740,Bass Coast,1,Good,Good,0
22308,South Geelong,22750,Greater Geelong,1,Good,Good,0
22309,South Kingsville,23110,Hobsons Bay,1,Good,Good,0
22310,South Melbourne,25900,Port Phillip,1,Acceptable,Good,0
22311,South Morang,27070,Whittlesea,1,Good,Good,0
22312,South Purrumbete,21830,Corangamite,1,Good,Good,0
22313,South Wharf,24600,Melbourne,1,Good,Good,0
22314,South Yarra,24600,Melbourne,0.1555475,Good,Good,0
22314,South Yarra,26350,Stonnington,0.8444525,Good,Good,0
22315,Southbank,24600,Melbourne,0.9937212,Good,Good,0
22315,Southbank,25900,Port Phillip,0.0062788,Acceptable,Good,1
22316,Southern Cross (Vic.),25490,Moyne,1,Good,Good,0
22317,Spargo Creek,25150,Moorabool,1,Good,Good,0
22318,Speed,27630,Yarriambiack,1,Good,Good,0
22319,Spotswood,23110,Hobsons Bay,1,Good,Good,0
22320,Spring Gully (Vic.),22620,Greater Bendigo,1,Good,Good,0
22321,Spring Hill (Vic.),22910,Hepburn,0.4776684,Good,Good,0
22321,Spring Hill (Vic.),24130,Macedon Ranges,0.5223316,Good,Good,0
22322,Springbank,25150,Moorabool,1,Good,Good,0
22323,Springdallah,22490,Golden Plains,1,Good,Good,0
22324,Springfield (Buloke - Vic.),21270,Buloke,1,Good,Good,0
22325,Springfield (Macedon Ranges - Vic.),24130,Macedon Ranges,1,Good,Good,0
22326,Springhurst,26700,Wangaratta,1,Good,Good,0
22327,Springmount,22910,Hepburn,1,Good,Good,0
22328,Springvale (Vic.),22670,Greater Dandenong,1,Good,Good,0
22329,Springvale South,22670,Greater Dandenong,1,Good,Good,0
22330,St Albans (Vic.),21180,Brimbank,1,Good,Good,0
22331,St Albans Park,22750,Greater Geelong,1,Good,Good,0
22332,St Andrews (Vic.),25710,Nillumbik,1,Good,Good,0
22333,St Andrews Beach,25340,Mornington Peninsula,1,Good,Good,0
22334,St Arnaud,25810,Northern Grampians,1,Good,Good,0
22335,St Arnaud East,25810,Northern Grampians,1,Good,Good,0
22336,St Arnaud North,25810,Northern Grampians,1,Good,Good,0
22337,St Clair (Vic.),20740,Bass Coast,1,Good,Good,0
22338,St Germains,22830,Greater Shepparton,1,Good,Good,0
22339,St Helena,20660,Banyule,1,Acceptable,Good,0
22340,St Helens (Vic.),25490,Moyne,1,Good,Good,0
22341,St Helens Plains,23190,Horsham,1,Good,Good,0
22342,St James (Vic.),24900,Moira,1,Good,Good,0
22343,St Kilda (Vic.),25900,Port Phillip,1,Acceptable,Good,0
22344,St Kilda East,22310,Glen Eira,0.3304634,Good,Good,0
22344,St Kilda East,25900,Port Phillip,0.6695366,Acceptable,Good,0
22345,St Kilda West,25900,Port Phillip,1,Acceptable,Good,0
22346,St Leonards (Vic.),22750,Greater Geelong,1,Good,Good,0
22347,Staceys Bridge,26810,Wellington,1,Good,Good,0
22348,Staffordshire Reef,22490,Golden Plains,1,Good,Good,0
22349,Staghorn Flat,23350,Indigo,0.5276197,Good,Good,0
22349,Staghorn Flat,27170,Wodonga,0.4723803,Good,Good,0
22350,Stanhope (Vic.),21370,Campaspe,1,Good,Good,0
22351,Stanley (Vic.),23350,Indigo,1,Good,Good,0
22352,Staughton Vale,22750,Greater Geelong,1,Good,Good,0
22353,Stavely,20260,Ararat,1,Good,Good,0
22354,Stawell,25810,Northern Grampians,1,Good,Good,0
22355,Steels Creek,27450,Yarra Ranges,1,Good,Good,0
22356,Steiglitz (Vic.),22490,Golden Plains,1,Good,Good,0
22357,Stewarton (Vic.),21010,Benalla,0.8906906,Good,Good,0
22357,Stewarton (Vic.),22830,Greater Shepparton,0.1093094,Good,Good,0
22358,Stirling (Vic.),22110,East Gippsland,1,Good,Good,0
22359,Stockdale,26810,Wellington,1,Good,Good,0
22360,Stockyard Hill,25990,Pyrenees,1,Good,Good,0
22361,Stonehaven,22490,Golden Plains,1,Good,Good,0
22362,Stoneleigh (Vic.),25990,Pyrenees,1,Good,Good,0
22363,Stony Creek (Central Goldfields - Vic.),21670,Central Goldfields,1,Good,Good,0
22364,Stony Creek (South Gippsland - Vic.),26170,South Gippsland,1,Good,Good,0
22365,Stonyford,21750,Colac Otway,0.4098656,Good,Good,0
22365,Stonyford,21830,Corangamite,0.5901344,Good,Good,0
22366,Stradbroke,26810,Wellington,1,Good,Good,0
22367,Strangways,22910,Hepburn,0.1960016,Good,Good,0
22367,Strangways,25430,Mount Alexander,0.8039984,Good,Good,0
22368,Straten,21270,Buloke,1,Good,Good,0
22369,Stratford (Vic.),26810,Wellington,1,Good,Good,0
22370,Strath Creek,25620,Murrindindi,1,Good,Good,0
22371,Strathallan,21370,Campaspe,1,Good,Good,0
22372,Strathbogie,26430,Strathbogie,1,Good,Good,0
22373,Strathdale,22620,Greater Bendigo,1,Good,Good,0
22374,Strathdownie,22410,Glenelg,1,Good,Good,0
22375,Strathewen,25710,Nillumbik,1,Good,Good,0
22376,Strathfieldsaye,22620,Greater Bendigo,1,Good,Good,0
22377,Strathkellar,26260,Southern Grampians,1,Good,Good,0
22378,Strathlea,21670,Central Goldfields,0.0969716,Good,Good,0
22378,Strathlea,25430,Mount Alexander,0.9030284,Good,Good,0
22379,Strathmerton,24900,Moira,1,Good,Good,0
22380,Strathmore (Vic.),25060,Moonee Valley,1,Good,Good,0
22381,Strathmore Heights,25060,Moonee Valley,1,Good,Good,0
22382,Strathtulloh,24650,Melton,1,Good,Good,0
22383,Streatham,20260,Ararat,0.8437168,Good,Good,0
22383,Streatham,25990,Pyrenees,0.1562832,Good,Good,0
22384,Strzelecki (Vic.),20830,Baw Baw,0.1495982,Good,Good,0
22384,Strzelecki (Vic.),26170,South Gippsland,0.8504018,Good,Good,0
22385,Stuart Mill,25810,Northern Grampians,1,Good,Good,0
22386,Sugarloaf (Vic.),21750,Colac Otway,1,Good,Good,0
22387,Sugarloaf Creek,24850,Mitchell,1,Good,Good,0
22388,Suggan Buggan,22110,East Gippsland,1,Good,Good,0
22389,Sulky,20570,Ballarat,0.4302807,Good,Good,0
22389,Sulky,22910,Hepburn,0.5697193,Good,Good,0
22390,Summerlands,20740,Bass Coast,1,Good,Good,0
22391,Sunbury,23270,Hume,1,Good,Good,0
22392,Sunday Creek,24850,Mitchell,1,Good,Good,0
22393,Sunderland Bay,20740,Bass Coast,1,Good,Good,0
22394,Sunset Strip (Vic.),20740,Bass Coast,1,Good,Good,0
22395,Sunshine (Vic.),21180,Brimbank,1,Good,Good,0
22396,Sunshine North,21180,Brimbank,1,Good,Good,0
22397,Sunshine West,21180,Brimbank,1,Good,Good,0
22398,Surf Beach (Vic.),20740,Bass Coast,1,Good,Good,0
22399,Surrey Hills,21110,Boroondara,0.6066935,Good,Good,0
22399,Surrey Hills,26980,Whitehorse,0.3933065,Good,Good,0
22400,Sutherland (Vic.),25810,Northern Grampians,1,Good,Good,0
22401,Sutherlands Creek,22490,Golden Plains,1,Good,Good,0
22402,Sutton (Vic.),21270,Buloke,1,Good,Good,0
22403,Sutton Grange,25430,Mount Alexander,1,Good,Good,0
22404,Swan Bay (Vic.),22750,Greater Geelong,0.9998059,Good,Good,0
22404,Swan Bay (Vic.),26080,Queenscliffe,0.0001941,Poor,Good,1
22405,Swan Hill,26610,Swan Hill,1,Good,Good,0
22406,Swan Hill West,26610,Swan Hill,1,Good,Good,0
22407,Swan Island,26080,Queenscliffe,1,Poor,Good,0
22408,Swan Marsh,21750,Colac Otway,1,Good,Good,0
22409,Swan Reach (Vic.),22110,East Gippsland,1,Good,Good,0
22410,Swanpool,21010,Benalla,1,Good,Good,0
22411,Swanwater,25810,Northern Grampians,1,Good,Good,0
22412,Swanwater West,25810,Northern Grampians,1,Good,Good,0
22413,Swifts Creek,22110,East Gippsland,1,Good,Good,0
22414,Sydenham (Vic.),21180,Brimbank,1,Good,Good,0
22415,Sylvaterre,23940,Loddon,1,Good,Good,0
22416,Tabberabbera,22110,East Gippsland,1,Good,Good,0
22417,Tabilk,26430,Strathbogie,1,Good,Good,0
22418,Tabor,26260,Southern Grampians,1,Good,Good,0
22419,Taggerty,25620,Murrindindi,1,Good,Good,0
22420,Tahara,22410,Glenelg,0.371502,Good,Good,0
22420,Tahara,26260,Southern Grampians,0.628498,Good,Good,0
22421,Tahara Bridge,22410,Glenelg,1,Good,Good,0
22422,Tahara West,22410,Glenelg,1,Good,Good,0
22423,Talbot (Vic.),21670,Central Goldfields,1,Good,Good,0
22424,Talgarno,26670,Towong,1,Good,Good,0
22425,Tallandoon,26670,Towong,1,Good,Good,0
22426,Tallangatta,26670,Towong,1,Good,Good,0
22427,Tallangatta East,26670,Towong,1,Good,Good,0
22428,Tallangatta South,26670,Towong,1,Good,Good,0
22429,Tallangatta Valley,26670,Towong,1,Good,Good,0
22430,Tallarook,24850,Mitchell,1,Good,Good,0
22431,Tallygaroopna,22830,Greater Shepparton,1,Good,Good,0
22432,Tambo Crossing,22110,East Gippsland,1,Good,Good,0
22433,Tambo Upper,22110,East Gippsland,1,Good,Good,0
22434,Tamboon,22110,East Gippsland,1,Good,Good,0
22435,Tamboritha,26810,Wellington,1,Good,Good,0
22436,Taminick,21010,Benalla,1,Good,Good,0
22437,Tamleugh,26430,Strathbogie,1,Good,Good,0
22438,Tamleugh North,22830,Greater Shepparton,1,Good,Good,0
22439,Tandarook,21830,Corangamite,1,Good,Good,0
22440,Tandarra,23940,Loddon,1,Good,Good,0
22441,Tangambalanga,23350,Indigo,1,Good,Good,0
22442,Tanjil,20830,Baw Baw,1,Good,Good,0
22443,Tanjil Bren,20830,Baw Baw,1,Good,Good,0
22444,Tanjil South,20830,Baw Baw,0.5859577,Good,Good,0
22444,Tanjil South,23810,Latrobe (Vic.),0.4140423,Good,Good,0
22445,Tanwood,25990,Pyrenees,1,Good,Good,0
22446,Tanybryn,21750,Colac Otway,1,Good,Good,0
22447,Taradale (Vic.),22910,Hepburn,1.90E-05,Good,Good,1
22447,Taradale (Vic.),25430,Mount Alexander,0.999981,Good,Good,0
22448,Tarcombe,24850,Mitchell,0.4473961,Good,Good,0
22448,Tarcombe,26430,Strathbogie,0.5526039,Good,Good,0
22449,Tarilta,22910,Hepburn,0.4443211,Good,Good,0
22449,Tarilta,25430,Mount Alexander,0.5556789,Good,Good,0
22450,Tarnagulla,23940,Loddon,1,Good,Good,0
22451,Tarneit,27260,Wyndham,1,Good,Good,0
22452,Tarnook,21010,Benalla,1,Good,Good,0
22453,Taroon,21830,Corangamite,0.4063086,Good,Good,0
22453,Taroon,25490,Moyne,0.5936914,Good,Good,0
22454,Tarra Valley,26810,Wellington,1,Good,Good,0
22455,Tarranyurk,22980,Hindmarsh,1,Good,Good,0
22456,Tarraville,26810,Wellington,1,Good,Good,0
22457,Tarrawarra,27450,Yarra Ranges,1,Good,Good,0
22458,Tarrawingee,26700,Wangaratta,1,Good,Good,0
22459,Tarrayoukyan,26260,Southern Grampians,1,Good,Good,0
22460,Tarrengower,25430,Mount Alexander,1,Good,Good,0
22461,Tarrenlea,26260,Southern Grampians,1,Good,Good,0
22462,Tarrington,26260,Southern Grampians,1,Good,Good,0
22463,Tarrone,25490,Moyne,1,Good,Good,0
22464,Tarwin,26170,South Gippsland,1,Good,Good,0
22465,Tarwin Lower,26170,South Gippsland,1,Good,Good,0
22466,Tatong,21010,Benalla,1,Good,Good,0
22467,Tatura,22830,Greater Shepparton,1,Good,Good,0
22468,Tatura East,22830,Greater Shepparton,1,Good,Good,0
22469,Tatyoon,20260,Ararat,1,Good,Good,0
22470,Tawonga,20110,Alpine,1,Good,Good,0
22471,Tawonga South,20110,Alpine,1,Good,Good,0
22472,Taylor Bay,25620,Murrindindi,1,Good,Good,0
22473,Taylors Hill,24650,Melton,1,Good,Good,0
22474,Taylors Lakes,21180,Brimbank,1,Good,Good,0
22475,Teal Point,22250,Gannawarra,1,Good,Good,0
22476,Tecoma,27450,Yarra Ranges,1,Good,Good,0
22477,Teddywaddy,21270,Buloke,1,Good,Good,0
22478,Teddywaddy West,21270,Buloke,1,Good,Good,0
22479,Teesdale (Vic.),22490,Golden Plains,1,Good,Good,0
22480,Telangatuk East,23190,Horsham,1,Good,Good,0
22481,Telford,24900,Moira,1,Good,Good,0
22482,Telopea Downs,26890,West Wimmera,1,Good,Good,0
22483,Templestowe,24210,Manningham,1,Good,Good,0
22484,Templestowe Lower,24210,Manningham,1,Good,Good,0
22485,Tempy,24780,Mildura,0.3502082,Good,Good,0
22485,Tempy,27630,Yarriambiack,0.6497918,Good,Good,0
22486,Tenby Point,20740,Bass Coast,1,Good,Good,0
22487,Tennyson (Vic.),21370,Campaspe,1,Good,Good,0
22488,Terang,21830,Corangamite,0.9951075,Good,Good,0
22488,Terang,25490,Moyne,0.0048925,Good,Good,1
22489,Terip Terip,25620,Murrindindi,1,Good,Good,0
22490,Terrappee,21270,Buloke,0.000416,Good,Good,1
22490,Terrappee,23940,Loddon,0.999584,Good,Good,0
22491,Terrick Terrick,23940,Loddon,1,Good,Good,0
22492,Terrick Terrick East,21370,Campaspe,1,Good,Good,0
22493,Tesbury,21830,Corangamite,1,Good,Good,0
22494,Tetoora Road,20830,Baw Baw,1,Good,Good,0
22495,Thalia,21270,Buloke,1,Good,Good,0
22496,The Basin (Vic.),23670,Knox,1,Good,Good,0
22497,The Cove,25490,Moyne,1,Good,Good,0
22498,The Gurdies,20740,Bass Coast,1,Good,Good,0
22499,The Heart,26810,Wellington,1,Good,Good,0
22500,The Honeysuckles,26810,Wellington,1,Good,Good,0
22501,The Patch,27450,Yarra Ranges,1,Good,Good,0
22502,The Sisters,25490,Moyne,1,Good,Good,0
22503,Thologolong,26670,Towong,1,Good,Good,0
22504,Thomastown,27070,Whittlesea,1,Good,Good,0
22505,Thomson (Baw Baw - Vic.),20830,Baw Baw,1,Good,Good,0
22506,Thomson (Greater Geelong - Vic.),22750,Greater Geelong,1,Good,Good,0
22507,Thoona,21010,Benalla,1,Good,Good,0
22508,Thornbury,21890,Darebin,1,Good,Good,0
22509,Thornhill Park,24650,Melton,1,Good,Good,0
22510,Thornton (Vic.),25620,Murrindindi,1,Good,Good,0
22511,Thorpdale,20830,Baw Baw,1,Good,Good,0
22512,Thorpdale South,20830,Baw Baw,1,Good,Good,0
22513,Thowgla Valley,26670,Towong,1,Good,Good,0
22514,Three Bridges,27450,Yarra Ranges,1,Good,Good,0
22515,Timbarra (Vic.),22110,East Gippsland,1,Good,Good,0
22516,Timboon,21830,Corangamite,1,Good,Good,0
22517,Timboon West,21830,Corangamite,1,Good,Good,0
22518,Timmering,21370,Campaspe,1,Good,Good,0
22519,Timor (Vic.),21670,Central Goldfields,1,Good,Good,0
22520,Timor West,21670,Central Goldfields,1,Good,Good,0
22521,Tinamba,26810,Wellington,1,Good,Good,0
22522,Tinamba West,26810,Wellington,1,Good,Good,0
22523,Tintaldra,26670,Towong,1,Good,Good,0
22524,Tittybong,22250,Gannawarra,1,Good,Good,0
22525,Tol Tol,26610,Swan Hill,1,Good,Good,0
22526,Tolmie,24250,Mansfield,0.9265072,Good,Good,0
22526,Tolmie,26700,Wangaratta,0.0734928,Good,Good,0
22527,Tom Groggin,22110,East Gippsland,0.0014245,Good,Good,1
22527,Tom Groggin,26670,Towong,0.9985755,Good,Good,0
22528,Tongala,21370,Campaspe,1,Good,Good,0
22529,Tonghi Creek,22110,East Gippsland,1,Good,Good,0
22530,Tongio,22110,East Gippsland,1,Good,Good,0
22531,Tonimbuk,21450,Cardinia,1,Good,Good,0
22532,Tooan,23190,Horsham,1,Good,Good,0
22533,Tooborac,24850,Mitchell,1,Good,Good,0
22534,Toolamba,22830,Greater Shepparton,1,Good,Good,0
22535,Toolamba West,22830,Greater Shepparton,1,Good,Good,0
22536,Toolangi,25620,Murrindindi,0.853478,Good,Good,0
22536,Toolangi,27450,Yarra Ranges,0.146522,Good,Good,0
22537,Toolern Vale,24650,Melton,1,Good,Good,0
22538,Toolleen,21370,Campaspe,0.7034416,Good,Good,0
22538,Toolleen,22620,Greater Bendigo,0.2965584,Good,Good,0
22539,Toolome,26810,Wellington,1,Good,Good,0
22540,Toolondo,23190,Horsham,1,Good,Good,0
22541,Toolong,25490,Moyne,1,Good,Good,0
22542,Toombon,20830,Baw Baw,1,Good,Good,0
22543,Toongabbie (Vic.),20830,Baw Baw,9.20E-06,Good,Good,1
22543,Toongabbie (Vic.),23810,Latrobe (Vic.),0.9159673,Good,Good,0
22543,Toongabbie (Vic.),26810,Wellington,0.0840235,Good,Good,0
22544,Toora (Vic.),26170,South Gippsland,1,Good,Good,0
22545,Toora North,26170,South Gippsland,0.9999057,Good,Good,0
22545,Toora North,26810,Wellington,9.43E-05,Good,Good,1
22546,Tooradin,21450,Cardinia,0.0121994,Good,Good,0
22546,Tooradin,21610,Casey,0.9878006,Good,Good,0
22547,Toorak,26350,Stonnington,1,Good,Good,0
22548,Toorloo Arm,22110,East Gippsland,1,Good,Good,0
22549,Toorongo,20830,Baw Baw,0.6666667,Good,Good,0
22549,Toorongo,27450,Yarra Ranges,0.3333333,Good,Good,0
22550,Tootgarook,25340,Mornington Peninsula,1,Good,Good,0
22551,Torquay (Vic.),26490,Surf Coast,1,Good,Good,0
22552,Torrita,24780,Mildura,1,Good,Good,0
22553,Torrumbarry,21370,Campaspe,1,Good,Good,0
22554,Torwood,20830,Baw Baw,1,Good,Good,0
22555,Tostaree,22110,East Gippsland,1,Good,Good,0
22556,Tottenham (Vic.),24330,Maribyrnong,1,Good,Good,0
22557,Tottington,25810,Northern Grampians,1,Good,Good,0
22558,Tourello,20570,Ballarat,1,Good,Good,0
22559,Towan,26610,Swan Hill,1,Good,Good,0
22560,Towaninny,21270,Buloke,0.9975124,Good,Good,0
22560,Towaninny,22250,Gannawarra,0.0024876,Good,Good,1
22561,Towaninny South,21270,Buloke,1,Good,Good,0
22562,Tower Hill,25490,Moyne,1,Good,Good,0
22563,Towong,26670,Towong,1,Good,Good,0
22564,Towong Upper,26670,Towong,1,Good,Good,0
22565,Trafalgar (Vic.),20830,Baw Baw,1,Good,Good,0
22566,Trafalgar East,20830,Baw Baw,1,Good,Good,0
22567,Trafalgar South,20830,Baw Baw,1,Good,Good,0
22568,Tragowel,22250,Gannawarra,1,Good,Good,0
22569,Traralgon,23810,Latrobe (Vic.),1,Good,Good,0
22570,Traralgon East,23810,Latrobe (Vic.),1,Good,Good,0
22571,Traralgon South,23810,Latrobe (Vic.),1,Good,Good,0
22572,Travancore,25060,Moonee Valley,1,Good,Good,0
22573,Trawalla,25990,Pyrenees,1,Good,Good,0
22574,Trawool,24850,Mitchell,1,Good,Good,0
22575,Traynors Lagoon,25810,Northern Grampians,1,Good,Good,0
22576,Tremont,27450,Yarra Ranges,1,Good,Good,0
22577,Trentham,22910,Hepburn,0.9956523,Good,Good,0
22577,Trentham,25150,Moorabool,0.0043477,Good,Good,1
22578,Trentham East,22910,Hepburn,0.3898209,Good,Good,0
22578,Trentham East,24130,Macedon Ranges,0.6101791,Good,Good,0
22579,Tresco,26610,Swan Hill,1,Good,Good,0
22580,Tresco West,26610,Swan Hill,1,Good,Good,0
22581,Trida,20830,Baw Baw,0.131247,Good,Good,0
22581,Trida,26170,South Gippsland,0.868753,Good,Good,0
22582,Truganina,24650,Melton,0.0320722,Good,Good,0
22582,Truganina,27260,Wyndham,0.9679278,Good,Good,0
22583,Tubbut,22110,East Gippsland,1,Good,Good,0
22584,Tuerong,25340,Mornington Peninsula,1,Good,Good,0
22585,Tulkara,25810,Northern Grampians,1,Good,Good,0
22586,Tullamarine,21180,Brimbank,0.0006191,Good,Good,1
22586,Tullamarine,23270,Hume,0.9783431,Good,Good,0
22586,Tullamarine,25250,Moreland,0.0210377,Good,Good,0
22587,Tungamah,24900,Moira,1,Good,Good,0
22588,Turoar,26610,Swan Hill,1,Good,Good,0
22589,Turriff,27630,Yarriambiack,1,Good,Good,0
22590,Turriff East,21270,Buloke,1,Good,Good,0
22591,Turtons Creek,26170,South Gippsland,1,Good,Good,0
22592,Tutye,24780,Mildura,1,Good,Good,0
22593,Tyaak,24850,Mitchell,1,Good,Good,0
22594,Tyabb,25340,Mornington Peninsula,1,Good,Good,0
22595,Tyenna (Vic.),21270,Buloke,1,Good,Good,0
22596,Tyers,23810,Latrobe (Vic.),1,Good,Good,0
22597,Tylden,22910,Hepburn,0.038353,Good,Good,0
22597,Tylden,24130,Macedon Ranges,0.961647,Good,Good,0
22598,Tynong,21450,Cardinia,1,Good,Good,0
22599,Tynong North,21450,Cardinia,1,Good,Good,0
22600,Tyntynder,26610,Swan Hill,1,Good,Good,0
22601,Tyntynder South,26610,Swan Hill,1,Good,Good,0
22602,Tyrendarra,22410,Glenelg,1,Good,Good,0
22603,Tyrendarra East,25490,Moyne,1,Good,Good,0
22604,Tyrrell,21270,Buloke,0.999232,Good,Good,0
22604,Tyrrell,26610,Swan Hill,0.000768,Good,Good,1
22605,Tyrrell Downs,21270,Buloke,1,Good,Good,0
22606,Ullina,22910,Hepburn,1,Good,Good,0
22607,Ullswater,26890,West Wimmera,1,Good,Good,0
22608,Ultima,26610,Swan Hill,1,Good,Good,0
22609,Ultima East,26610,Swan Hill,1,Good,Good,0
22610,Ulupna,24900,Moira,1,Good,Good,0
22611,Undera,22830,Greater Shepparton,1,Good,Good,0
22612,Underbool,24780,Mildura,1,Good,Good,0
22613,Upotipotpon,26430,Strathbogie,1,Good,Good,0
22614,Upper Ferntree Gully,23670,Knox,0.7374344,Good,Good,0
22614,Upper Ferntree Gully,27450,Yarra Ranges,0.2625656,Good,Good,0
22615,Upper Gundowring,20110,Alpine,1,Good,Good,0
22616,Upper Lurg,21010,Benalla,1,Good,Good,0
22617,Upper Plenty,24850,Mitchell,1,Good,Good,0
22618,Upper Ryans Creek,21010,Benalla,1,Good,Good,0
22619,Upton Hill,26430,Strathbogie,1,Good,Good,0
22620,Upwey,27450,Yarra Ranges,1,Good,Good,0
22621,Valencia Creek,26810,Wellington,1,Good,Good,0
22622,Vasey,26260,Southern Grampians,1,Good,Good,0
22623,Vaughan,25430,Mount Alexander,1,Good,Good,0
22624,Vectis,23190,Horsham,1,Good,Good,0
22625,Ventnor (Vic.),20740,Bass Coast,1,Good,Good,0
22626,Venus Bay (Vic.),26170,South Gippsland,1,Good,Good,0
22627,Vermont,24410,Maroondah,0.0423261,Good,Good,0
22627,Vermont,26980,Whitehorse,0.9576739,Good,Good,0
22628,Vermont South,26980,Whitehorse,1,Good,Good,0
22629,Vervale,21450,Cardinia,1,Good,Good,0
22630,Vesper,20830,Baw Baw,1,Good,Good,0
22631,Victoria Point (Vic.),26260,Southern Grampians,1,Good,Good,0
22632,Victoria Valley (Vic.),26260,Southern Grampians,1,Good,Good,0
22633,Viewbank,20660,Banyule,1,Acceptable,Good,0
22634,Vinifera,26610,Swan Hill,1,Good,Good,0
22635,Violet Town,22830,Greater Shepparton,3.23E-05,Good,Good,1
22635,Violet Town,26430,Strathbogie,0.9999677,Good,Good,0
22636,Vite Vite,21830,Corangamite,1,Good,Good,0
22637,Vite Vite North,21830,Corangamite,1,Good,Good,0
22638,W Tree,22110,East Gippsland,1,Good,Good,0
22639,Waaia,24900,Moira,1,Good,Good,0
22640,Waanyarra,23940,Loddon,1,Good,Good,0
22641,Waarre,21830,Corangamite,1,Good,Good,0
22642,Wabonga,26700,Wangaratta,1,Good,Good,0
22643,Waggarandall,24900,Moira,1,Good,Good,0
22644,Wahgunyah,23350,Indigo,1,Good,Good,0
22645,Wahring,26430,Strathbogie,1,Good,Good,0
22646,Wail,23190,Horsham,1,Good,Good,0
22647,Wairewa,22110,East Gippsland,1,Good,Good,0
22648,Waitchie,26610,Swan Hill,1,Good,Good,0
22649,Wal Wal,25810,Northern Grampians,1,Good,Good,0
22650,Waldara,26700,Wangaratta,1,Good,Good,0
22651,Walhalla,20830,Baw Baw,0.9997144,Good,Good,0
22651,Walhalla,26810,Wellington,0.0002856,Good,Good,1
22652,Walhalla East,26810,Wellington,1,Good,Good,0
22653,Walkerville (Vic.),26170,South Gippsland,1,Good,Good,0
22654,Walkerville North,26170,South Gippsland,1,Good,Good,0
22655,Walkerville South,26170,South Gippsland,1,Good,Good,0
22656,Wallace,25150,Moorabool,1,Good,Good,0
22657,Wallacedale,22410,Glenelg,0.7894128,Good,Good,0
22657,Wallacedale,25490,Moyne,0.2105872,Good,Good,0
22658,Wallagaraugh,22110,East Gippsland,1,Good,Good,0
22659,Wallaloo,25810,Northern Grampians,1,Good,Good,0
22660,Wallaloo East,25810,Northern Grampians,1,Good,Good,0
22661,Wallan,24850,Mitchell,1,Good,Good,0
22662,Wallinduc,22490,Golden Plains,1,Good,Good,0
22663,Wallington,22750,Greater Geelong,1,Good,Good,0
22664,Wallup,27630,Yarriambiack,1,Good,Good,0
22665,Walmer (Vic.),25430,Mount Alexander,1,Good,Good,0
22666,Walpa,22110,East Gippsland,1,Good,Good,0
22667,Walpeup,24780,Mildura,1,Good,Good,0
22668,Walwa,26670,Towong,1,Good,Good,0
22669,Wandana Heights,22750,Greater Geelong,1,Good,Good,0
22670,Wandella (Vic.),22250,Gannawarra,1,Good,Good,0
22671,Wandiligong,20110,Alpine,1,Good,Good,0
22672,Wandin East,27450,Yarra Ranges,1,Good,Good,0
22673,Wandin North,27450,Yarra Ranges,1,Good,Good,0
22674,Wando Bridge,22410,Glenelg,1,Good,Good,0
22675,Wando Vale,22410,Glenelg,0.9165799,Good,Good,0
22675,Wando Vale,26260,Southern Grampians,0.0834201,Good,Good,0
22676,Wandong,24850,Mitchell,1,Good,Good,0
22677,Wandown,26610,Swan Hill,1,Good,Good,0
22678,Wangandary,26700,Wangaratta,1,Good,Good,0
22679,Wangarabell,22110,East Gippsland,1,Good,Good,0
22680,Wangaratta (Vic.),26700,Wangaratta,1,Good,Good,0
22681,Wangaratta South,26700,Wangaratta,1,Good,Good,0
22682,Wangie,21270,Buloke,1,Good,Good,0
22683,Wangoom,25490,Moyne,1,Good,Good,0
22684,Wannon,26260,Southern Grampians,1,Good,Good,0
22685,Wantirna,23670,Knox,1,Good,Good,0
22686,Wantirna South,23670,Knox,1,Good,Good,0
22687,Waranga Shores,21370,Campaspe,1,Good,Good,0
22688,Waratah Bay,26170,South Gippsland,1,Good,Good,0
22689,Warburton (Vic.),27450,Yarra Ranges,1,Good,Good,0
22690,Wareek,21670,Central Goldfields,1,Good,Good,0
22691,Wargan,24780,Mildura,1,Good,Good,0
22692,Warmur,21270,Buloke,1,Good,Good,0
22693,Warncoort,21750,Colac Otway,1,Good,Good,0
22694,Warne,21270,Buloke,1,Good,Good,0
22695,Warneet,21610,Casey,1,Good,Good,0
22696,Warrabkook,25490,Moyne,1,Good,Good,0
22697,Warracknabeal,27630,Yarriambiack,1,Good,Good,0
22698,Warragul,20830,Baw Baw,1,Good,Good,0
22699,Warragul South,20830,Baw Baw,1,Good,Good,0
22700,Warragul West,20830,Baw Baw,1,Good,Good,0
22701,Warrak,20260,Ararat,1,Good,Good,0
22702,Warrandyte,24210,Manningham,1,Good,Good,0
22703,Warrandyte South,24210,Manningham,1,Good,Good,0
22704,Warranwood,24410,Maroondah,1,Good,Good,0
22705,Warrayure,26260,Southern Grampians,1,Good,Good,0
22706,Warrenbayne,21010,Benalla,1,Good,Good,0
22707,Warrenheip,20570,Ballarat,0.8884101,Good,Good,0
22707,Warrenheip,25150,Moorabool,0.1115899,Good,Good,0
22708,Warrenmang,25990,Pyrenees,1,Good,Good,0
22709,Warrion,21750,Colac Otway,1,Good,Good,0
22710,Warrnambool,25490,Moyne,0.0015022,Good,Good,1
22710,Warrnambool,26730,Warrnambool,0.9984978,Good,Good,0
22711,Warrock,22410,Glenelg,1,Good,Good,0
22712,Warrong,25490,Moyne,1,Good,Good,0
22713,Wartook,23190,Horsham,0.9998864,Good,Good,0
22713,Wartook,25810,Northern Grampians,0.0001136,Good,Good,1
22714,Watchem,21270,Buloke,1,Good,Good,0
22715,Watchem West,21270,Buloke,0.5312305,Good,Good,0
22715,Watchem West,27630,Yarriambiack,0.4687695,Good,Good,0
22716,Watchupga,21270,Buloke,1,Good,Good,0
22717,Waterford Park,24850,Mitchell,1,Good,Good,0
22718,Waterholes,22110,East Gippsland,1,Good,Good,0
22719,Waterloo (Vic.),25990,Pyrenees,1,Good,Good,0
22720,Waterways,23430,Kingston (Vic.),1,Good,Good,0
22721,Watsonia,20660,Banyule,1,Acceptable,Good,0
22722,Watsonia North,20660,Banyule,1,Acceptable,Good,0
22723,Watsons Creek (Vic.),25710,Nillumbik,1,Good,Good,0
22724,Wattle Bank,20740,Bass Coast,1,Good,Good,0
22725,Wattle Creek,25810,Northern Grampians,1,Good,Good,0
22726,Wattle Flat (Vic.),20570,Ballarat,0.1089775,Good,Good,0
22726,Wattle Flat (Vic.),22910,Hepburn,0.5246956,Good,Good,0
22726,Wattle Flat (Vic.),25150,Moorabool,0.3663268,Good,Good,0
22727,Wattle Glen,25710,Nillumbik,1,Good,Good,0
22728,Wattle Hill (Vic.),21830,Corangamite,1,Good,Good,0
22729,Waubra,20570,Ballarat,0.2032253,Good,Good,0
22729,Waubra,25990,Pyrenees,0.7967747,Good,Good,0
22730,Waurn Ponds,22750,Greater Geelong,1,Good,Good,0
22731,Waygara,22110,East Gippsland,1,Good,Good,0
22732,Weatherboard,20570,Ballarat,1,Good,Good,0
22733,Wedderburn (Vic.),23940,Loddon,1,Good,Good,0
22734,Wedderburn Junction,23940,Loddon,1,Good,Good,0
22735,Wee Wee Rup,22250,Gannawarra,1,Good,Good,0
22736,Weeaproinah,21750,Colac Otway,1,Good,Good,0
22737,Weering,21750,Colac Otway,1,Good,Good,0
22738,Weerite,21830,Corangamite,1,Good,Good,0
22739,Wehla,23940,Loddon,1,Good,Good,0
22740,Weir Views,24650,Melton,1,Good,Good,0
22741,Wellsford,22620,Greater Bendigo,1,Good,Good,0
22742,Welshmans Reef,25430,Mount Alexander,1,Good,Good,0
22743,Welshpool (Vic.),26170,South Gippsland,1,Good,Good,0
22744,Wemen,26610,Swan Hill,1,Good,Good,0
22745,Wendouree,20570,Ballarat,1,Good,Good,0
22746,Wensleydale,26490,Surf Coast,1,Good,Good,0
22747,Wentworth (Vic.),22110,East Gippsland,1,Good,Good,0
22748,Werneth,21830,Corangamite,0.3692142,Good,Good,0
22748,Werneth,22490,Golden Plains,0.6307858,Good,Good,0
22749,Werona,22910,Hepburn,0.205483,Good,Good,0
22749,Werona,25430,Mount Alexander,0.794517,Good,Good,0
22750,Werribee,27260,Wyndham,1,Good,Good,0
22751,Werribee South,27260,Wyndham,1,Good,Good,0
22752,Werrimull,24780,Mildura,1,Good,Good,0
22753,Wesburn,27450,Yarra Ranges,1,Good,Good,0
22754,West Bendigo,22620,Greater Bendigo,1,Good,Good,0
22755,West Creek,20740,Bass Coast,1,Good,Good,0
22756,West Footscray,24330,Maribyrnong,1,Good,Good,0
22757,West Melbourne,24600,Melbourne,1,Good,Good,0
22758,West Wodonga,27170,Wodonga,1,Good,Good,0
22759,Westbury (Vic.),20830,Baw Baw,1,Good,Good,0
22760,Westby,22250,Gannawarra,1,Good,Good,0
22761,Westmeadows,23270,Hume,1,Good,Good,0
22762,Westmere,20260,Ararat,1,Good,Good,0
22763,Whanregarwen,25620,Murrindindi,1,Good,Good,0
22764,Wharparilla,21370,Campaspe,1,Good,Good,0
22765,Wheatsheaf,22910,Hepburn,1,Good,Good,0
22766,Wheelers Hill,24970,Monash,1,Good,Good,0
22767,Whipstick,22620,Greater Bendigo,1,Good,Good,0
22768,Whirily,21270,Buloke,1,Good,Good,0
22769,White Hills (Vic.),22620,Greater Bendigo,1,Good,Good,0
22770,Whiteheads Creek,24850,Mitchell,1,Good,Good,0
22771,Whitelaw,26170,South Gippsland,1,Good,Good,0
22772,Whitfield (Vic.),26700,Wangaratta,1,Good,Good,0
22773,Whitlands,26700,Wangaratta,1,Good,Good,0
22774,Whittington,22750,Greater Geelong,1,Good,Good,0
22775,Whittlesea,27070,Whittlesea,1,Good,Good,0
22776,Whoorel,21750,Colac Otway,1,Good,Good,0
22777,Whorouly,26700,Wangaratta,1,Good,Good,0
22778,Whorouly East,26700,Wangaratta,1,Good,Good,0
22779,Whorouly South,26700,Wangaratta,1,Good,Good,0
22780,Whroo,21370,Campaspe,0.1006792,Good,Good,0
22780,Whroo,26430,Strathbogie,0.8993208,Good,Good,0
22781,Wickliffe,20260,Ararat,1,Good,Good,0
22782,Wilby,24900,Moira,1,Good,Good,0
22783,Wild Dog Valley (Vic.),26170,South Gippsland,1,Good,Good,0
22784,Wildwood,23270,Hume,1,Good,Good,0
22785,Wilkur,21270,Buloke,1,Good,Good,0
22786,Willangie,21270,Buloke,1,Good,Good,0
22787,Willatook,25490,Moyne,1,Good,Good,0
22788,Willaura,20260,Ararat,1,Good,Good,0
22789,Willaura North,20260,Ararat,1,Good,Good,0
22790,Willenabrina,27630,Yarriambiack,1,Good,Good,0
22791,Williams Landing,27260,Wyndham,1,Good,Good,0
22792,Williamstown (Vic.),23110,Hobsons Bay,1,Good,Good,0
22793,Williamstown North,23110,Hobsons Bay,1,Good,Good,0
22794,Willow Grove,20830,Baw Baw,1,Good,Good,0
22795,Willowmavin,24850,Mitchell,1,Good,Good,0
22796,Willowvale (Vic.),22490,Golden Plains,1,Good,Good,0
22797,Willung,26810,Wellington,1,Good,Good,0
22798,Willung South,26810,Wellington,1,Good,Good,0
22799,Wilsons Hill,22620,Greater Bendigo,1,Good,Good,0
22800,Wilsons Promontory,26170,South Gippsland,0.9876695,Good,Good,0
22800,Wilsons Promontory,26810,Wellington,0.0024661,Good,Good,1
22800,Wilsons Promontory,29399,Unincorporated Vic,0.0098644,Good,Good,1
22801,Wimbledon Heights,20740,Bass Coast,1,Good,Good,0
22802,Winchelsea,26490,Surf Coast,1,Good,Good,0
22803,Winchelsea South,26490,Surf Coast,1,Good,Good,0
22804,Windermere (Vic.),20570,Ballarat,1,Good,Good,0
22805,Windsor (Vic.),25900,Port Phillip,0.0771956,Acceptable,Good,0
22805,Windsor (Vic.),26350,Stonnington,0.9228044,Good,Good,0
22806,Wingan River,22110,East Gippsland,1,Good,Good,0
22807,Wingeel,21750,Colac Otway,0.6665279,Good,Good,0
22807,Wingeel,22490,Golden Plains,0.3334721,Good,Good,0
22808,Winjallok,25810,Northern Grampians,1,Good,Good,0
22809,Winlaton,26610,Swan Hill,1,Good,Good,0
22810,Winnambool,26610,Swan Hill,1,Good,Good,0
22811,Winnap,22410,Glenelg,1,Good,Good,0
22812,Winnindoo,26810,Wellington,1,Good,Good,0
22813,Winslow,25490,Moyne,1,Good,Good,0
22814,Winter Valley,20570,Ballarat,1,Good,Good,0
22815,Winton (Vic.),21010,Benalla,1,Good,Good,0
22816,Winton North,21010,Benalla,1,Good,Good,0
22817,Wirrate,26430,Strathbogie,1,Good,Good,0
22818,Wiseleigh,22110,East Gippsland,1,Good,Good,0
22819,Wodonga,27170,Wodonga,1,Good,Good,0
22820,Wollert,27070,Whittlesea,1,Good,Good,0
22821,Wombat Creek (Vic.),22110,East Gippsland,1,Good,Good,0
22822,Wombelano,26890,West Wimmera,1,Good,Good,0
22823,Won Wron,26810,Wellington,1,Good,Good,0
22824,Wonga,26170,South Gippsland,1,Good,Good,0
22825,Wonga Park,24210,Manningham,0.8191753,Good,Good,0
22825,Wonga Park,24410,Maroondah,0.0802533,Good,Good,0
22825,Wonga Park,27450,Yarra Ranges,0.1005713,Good,Good,0
22826,Wongarra,21750,Colac Otway,1,Good,Good,0
22827,Wongungarra,20110,Alpine,0.5,Good,Good,0
22827,Wongungarra,26810,Wellington,0.5,Good,Good,0
22828,Wonnangatta,20110,Alpine,1,Good,Good,0
22829,Wonthaggi,20740,Bass Coast,1,Good,Good,0
22830,Wonwondah,23190,Horsham,1,Good,Good,0
22831,Wonyip,26810,Wellington,1,Good,Good,0
22832,Wood Wood,26610,Swan Hill,1,Good,Good,0
22833,Woodend (Vic.),24130,Macedon Ranges,1,Good,Good,0
22834,Woodend North,24130,Macedon Ranges,1,Good,Good,0
22835,Woodfield,24250,Mansfield,1,Good,Good,0
22836,Woodford (Vic.),25490,Moyne,0.0457842,Good,Good,0
22836,Woodford (Vic.),26730,Warrnambool,0.9542158,Good,Good,0
22837,Woodglen,22110,East Gippsland,1,Good,Good,0
22838,Woodhouse,26260,Southern Grampians,1,Good,Good,0
22839,Woodleigh (Vic.),20740,Bass Coast,1,Good,Good,0
22840,Woods Point (Vic.),24250,Mansfield,0.999737,Good,Good,0
22840,Woods Point (Vic.),26810,Wellington,0.000263,Good,Good,1
22841,Woodside (Vic.),26810,Wellington,1,Good,Good,0
22842,Woodside Beach,26810,Wellington,1,Good,Good,0
22843,Woodstock (Vic.),27070,Whittlesea,1,Good,Good,0
22844,Woodstock On Loddon,23940,Loddon,1,Good,Good,0
22845,Woodstock West,23940,Loddon,1,Good,Good,0
22846,Woodvale (Vic.),22620,Greater Bendigo,1,Good,Good,0
22847,Wool Wool,21750,Colac Otway,0.9442902,Good,Good,0
22847,Wool Wool,21830,Corangamite,0.0557098,Good,Good,0
22848,Woolamai,20740,Bass Coast,1,Good,Good,0
22849,Woolenook,26810,Wellington,1,Good,Good,0
22850,Woolshed Flat (Vic.),23940,Loddon,1,Good,Good,0
22851,Woolsthorpe,25490,Moyne,1,Good,Good,0
22852,Woomelang,27630,Yarriambiack,1,Good,Good,0
22853,Wooragee,23350,Indigo,1,Good,Good,0
22854,Woorarra East,26170,South Gippsland,1,Good,Good,0
22855,Woorarra West,26170,South Gippsland,1,Good,Good,0
22856,Wooreen,26170,South Gippsland,1,Good,Good,0
22857,Woori Yallock,27450,Yarra Ranges,1,Good,Good,0
22858,Woorinen,26610,Swan Hill,1,Good,Good,0
22859,Woorinen North,26610,Swan Hill,1,Good,Good,0
22860,Woorinen South,26610,Swan Hill,1,Good,Good,0
22861,Woorndoo,20260,Ararat,0.064962,Good,Good,0
22861,Woorndoo,25490,Moyne,0.935038,Good,Good,0
22862,Wooroonook,21270,Buloke,1,Good,Good,0
22863,Woosang,21270,Buloke,0.0008319,Good,Good,1
22863,Woosang,23940,Loddon,0.9991681,Good,Good,0
22864,Wootong Vale,26260,Southern Grampians,1,Good,Good,0
22865,Worrowing,26810,Wellington,1,Good,Good,0
22866,Wrathung,26810,Wellington,1,Good,Good,0
22867,Wrixon,26810,Wellington,1,Good,Good,0
22868,Wroxham,22110,East Gippsland,1,Good,Good,0
22869,Wuk Wuk,22110,East Gippsland,1,Good,Good,0
22870,Wulgulmerang,22110,East Gippsland,1,Good,Good,0
22871,Wulgulmerang East,22110,East Gippsland,1,Good,Good,0
22872,Wulgulmerang West,22110,East Gippsland,1,Good,Good,0
22873,Wunghnu,24900,Moira,1,Good,Good,0
22874,Wurdiboluc,26490,Surf Coast,1,Good,Good,0
22875,Wurruk,26810,Wellington,1,Good,Good,0
22876,Wy Yung,22110,East Gippsland,1,Good,Good,0
22877,Wycheproof,21270,Buloke,1,Good,Good,0
22878,Wycheproof South,21270,Buloke,1,Good,Good,0
22879,Wychitella,23940,Loddon,1,Good,Good,0
22880,Wychitella North,23940,Loddon,1,Good,Good,0
22881,Wye River,21750,Colac Otway,1,Good,Good,0
22882,Wyelangta,21750,Colac Otway,1,Good,Good,0
22883,Wyndham Vale,27260,Wyndham,1,Good,Good,0
22884,Wyuna (Vic.),21370,Campaspe,1,Good,Good,0
22885,Wyuna East,21370,Campaspe,1,Good,Good,0
22886,Yaapeet,27630,Yarriambiack,1,Good,Good,0
22887,Yabba North,24900,Moira,1,Good,Good,0
22888,Yabba South,24900,Moira,1,Good,Good,0
22889,Yackandandah,23350,Indigo,1,Good,Good,0
22890,Yalca,24900,Moira,1,Good,Good,0
22891,Yalla-Y-Poora,20260,Ararat,1,Good,Good,0
22892,Yallambie,20660,Banyule,1,Acceptable,Good,0
22893,Yallourn,23810,Latrobe (Vic.),1,Good,Good,0
22894,Yallourn North,20830,Baw Baw,0.0218206,Good,Good,0
22894,Yallourn North,23810,Latrobe (Vic.),0.9781794,Good,Good,0
22895,Yalmy,22110,East Gippsland,1,Good,Good,0
22896,Yambuk,25490,Moyne,0.9999644,Good,Good,0
22896,Yambuk,29399,Unincorporated Vic,3.56E-05,Good,Good,1
22897,Yambuna,21370,Campaspe,1,Good,Good,0
22898,Yan Yean,27070,Whittlesea,1,Good,Good,0
22899,Yanac,22980,Hindmarsh,1,Good,Good,0
22900,Yanakie,26170,South Gippsland,0.9999635,Good,Good,0
22900,Yanakie,29399,Unincorporated Vic,3.65E-05,Good,Good,1
22901,Yando,23940,Loddon,1,Good,Good,0
22902,Yandoit,22910,Hepburn,1,Good,Good,0
22903,Yandoit Hills,25430,Mount Alexander,1,Good,Good,0
22904,Yangery,25490,Moyne,0.5,Good,Good,0
22904,Yangery,26730,Warrnambool,0.5,Good,Good,0
22905,Yangoura,26810,Wellington,1,Good,Good,0
22906,Yannathan,21450,Cardinia,1,Good,Good,0
22907,Yapeen,25430,Mount Alexander,1,Good,Good,0
22908,Yarck,25620,Murrindindi,1,Good,Good,0
22909,Yarpturk,25490,Moyne,1,Good,Good,0
22910,Yarra Glen,27450,Yarra Ranges,1,Good,Good,0
22911,Yarra Junction,27450,Yarra Ranges,1,Good,Good,0
22912,Yarraberb,23940,Loddon,1,Good,Good,0
22913,Yarragon,20830,Baw Baw,1,Good,Good,0
22914,Yarragon South,20830,Baw Baw,1,Good,Good,0
22915,Yarram,26810,Wellington,1,Good,Good,0
22916,Yarrambat,25710,Nillumbik,1,Good,Good,0
22917,Yarraville,24330,Maribyrnong,1,Good,Good,0
22918,Yarrawalla,23940,Loddon,1,Good,Good,0
22919,Yarrawonga (Vic.),24900,Moira,1,Good,Good,0
22920,Yarrawonga South,24900,Moira,1,Good,Good,0
22921,Yarroweyah,24900,Moira,1,Good,Good,0
22922,Yatchaw,26260,Southern Grampians,1,Good,Good,0
22923,Yawong Hills,21270,Buloke,1,Good,Good,0
22924,Yea,25620,Murrindindi,1,Good,Good,0
22925,Yellingbo,27450,Yarra Ranges,1,Good,Good,0
22926,Yelta (Vic.),24780,Mildura,1,Good,Good,0
22927,Yendon,25150,Moorabool,1,Good,Good,0
22928,Yeo,21750,Colac Otway,1,Good,Good,0
22929,Yeodene,21750,Colac Otway,1,Good,Good,0
22930,Yering,27450,Yarra Ranges,1,Good,Good,0
22931,Yeungroon,21270,Buloke,1,Good,Good,0
22932,Yeungroon East,21270,Buloke,1,Good,Good,0
22933,Yielima,24900,Moira,1,Good,Good,0
22934,Yinnar,23810,Latrobe (Vic.),1,Good,Good,0
22935,Yinnar South,23810,Latrobe (Vic.),1,Good,Good,0
22936,York Plains (Vic.),25810,Northern Grampians,1,Good,Good,0
22937,Youanmite,24900,Moira,1,Good,Good,0
22938,Youarang,24900,Moira,1,Good,Good,0
22939,Yulecart,26260,Southern Grampians,1,Good,Good,0
22940,Yundool,24900,Moira,1,Good,Good,0
22941,Yuroke,23270,Hume,1,Good,Good,0
22942,Yuulong,21750,Colac Otway,1,Good,Good,0
22943,Zeerust,22830,Greater Shepparton,1,Good,Good,0
22944,Zumsteins,25810,Northern Grampians,1,Good,Good,0
29494,No usual address (Vic.),29499,No usual address (Vic.),1,Good,Good,0
29797,Migratory - Offshore - Shipping (Vic.),29799,Migratory - Offshore - Shipping (Vic.),1,Good,Good,0
30001,Abbeywood,36630,South Burnett,1,Good,Good,0
30002,Abbotsford (Qld),31820,Bundaberg,1,Good,Good,0
30003,Abercorn,35760,North Burnett,1,Good,Good,0
30004,Abergowrie,33800,Hinchinbrook,1,Good,Good,0
30005,Abingdon Downs,33100,Etheridge,1,Good,Good,0
30006,Abington (Qld),31820,Bundaberg,1,Good,Good,0
30007,Acacia Ridge,31000,Brisbane,1,Good,Good,0
30008,Acland,36910,Toowoomba,1,Good,Good,0
30009,Adare,34580,Lockyer Valley,1,Good,Good,0
30010,Adavale,36150,Quilpie,1,Good,Good,0
30011,Adelaide Park,34530,Livingstone,1,Good,Good,0
30012,Advancetown,33430,Gold Coast,1,Good,Good,0
30013,Aeroglen,32080,Cairns,1,Good,Good,0
30014,Agnes Water,33360,Gladstone,1,Good,Good,0
30015,Airdmillan,31900,Burdekin,1,Good,Good,0
30016,Airlie Beach,37340,Whitsunday,1,Good,Good,0
30017,Airville,31900,Burdekin,1,Good,Good,0
30018,Aitkenvale,37010,Townsville,1,Good,Good,0
30019,Alabama Hill,32310,Charters Towers,1,Good,Good,0
30020,Albany Creek,35010,Moreton Bay,1,Good,Good,0
30021,Alberta,30370,Banana,1,Good,Good,0
30022,Alberton (Qld),33430,Gold Coast,1,Good,Good,0
30023,Albinia,32270,Central Highlands (Qld),1,Good,Good,0
30024,Albion (Brisbane - Qld),31000,Brisbane,1,Good,Good,0
30025,Albion (Richmond - Qld),36300,Richmond,1,Good,Good,0
30026,Alderley,31000,Brisbane,1,Good,Good,0
30027,Aldershot,33220,Fraser Coast,1,Good,Good,0
30028,Aldoga,33360,Gladstone,1,Good,Good,0
30029,Alexandra (Qld),34770,Mackay,1,Good,Good,0
30030,Alexandra Headland,36720,Sunshine Coast,1,Good,Good,0
30031,Alexandra Hills,36250,Redland,1,Good,Good,0
30032,Algester,31000,Brisbane,1,Good,Good,0
30033,Alice Creek,36630,South Burnett,1,Good,Good,0
30034,Alice River,37010,Townsville,1,Good,Good,0
30035,Allan,36660,Southern Downs,1,Good,Good,0
30036,Allandale (Qld),36510,Scenic Rim,1,Good,Good,0
30037,Allenstown,36370,Rockhampton,1,Good,Good,0
30038,Allenview,36510,Scenic Rim,1,Good,Good,0
30039,Alligator Creek (Mackay - Qld),34770,Mackay,1,Good,Good,0
30040,Alligator Creek (Townsville - Qld),37010,Townsville,1,Good,Good,0
30041,Allora,36660,Southern Downs,1,Good,Good,0
30042,Alloway,31820,Bundaberg,1,Good,Good,0
30043,Almaden,34880,Mareeba,1,Good,Good,0
30044,Aloomba,32080,Cairns,1,Good,Good,0
30045,Alpha,30410,Barcaldine,1,Good,Good,0
30046,Alsace,32270,Central Highlands (Qld),1,Good,Good,0
30047,Alton Downs,36370,Rockhampton,1,Good,Good,0
30048,Alva,31900,Burdekin,1,Good,Good,0
30049,Amamoor,33620,Gympie,1,Good,Good,0
30050,Amamoor Creek,33620,Gympie,1,Good,Good,0
30051,Amaroo (Qld),30900,Boulia,0.9994125,Good,Good,0
30051,Amaroo (Qld),32750,Diamantina,0.0005875,Good,Good,1
30052,Amber,34880,Mareeba,1,Good,Good,0
30053,Amberley,33960,Ipswich,1,Good,Good,0
30054,Ambrose,33360,Gladstone,1,Good,Good,0
30055,Amby,34860,Maranoa,1,Good,Good,0
30056,Amiens,36660,Southern Downs,1,Good,Good,0
30057,Amity,36250,Redland,1,Good,Good,0
30058,Anakie Siding,32270,Central Highlands (Qld),1,Good,Good,0
30059,Andergrove,34770,Mackay,1,Good,Good,0
30060,Anderleigh,33620,Gympie,1,Good,Good,0
30061,Andromache,37340,Whitsunday,1,Good,Good,0
30062,Anduramba,36910,Toowoomba,1,Good,Good,0
30063,Annandale (Qld),37010,Townsville,1,Good,Good,0
30064,Annerley,31000,Brisbane,1,Good,Good,0
30065,Anstead,31000,Brisbane,1,Good,Good,0
30066,Anthony,36510,Scenic Rim,1,Good,Good,0
30067,Antigua,33220,Fraser Coast,1,Good,Good,0
30068,Apple Tree Creek,31820,Bundaberg,1,Good,Good,0
30069,Applethorpe,36660,Southern Downs,1,Good,Good,0
30070,Arafura Sea,36950,Torres,1,Good,Good,0
30071,Araluen (Qld),33620,Gympie,1,Good,Good,0
30072,Aramac,30410,Barcaldine,1,Good,Good,0
30073,Aramara,33220,Fraser Coast,1,Good,Good,0
30074,Arana Hills,35010,Moreton Bay,1,Good,Good,0
30075,Aranbanga,35760,North Burnett,1,Good,Good,0
30076,Aratula (Qld),36510,Scenic Rim,1,Good,Good,0
30077,Arbouin,34880,Mareeba,1,Good,Good,0
30078,Arcadia (Qld),37010,Townsville,1,Good,Good,0
30079,Arcadia Valley,32270,Central Highlands (Qld),1,Good,Good,0
30080,Archer River,32500,Cook,1,Good,Good,0
30081,Archerfield,31000,Brisbane,1,Good,Good,0
30082,Arcturus,32270,Central Highlands (Qld),1,Good,Good,0
30083,Argyll,32270,Central Highlands (Qld),1,Good,Good,0
30084,Armstrong Beach,34770,Mackay,1,Good,Good,0
30085,Armstrong Creek (Qld),35010,Moreton Bay,1,Good,Good,0
30086,Aroona,36720,Sunshine Coast,1,Good,Good,0
30087,Arriga,34880,Mareeba,1,Good,Good,0
30088,Arundel,33430,Gold Coast,1,Good,Good,0
30089,Ascot (Brisbane - Qld),31000,Brisbane,1,Good,Good,0
30090,Ascot (Toowoomba - Qld),36910,Toowoomba,1,Good,Good,0
30091,Ashfield (Qld),31820,Bundaberg,1,Good,Good,0
30092,Ashgrove,31000,Brisbane,1,Good,Good,0
30093,Ashmore,33430,Gold Coast,1,Good,Good,0
30094,Ashwell,33960,Ipswich,1,Good,Good,0
30095,Aspley,31000,Brisbane,1,Good,Good,0
30096,Atherton,36820,Tablelands,1,Good,Good,0
30097,Athol,36910,Toowoomba,1,Good,Good,0
30098,Atkinsons Dam,36580,Somerset,1,Good,Good,0
30099,Aubigny,36910,Toowoomba,1,Good,Good,0
30100,Auburn (Qld),37310,Western Downs,1,Good,Good,0
30101,Auchenflower,31000,Brisbane,1,Good,Good,0
30102,Augathella,35600,Murweh,1,Good,Good,0
30103,Augustine Heights,33960,Ipswich,1,Good,Good,0
30104,Aurukun,30250,Aurukun,1,Good,Good,0
30105,Austinville,33430,Gold Coast,1,Good,Good,0
30106,Avenell Heights,31820,Bundaberg,1,Good,Good,0
30107,Avoca (Qld),31820,Bundaberg,1,Good,Good,0
30108,Avoca Vale,36580,Somerset,1,Good,Good,0
30109,Avondale (Qld),31820,Bundaberg,1,Good,Good,0
30110,Ayr,31900,Burdekin,1,Good,Good,0
30111,Babinda (Qld),32080,Cairns,1,Good,Good,0
30112,Back Plains,36910,Toowoomba,1,Good,Good,0
30113,Badu Island,36960,Torres Strait Island,1,Good,Good,0
30114,Baffle Creek,33360,Gladstone,1,Good,Good,0
30115,Baffle West,34860,Maranoa,1,Good,Good,0
30116,Bahrs Scrub,34590,Logan,1,Good,Good,0
30117,Bajool,36370,Rockhampton,1,Good,Good,0
30118,Bakers Bend,35600,Murweh,1,Good,Good,0
30119,Bakers Creek (Qld),34770,Mackay,1,Good,Good,0
30120,Baking Board,37310,Western Downs,1,Good,Good,0
30121,Balberra,34770,Mackay,1,Good,Good,0
30122,Balcomba,32270,Central Highlands (Qld),0.999667,Good,Good,0
30122,Balcomba,37550,Woorabinda,0.000333,Good,Good,1
30123,Bald Hills (Qld),31000,Brisbane,1,Good,Good,0
30124,Bald Knob,36720,Sunshine Coast,1,Good,Good,0
30125,Balgal Beach,37010,Townsville,1,Good,Good,0
30126,Balgowan (Qld),36910,Toowoomba,1,Good,Good,0
30127,Ball Bay,34770,Mackay,1,Good,Good,0
30128,Ballandean,36660,Southern Downs,1,Good,Good,0
30129,Ballard,34580,Lockyer Valley,1,Good,Good,0
30130,Ballaroo,34860,Maranoa,1,Good,Good,0
30131,Ballogie,36630,South Burnett,1,Good,Good,0
30132,Balmoral (Qld),31000,Brisbane,1,Good,Good,0
30133,Balmoral Ridge,36720,Sunshine Coast,1,Good,Good,0
30134,Balnagowan,34770,Mackay,1,Good,Good,0
30135,Bamaga,35780,Northern Peninsula Area,1,Good,Good,0
30136,Bambaroo,33800,Hinchinbrook,1,Good,Good,0
30137,Bamboo,32810,Douglas,1,Good,Good,0
30138,Bamboo Creek,32260,Cassowary Coast,1,Good,Good,0
30139,Ban Ban,35760,North Burnett,1,Good,Good,0
30140,Ban Ban Springs,35760,North Burnett,1,Good,Good,0
30141,Banana,30370,Banana,1,Good,Good,0
30142,Bancroft,35760,North Burnett,1,Good,Good,0
30143,Bangalee (Qld),34530,Livingstone,1,Good,Good,0
30144,Banks Creek,31000,Brisbane,0.0009074,Good,Good,1
30144,Banks Creek,36580,Somerset,0.9990926,Good,Good,0
30145,Banks Pocket,33620,Gympie,1,Good,Good,0
30146,Banksia Beach,35010,Moreton Bay,1,Good,Good,0
30147,Bannockburn (Qld),34590,Logan,1,Good,Good,0
30148,Banyo,31000,Brisbane,1,Good,Good,0
30149,Bapaume,36660,Southern Downs,1,Good,Good,0
30150,Barakula,37310,Western Downs,1,Good,Good,0
30151,Baralaba,30370,Banana,1,Good,Good,0
30152,Barambah,33620,Gympie,1,Good,Good,0
30153,Barcaldine,30410,Barcaldine,1,Good,Good,0
30154,Bardon,31000,Brisbane,1,Good,Good,0
30155,Baree,36370,Rockhampton,1,Good,Good,0
30156,Barellan Point,33960,Ipswich,1,Good,Good,0
30157,Bargara,31820,Bundaberg,1,Good,Good,0
30158,Bargunyah,34860,Maranoa,1,Good,Good,0
30159,Baringa,36720,Sunshine Coast,1,Good,Good,0
30160,Barker Creek Flat,36630,South Burnett,1,Good,Good,0
30161,Barkly (Qld),35300,Mount Isa,1,Good,Good,0
30162,Barlil,36630,South Burnett,1,Good,Good,0
30163,Barlows Hill,34530,Livingstone,1,Good,Good,0
30164,Barlyne,35760,North Burnett,1,Good,Good,0
30165,Barmaryee,34530,Livingstone,1,Good,Good,0
30166,Barmoya,34530,Livingstone,1,Good,Good,0
30167,Barnard,32270,Central Highlands (Qld),1,Good,Good,0
30168,Barney Point,33360,Gladstone,1,Good,Good,0
30169,Barney View,36510,Scenic Rim,1,Good,Good,0
30170,Baroondah,30370,Banana,1,Good,Good,0
30171,Barramornie,37310,Western Downs,1,Good,Good,0
30172,Barratta (Qld),31900,Burdekin,1,Good,Good,0
30173,Barrine,36820,Tablelands,1,Good,Good,0
30174,Barringha,37010,Townsville,1,Good,Good,0
30175,Barringun,35800,Paroo,1,Good,Good,0
30176,Barron,32080,Cairns,1,Good,Good,0
30177,Barron Gorge,32080,Cairns,1,Good,Good,0
30178,Bartle Frere,32080,Cairns,1,Good,Good,0
30179,Barwidgi,34880,Mareeba,1,Good,Good,0
30180,Basalt (Qld),32310,Charters Towers,1,Good,Good,0
30181,Basilisk,32260,Cassowary Coast,1,Good,Good,0
30182,Basin Pocket,33960,Ipswich,1,Good,Good,0
30183,Battery Hill,36720,Sunshine Coast,1,Good,Good,0
30184,Bauhinia,32270,Central Highlands (Qld),0.9996777,Good,Good,0
30184,Bauhinia,37550,Woorabinda,0.0003223,Good,Good,1
30185,Bauple,33220,Fraser Coast,1,Good,Good,0
30186,Bauple Forest,33220,Fraser Coast,1,Good,Good,0
30187,Bayrick,30760,Blackall Tambo,1,Good,Good,0
30188,Bayview Heights,32080,Cairns,1,Good,Good,0
30189,Beach Holm,37010,Townsville,1,Good,Good,0
30190,Beachmere,35010,Moreton Bay,1,Good,Good,0
30191,Beaconsfield (Qld),34770,Mackay,1,Good,Good,0
30192,Beatrice,36820,Tablelands,1,Good,Good,0
30193,Beaudesert,36510,Scenic Rim,1,Good,Good,0
30194,Beaver Rock,33220,Fraser Coast,1,Good,Good,0
30195,Bedourie,32750,Diamantina,1,Good,Good,0
30196,Beebo,33610,Goondiwindi,1,Good,Good,0
30197,Beecher,33360,Gladstone,1,Good,Good,0
30198,Beechmont,36510,Scenic Rim,1,Good,Good,0
30199,Beelbee,37310,Western Downs,1,Good,Good,0
30200,Beelbi Creek,33220,Fraser Coast,1,Good,Good,0
30201,Beenaam Valley,33620,Gympie,1,Good,Good,0
30202,Beenleigh,34590,Logan,1,Good,Good,0
30203,Beerburrum,36720,Sunshine Coast,1,Good,Good,0
30204,Beeron,35760,North Burnett,1,Good,Good,0
30205,Beerwah,36720,Sunshine Coast,1,Good,Good,0
30206,Begonia,34860,Maranoa,1,Good,Good,0
30207,Beilba,34860,Maranoa,1,Good,Good,0
30208,Belcong,32270,Central Highlands (Qld),1,Good,Good,0
30209,Belgian Gardens,37010,Townsville,1,Good,Good,0
30210,Belivah,34590,Logan,1,Good,Good,0
30211,Bell (Qld),37310,Western Downs,1,Good,Good,0
30212,Bella Creek,33620,Gympie,1,Good,Good,0
30213,Bellara,35010,Moreton Bay,1,Good,Good,0
30214,Bellbird Park,33960,Ipswich,1,Good,Good,0
30215,Bellbowrie,31000,Brisbane,1,Good,Good,0
30216,Bellenden Ker,32080,Cairns,1,Good,Good,0
30217,Bellevue (Qld),34880,Mareeba,1,Good,Good,0
30218,Bellfield (Qld),32600,Croydon,1,Good,Good,0
30219,Belli Park,36720,Sunshine Coast,1,Good,Good,0
30220,Bellmere,35010,Moreton Bay,1,Good,Good,0
30221,Bells Bridge,33620,Gympie,1,Good,Good,0
30222,Bells Creek,36720,Sunshine Coast,1,Good,Good,0
30223,Bellthorpe,35010,Moreton Bay,1,Good,Good,0
30224,Belmont (Qld),31000,Brisbane,1,Good,Good,0
30225,Belmunda,34770,Mackay,1,Good,Good,0
30226,Belvedere,32260,Cassowary Coast,1,Good,Good,0
30227,Belyando,33980,Isaac,1,Good,Good,0
30228,Bemerside,33800,Hinchinbrook,1,Good,Good,0
30229,Benair,36630,South Burnett,1,Good,Good,0
30230,Benaraby,33360,Gladstone,1,Good,Good,0
30231,Benarkin,36630,South Burnett,1,Good,Good,0
30232,Benarkin North,36630,South Burnett,1,Good,Good,0
30233,Benholme,34770,Mackay,1,Good,Good,0
30234,Benobble,36510,Scenic Rim,1,Good,Good,0
30235,Benowa,33430,Gold Coast,1,Good,Good,0
30236,Bentley Park,32080,Cairns,1,Good,Good,0
30237,Berajondo,33360,Gladstone,1,Good,Good,0
30238,Berat,36660,Southern Downs,1,Good,Good,0
30239,Bergen,36910,Toowoomba,1,Good,Good,0
30240,Berrinba,34590,Logan,1,Good,Good,0
30241,Berserker,36370,Rockhampton,1,Good,Good,0
30242,Bethania,34590,Logan,1,Good,Good,0
30243,Biarra,36580,Somerset,1,Good,Good,0
30244,Biboohra,34880,Mareeba,1,Good,Good,0
30245,Biddaddaba,36510,Scenic Rim,1,Good,Good,0
30246,Biddeston,36910,Toowoomba,1,Good,Good,0
30247,Bidwill (Qld),33220,Fraser Coast,1,Good,Good,0
30248,Biggenden,35760,North Burnett,1,Good,Good,0
30249,Biggera Waters,33430,Gold Coast,1,Good,Good,0
30250,Bilinga,33430,Gold Coast,1,Good,Good,0
30251,Billa Billa,33610,Goondiwindi,1,Good,Good,0
30252,Biloela,30370,Banana,1,Good,Good,0
30253,Bilyana,32260,Cassowary Coast,1,Good,Good,0
30254,Bindebango,34860,Maranoa,1,Good,Good,0
30255,Bingegang,32270,Central Highlands (Qld),1,Good,Good,0
30256,Bingil Bay,32260,Cassowary Coast,1,Good,Good,0
30257,Binjour,35760,North Burnett,1,Good,Good,0
30258,Binna Burra (Qld),36510,Scenic Rim,1,Good,Good,0
30259,Birdsville,32750,Diamantina,1,Good,Good,0
30260,Birkalla,32260,Cassowary Coast,1,Good,Good,0
30261,Birkdale,36250,Redland,1,Good,Good,0
30262,Birnam (Scenic Rim - Qld),36510,Scenic Rim,1,Good,Good,0
30263,Birnam (Toowoomba - Qld),36910,Toowoomba,1,Good,Good,0
30264,Birtinya,36720,Sunshine Coast,1,Good,Good,0
30265,Black Duck Creek,34580,Lockyer Valley,1,Good,Good,0
30266,Black Jack,32310,Charters Towers,1,Good,Good,0
30267,Black Mountain (Qld),35740,Noosa,1,Good,Good,0
30268,Black River (Qld),37010,Townsville,1,Good,Good,0
30269,Black Snake,33620,Gympie,1,Good,Good,0
30270,Blackall,30760,Blackall Tambo,1,Good,Good,0
30271,Blackbull,32600,Croydon,1,Good,Good,0
30272,Blackbutt (Qld),36630,South Burnett,1,Good,Good,0
30273,Blackbutt North,36630,South Burnett,1,Good,Good,0
30274,Blackbutt South,36630,South Burnett,1,Good,Good,0
30275,Blackdown,32270,Central Highlands (Qld),1,Good,Good,0
30276,Blackrock,33800,Hinchinbrook,1,Good,Good,0
30277,Blacks Beach,34770,Mackay,1,Good,Good,0
30278,Blacksoil,33960,Ipswich,1,Good,Good,0
30279,Blackstone,33960,Ipswich,1,Good,Good,0
30280,Blackswamp,37310,Western Downs,1,Good,Good,0
30281,Blackwater,32270,Central Highlands (Qld),1,Good,Good,0
30282,Blairmore,35760,North Burnett,1,Good,Good,0
30283,Blanchview,34580,Lockyer Valley,1,Good,Good,0
30284,Blantyre,36510,Scenic Rim,1,Good,Good,0
30285,Blaxland (Qld),37310,Western Downs,1,Good,Good,0
30286,Blenheim,34580,Lockyer Valley,1,Good,Good,0
30287,Bli Bli,36720,Sunshine Coast,1,Good,Good,0
30288,Bloomfield,32500,Cook,0.9222055,Good,Good,0
30288,Bloomfield,32810,Douglas,0.0777945,Good,Good,0
30289,Bloomsbury,34770,Mackay,1,Good,Good,0
30290,Blue Mountain,33980,Isaac,1,Good,Good,0
30291,Blue Mountain Heights,36910,Toowoomba,1,Good,Good,0
30292,Bluewater,37010,Townsville,1,Good,Good,0
30293,Bluewater Park,37010,Townsville,1,Good,Good,0
30294,Bluff,32270,Central Highlands (Qld),1,Good,Good,0
30295,Blythdale,34860,Maranoa,1,Good,Good,0
30296,Boatman,35600,Murweh,1,Good,Good,0
30297,Bogandilla,37310,Western Downs,1,Good,Good,0
30298,Bogie,37340,Whitsunday,1,Good,Good,0
30299,Bohle,37010,Townsville,1,Good,Good,0
30300,Bohle Plains,37010,Townsville,1,Good,Good,0
30301,Boigu Island,36960,Torres Strait Island,1,Good,Good,0
30302,Bokarina,36720,Sunshine Coast,1,Good,Good,0
30303,Bollier,33620,Gympie,1,Good,Good,0
30304,Bollon,30300,Balonne,1,Good,Good,0
30305,Bolwarra (Qld),34880,Mareeba,1,Good,Good,0
30306,Bombeeta,32260,Cassowary Coast,1,Good,Good,0
30307,Bon Accord,35760,North Burnett,1,Good,Good,0
30308,Bondoola,34530,Livingstone,1,Good,Good,0
30309,Bongaree,35010,Moreton Bay,1,Good,Good,0
30310,Bongeen,36910,Toowoomba,1,Good,Good,0
30311,Bonnie Doon (Qld),32810,Douglas,1,Good,Good,0
30312,Bonogin,33430,Gold Coast,1,Good,Good,0
30313,Bonshaw (Qld),33610,Goondiwindi,1,Good,Good,0
30314,Bony Mountain,36660,Southern Downs,1,Good,Good,0
30315,Boodua,36910,Toowoomba,1,Good,Good,0
30316,Boogan,32260,Cassowary Coast,1,Good,Good,0
30317,Booie,36630,South Burnett,1,Good,Good,0
30318,Boolboonda,31820,Bundaberg,1,Good,Good,0
30319,Boolburra,32270,Central Highlands (Qld),1,Good,Good,0
30320,Boompa,33220,Fraser Coast,1,Good,Good,0
30321,Boonah (Qld),36510,Scenic Rim,1,Good,Good,0
30322,Boonara,33620,Gympie,1,Good,Good,0
30323,Boonarga,37310,Western Downs,1,Good,Good,0
30324,Boondall,31000,Brisbane,1,Good,Good,0
30325,Boondandilla,33610,Goondiwindi,1,Good,Good,0
30326,Boondooma,36630,South Burnett,1,Good,Good,0
30327,Boonooroo,33220,Fraser Coast,1,Good,Good,0
30328,Boonooroo Plains,33220,Fraser Coast,1,Good,Good,0
30329,Booral (Qld),33220,Fraser Coast,1,Good,Good,0
30330,Booroobin,35010,Moreton Bay,0.4923869,Good,Good,0
30330,Booroobin,36720,Sunshine Coast,0.5076131,Good,Good,0
30331,Booubyjan,33620,Gympie,1,Good,Good,0
30332,Booval,33960,Ipswich,1,Good,Good,0
30333,Booyal,31820,Bundaberg,1,Good,Good,0
30334,Borallon,36580,Somerset,1,Good,Good,0
30335,Boreen Point,35740,Noosa,1,Good,Good,0
30336,Boronia Heights,34590,Logan,1,Good,Good,0
30337,Bororen,33360,Gladstone,1,Good,Good,0
30338,Boulder Creek,36370,Rockhampton,1,Good,Good,0
30339,Bouldercombe,36370,Rockhampton,1,Good,Good,0
30340,Boulia,30900,Boulia,1,Good,Good,0
30341,Bountiful Islands,35250,Mornington,1,Good,Good,0
30342,Bowen,37340,Whitsunday,1,Good,Good,0
30343,Bowen Hills,31000,Brisbane,1,Good,Good,0
30344,Bowenville,36910,Toowoomba,1,Good,Good,0
30345,Boyland,36510,Scenic Rim,1,Good,Good,0
30346,Boyne Island,33360,Gladstone,1,Good,Good,0
30347,Boyne Valley,33360,Gladstone,1,Good,Good,0
30348,Boynedale,33360,Gladstone,1,Good,Good,0
30349,Boyneside,36630,South Burnett,1,Good,Good,0
30350,Boynewood,35760,North Burnett,1,Good,Good,0
30351,Bracalba,35010,Moreton Bay,1,Good,Good,0
30352,Bracewell,33360,Gladstone,1,Good,Good,0
30353,Bracken Ridge,31000,Brisbane,1,Good,Good,0
30354,Braemeadows,33800,Hinchinbrook,1,Good,Good,0
30355,Braemore,36580,Somerset,1,Good,Good,0
30356,Bramston Beach,32080,Cairns,1,Good,Good,0
30357,Branch Creek,35760,North Burnett,1,Good,Good,0
30358,Branchview,36910,Toowoomba,1,Good,Good,0
30359,Brandon,31900,Burdekin,1,Good,Good,0
30360,Brandy Creek (Qld),37340,Whitsunday,1,Good,Good,0
30361,Branyan,31820,Bundaberg,1,Good,Good,0
30362,Brassall,33960,Ipswich,1,Good,Good,0
30363,Bray Park (Qld),35010,Moreton Bay,1,Good,Good,0
30364,Breadalbane (Qld),37340,Whitsunday,1,Good,Good,0
30365,Breakaway,35300,Mount Isa,1,Good,Good,0
30366,Breddan,32310,Charters Towers,1,Good,Good,0
30367,Brendale,35010,Moreton Bay,1,Good,Good,0
30368,Bribie Island North,36720,Sunshine Coast,1,Good,Good,0
30369,Bridgeman Downs,31000,Brisbane,1,Good,Good,0
30370,Bridges,36720,Sunshine Coast,1,Good,Good,0
30371,Brigalow,37310,Western Downs,1,Good,Good,0
30372,Brightly,34770,Mackay,1,Good,Good,0
30373,Brighton (Qld),31000,Brisbane,1,Good,Good,0
30374,Brightview,34580,Lockyer Valley,0.8549484,Good,Good,0
30374,Brightview,36580,Somerset,0.1450516,Good,Good,0
30375,Brigooda,36630,South Burnett,1,Good,Good,0
30376,Bringalily,36910,Toowoomba,1,Good,Good,0
30377,Brinsmead,32080,Cairns,1,Good,Good,0
30378,Brisbane Airport,31000,Brisbane,1,Good,Good,0
30379,Brisbane City,31000,Brisbane,1,Good,Good,0
30380,Broadbeach,33430,Gold Coast,1,Good,Good,0
30381,Broadbeach Waters,33430,Gold Coast,1,Good,Good,0
30382,Broadmere,30370,Banana,1,Good,Good,0
30383,Broadwater (Qld),36660,Southern Downs,1,Good,Good,0
30384,Broken River,34770,Mackay,1,Good,Good,0
30385,Bromelton,36510,Scenic Rim,1,Good,Good,0
30386,Brookfield (Qld),31000,Brisbane,1,Good,Good,0
30387,Brookhill,37010,Townsville,1,Good,Good,0
30388,Brooklands,36630,South Burnett,1,Good,Good,0
30389,Brookstead,36910,Toowoomba,1,Good,Good,0
30390,Brookwater,33960,Ipswich,1,Good,Good,0
30391,Brooloo,33620,Gympie,1,Good,Good,0
30392,Brooweena,33220,Fraser Coast,1,Good,Good,0
30393,Broughton (Qld),32310,Charters Towers,1,Good,Good,0
30394,Brovinia,35760,North Burnett,1,Good,Good,0
30395,Browns Plains (Qld),34590,Logan,1,Good,Good,0
30396,Broxburn,36910,Toowoomba,1,Good,Good,0
30397,Brush Creek,33610,Goondiwindi,1,Good,Good,0
30398,Bryden,36580,Somerset,1,Good,Good,0
30399,Brymaroo,36910,Toowoomba,1,Good,Good,0
30400,Buaraba,36580,Somerset,1,Good,Good,0
30401,Buaraba South,34580,Lockyer Valley,1,Good,Good,0
30402,Bucasia,34770,Mackay,1,Good,Good,0
30403,Bucca (Qld),31820,Bundaberg,1,Good,Good,0
30404,Buccan,34590,Logan,1,Good,Good,0
30405,Buckingham (Qld),30900,Boulia,1,Good,Good,0
30406,Buckland (Qld),32270,Central Highlands (Qld),1,Good,Good,0
30407,Buddina,36720,Sunshine Coast,1,Good,Good,0
30408,Buderim,36720,Sunshine Coast,1,Good,Good,0
30409,Budgee,36910,Toowoomba,1,Good,Good,0
30410,Bukali,35760,North Burnett,1,Good,Good,0
30411,Bulgun,32260,Cassowary Coast,1,Good,Good,0
30412,Bulimba,31000,Brisbane,1,Good,Good,0
30413,Bullcamp,36630,South Burnett,1,Good,Good,0
30414,Bulleringa,34880,Mareeba,1,Good,Good,0
30415,Bulli Creek,36910,Toowoomba,1,Good,Good,0
30416,Bulloo Downs,31750,Bulloo,1,Good,Good,0
30417,Bullyard,31820,Bundaberg,1,Good,Good,0
30418,Bulwer,31000,Brisbane,1,Good,Good,0
30419,Bunburra,36510,Scenic Rim,1,Good,Good,0
30420,Bundaberg Central,31820,Bundaberg,1,Good,Good,0
30421,Bundaberg East,31820,Bundaberg,1,Good,Good,0
30422,Bundaberg North,31820,Bundaberg,1,Good,Good,0
30423,Bundaberg South,31820,Bundaberg,1,Good,Good,0
30424,Bundaberg West,31820,Bundaberg,1,Good,Good,0
30425,Bundall,33430,Gold Coast,1,Good,Good,0
30426,Bundamba,33960,Ipswich,1,Good,Good,0
30427,Bundi,37310,Western Downs,1,Good,Good,0
30428,Bundoora (Qld),32270,Central Highlands (Qld),1,Good,Good,0
30429,Bungaban,37310,Western Downs,1,Good,Good,0
30430,Bungadoo,31820,Bundaberg,1,Good,Good,0
30431,Bungalow,32080,Cairns,1,Good,Good,0
30432,Bungeworgorai,34860,Maranoa,1,Good,Good,0
30433,Bungil (Qld),34860,Maranoa,1,Good,Good,0
30434,Bungundarra,34530,Livingstone,1,Good,Good,0
30435,Bungunya,33610,Goondiwindi,1,Good,Good,0
30436,Bunjurgen,36510,Scenic Rim,1,Good,Good,0
30437,Bunya,35010,Moreton Bay,1,Good,Good,0
30438,Bunya Creek,33220,Fraser Coast,1,Good,Good,0
30439,Bunya Mountains,36630,South Burnett,0.2104106,Good,Good,0
30439,Bunya Mountains,37310,Western Downs,0.7895894,Good,Good,0
30440,Burbank,31000,Brisbane,1,Good,Good,0
30441,Burdell,37010,Townsville,1,Good,Good,0
30442,Burgowan,33220,Fraser Coast,1,Good,Good,0
30443,Burketown,31950,Burke,1,Good,Good,0
30444,Burleigh,36300,Richmond,1,Good,Good,0
30445,Burleigh Heads,33430,Gold Coast,1,Good,Good,0
30446,Burleigh Waters,33430,Gold Coast,1,Good,Good,0
30447,Burncluith,37310,Western Downs,1,Good,Good,0
30448,Burnett Creek,36510,Scenic Rim,1,Good,Good,0
30449,Burnett Heads,31820,Bundaberg,1,Good,Good,0
30450,Burnside (Qld),36720,Sunshine Coast,1,Good,Good,0
30451,Burpengary,35010,Moreton Bay,1,Good,Good,0
30452,Burpengary East,35010,Moreton Bay,1,Good,Good,0
30453,Burra Burri,37310,Western Downs,1,Good,Good,0
30454,Burrar Islet,36960,Torres Strait Island,1,Good,Good,0
30455,Burrum Heads,33220,Fraser Coast,1,Good,Good,0
30456,Burrum River,33220,Fraser Coast,1,Good,Good,0
30457,Burrum Town,33220,Fraser Coast,1,Good,Good,0
30458,Burton (Qld),33980,Isaac,1,Good,Good,0
30459,Burua,33360,Gladstone,1,Good,Good,0
30460,Bushland Beach,37010,Townsville,1,Good,Good,0
30461,Bushley,36370,Rockhampton,1,Good,Good,0
30462,Butchers Creek,36820,Tablelands,1,Good,Good,0
30463,Buxton (Qld),31820,Bundaberg,1,Good,Good,0
30464,Bybera,33610,Goondiwindi,1,Good,Good,0
30465,Byee,36630,South Burnett,1,Good,Good,0
30466,Byellee,33360,Gladstone,1,Good,Good,0
30467,Byfield,34530,Livingstone,1,Good,Good,0
30468,Bymount,34860,Maranoa,1,Good,Good,0
30469,Byrnestown,35760,North Burnett,1,Good,Good,0
30470,Cabarlah,36910,Toowoomba,1,Good,Good,0
30471,Caboolture,35010,Moreton Bay,1,Good,Good,0
30472,Caboolture South,35010,Moreton Bay,1,Good,Good,0
30473,Caboonbah,36580,Somerset,1,Good,Good,0
30474,Cadarga,37310,Western Downs,1,Good,Good,0
30475,Caffey,34580,Lockyer Valley,1,Good,Good,0
30476,Cainbable,36510,Scenic Rim,1,Good,Good,0
30477,Cairdbeign,32270,Central Highlands (Qld),1,Good,Good,0
30478,Cairns City,32080,Cairns,1,Good,Good,0
30479,Cairns North,32080,Cairns,1,Good,Good,0
30480,Calamvale,31000,Brisbane,1,Good,Good,0
30481,Calavos,31820,Bundaberg,1,Good,Good,0
30482,Calcium,37010,Townsville,1,Good,Good,0
30483,Caldervale,30760,Blackall Tambo,1,Good,Good,0
30484,Calen,34770,Mackay,1,Good,Good,0
30485,Calgoa,33220,Fraser Coast,1,Good,Good,0
30486,Calico Creek,33620,Gympie,1,Good,Good,0
30487,Calingunee,33610,Goondiwindi,1,Good,Good,0
30488,Callandoon,33610,Goondiwindi,1,Good,Good,0
30489,Callemondah,33360,Gladstone,1,Good,Good,0
30490,Callide,30370,Banana,1,Good,Good,0
30491,Calliope (Qld),33360,Gladstone,1,Good,Good,0
30492,Caloundra,36720,Sunshine Coast,1,Good,Good,0
30493,Caloundra West,36720,Sunshine Coast,1,Good,Good,0
30494,Calvert (Qld),33960,Ipswich,1,Good,Good,0
30495,Camboon (Qld),30370,Banana,1,Good,Good,0
30496,Cambooya,36910,Toowoomba,1,Good,Good,0
30497,Cambridge (Qld),36300,Richmond,1,Good,Good,0
30498,Cambroon,36720,Sunshine Coast,1,Good,Good,0
30499,Cameby,37310,Western Downs,1,Good,Good,0
30500,Cameron Corner,31750,Bulloo,1,Good,Good,0
30501,Camira (Qld),33960,Ipswich,1,Good,Good,0
30502,Camooweal,35300,Mount Isa,1,Good,Good,0
30503,Camp Creek (Qld),32260,Cassowary Coast,1,Good,Good,0
30504,Camp Hill,31000,Brisbane,1,Good,Good,0
30505,Camp Mountain,35010,Moreton Bay,1,Good,Good,0
30506,Campaspe,32310,Charters Towers,1,Good,Good,0
30507,Campbell Creek,35760,North Burnett,1,Good,Good,0
30508,Campbells Pocket,35010,Moreton Bay,1,Good,Good,0
30509,Campwin Beach,34770,Mackay,1,Good,Good,0
30510,Canaga,37310,Western Downs,1,Good,Good,0
30511,Canal Creek,34530,Livingstone,1,Good,Good,0
30512,Cania,35760,North Burnett,1,Good,Good,0
30513,Canina,33620,Gympie,1,Good,Good,0
30514,Cannindah,35760,North Burnett,1,Good,Good,0
30515,Canning Creek,33610,Goondiwindi,0.7891693,Good,Good,0
30515,Canning Creek,36910,Toowoomba,0.2108307,Good,Good,0
30516,Canningvale,36660,Southern Downs,1,Good,Good,0
30517,Cannon Creek (Scenic Rim - Qld),36510,Scenic Rim,1,Good,Good,0
30518,Cannon Creek (Southern Downs - Qld),36660,Southern Downs,1,Good,Good,0
30519,Cannon Hill,31000,Brisbane,1,Good,Good,0
30520,Cannon Valley,37340,Whitsunday,1,Good,Good,0
30521,Cannonvale,37340,Whitsunday,1,Good,Good,0
30522,Canoona,34530,Livingstone,1,Good,Good,0
30523,Canungra,36510,Scenic Rim,1,Good,Good,0
30524,Capalaba,36250,Redland,1,Good,Good,0
30525,Cape Cleveland,37010,Townsville,1,Good,Good,0
30526,Cape Conway,37340,Whitsunday,1,Good,Good,0
30527,Cape Gloucester,37340,Whitsunday,1,Good,Good,0
30528,Cape Hillsborough,34770,Mackay,1,Good,Good,0
30529,Cape Tribulation,32810,Douglas,1,Good,Good,0
30530,Capella,32270,Central Highlands (Qld),1,Good,Good,0
30531,Captain Creek,33360,Gladstone,1,Good,Good,0
30532,Captains Mountain,36910,Toowoomba,1,Good,Good,0
30533,Caravonica,32080,Cairns,1,Good,Good,0
30534,Carbine Creek,32270,Central Highlands (Qld),1,Good,Good,0
30535,Carbrook,34590,Logan,1,Good,Good,0
30536,Cardstone,32260,Cassowary Coast,1,Good,Good,0
30537,Cardwell,32260,Cassowary Coast,1,Good,Good,0
30538,Carina (Qld),31000,Brisbane,1,Good,Good,0
30539,Carina Heights,31000,Brisbane,1,Good,Good,0
30540,Carindale,31000,Brisbane,1,Good,Good,0
30541,Carmila,33980,Isaac,1,Good,Good,0
30542,Carmoo,32260,Cassowary Coast,1,Good,Good,0
30543,Carnarvon Park,32270,Central Highlands (Qld),1,Good,Good,0
30544,Carneys Creek,36510,Scenic Rim,1,Good,Good,0
30545,Carole Park,33960,Ipswich,1,Good,Good,0
30546,Caroline Crossing,35600,Murweh,1,Good,Good,0
30547,Carpendale,34580,Lockyer Valley,1,Good,Good,0
30548,Carpentaria,32250,Carpentaria,1,Good,Good,0
30549,Carrandotta,30900,Boulia,1,Good,Good,0
30550,Carrara,33430,Gold Coast,1,Good,Good,0
30551,Carrington (Qld),36820,Tablelands,1,Good,Good,0
30552,Carruchan,32260,Cassowary Coast,1,Good,Good,0
30553,Carseldine,31000,Brisbane,1,Good,Good,0
30554,Carstairs,31900,Burdekin,1,Good,Good,0
30555,Carters Ridge,33620,Gympie,1,Good,Good,0
30556,Cashmere,35010,Moreton Bay,1,Good,Good,0
30557,Cassowary,32810,Douglas,1,Good,Good,0
30558,Castaways Beach,35740,Noosa,1,Good,Good,0
30559,Castle Creek (Qld),30370,Banana,1,Good,Good,0
30560,Castle Hill (Qld),37010,Townsville,1,Good,Good,0
30561,Cattle Creek (North Burnett - Qld),35760,North Burnett,1,Good,Good,0
30562,Cattle Creek (Toowoomba - Qld),36910,Toowoomba,1,Good,Good,0
30563,Causeway Lake,34530,Livingstone,1,Good,Good,0
30564,Cawarral,34530,Livingstone,1,Good,Good,0
30565,Cawdor (Qld),36910,Toowoomba,1,Good,Good,0
30566,Cecil Plains,36910,Toowoomba,1,Good,Good,0
30567,Cedar Creek (Logan - Qld),33430,Gold Coast,0.5377157,Good,Good,0
30567,Cedar Creek (Logan - Qld),34590,Logan,0.4622843,Good,Good,0
30568,Cedar Creek (Moreton Bay - Qld),35010,Moreton Bay,1,Good,Good,0
30569,Cedar Grove,34590,Logan,1,Good,Good,0
30570,Cedar Pocket,33620,Gympie,1,Good,Good,0
30571,Cedar Vale,34590,Logan,1,Good,Good,0
30572,Cedarton,35010,Moreton Bay,1,Good,Good,0
30573,Cement Mills,33610,Goondiwindi,1,Good,Good,0
30574,Centenary Heights,36910,Toowoomba,1,Good,Good,0
30575,Ceratodus,35760,North Burnett,1,Good,Good,0
30576,Chahpingah,36630,South Burnett,1,Good,Good,0
30577,Chambers Flat,34590,Logan,1,Good,Good,0
30578,Chances Plain,37310,Western Downs,1,Good,Good,0
30579,Chandler (Qld),31000,Brisbane,1,Good,Good,0
30580,Chapel Hill (Qld),31000,Brisbane,1,Good,Good,0
30581,Charlestown (Qld),36630,South Burnett,1,Good,Good,0
30582,Charleville,35600,Murweh,1,Good,Good,0
30583,Charlton (Qld),36910,Toowoomba,1,Good,Good,0
30584,Charlwood,36510,Scenic Rim,1,Good,Good,0
30585,Charters Towers City,32310,Charters Towers,1,Good,Good,0
30586,Chatsworth (Qld),33620,Gympie,1,Good,Good,0
30587,Cheeseborough,32270,Central Highlands (Qld),1,Good,Good,0
30588,Chelmer,31000,Brisbane,1,Good,Good,0
30589,Chelmsford,36630,South Burnett,1,Good,Good,0
30590,Chelona,34770,Mackay,1,Good,Good,0
30591,Cheltenham (Qld),35760,North Burnett,1,Good,Good,0
30592,Cherbourg,32330,Cherbourg,1,Good,Good,0
30593,Chermside,31000,Brisbane,1,Good,Good,0
30594,Chermside West,31000,Brisbane,1,Good,Good,0
30595,Cherry Creek,36910,Toowoomba,1,Good,Good,0
30596,Cherry Gully,36660,Southern Downs,1,Good,Good,0
30597,Cherwell,33220,Fraser Coast,1,Good,Good,0
30598,Chevallum,36720,Sunshine Coast,1,Good,Good,0
30599,Chewko,34880,Mareeba,1,Good,Good,0
30600,Childers (Qld),31820,Bundaberg,1,Good,Good,0
30601,Chillagoe,34880,Mareeba,1,Good,Good,0
30602,Chinchilla,37310,Western Downs,1,Good,Good,0
30603,Chinghee Creek,36510,Scenic Rim,1,Good,Good,0
30604,Chirnside,32270,Central Highlands (Qld),1,Good,Good,0
30605,Christmas Creek,36510,Scenic Rim,1,Good,Good,0
30606,Churchable,34580,Lockyer Valley,1,Good,Good,0
30607,Churchill (Qld),33960,Ipswich,1,Good,Good,0
30608,Chuwar,31000,Brisbane,0.0426257,Good,Good,0
30608,Chuwar,33960,Ipswich,0.9573743,Good,Good,0
30609,Cinnabar,33620,Gympie,1,Good,Good,0
30610,Clagiraba,33430,Gold Coast,1,Good,Good,0
30611,Clairview,33980,Isaac,1,Good,Good,0
30612,Clara Creek,35600,Murweh,1,Good,Good,0
30613,Claraville,32600,Croydon,1,Good,Good,0
30614,Clare (Qld),31900,Burdekin,1,Good,Good,0
30615,Clarendon (Qld),36580,Somerset,1,Good,Good,0
30616,Clarke Creek,33980,Isaac,1,Good,Good,0
30617,Clayfield,31000,Brisbane,1,Good,Good,0
30618,Clear Island Waters,33430,Gold Coast,1,Good,Good,0
30619,Clear Mountain,35010,Moreton Bay,1,Good,Good,0
30620,Clemant,37010,Townsville,1,Good,Good,0
30621,Clermont,33980,Isaac,1,Good,Good,0
30622,Cleveland (Qld),36250,Redland,1,Good,Good,0
30623,Clifford,37310,Western Downs,1,Good,Good,0
30624,Clifton (Qld),36910,Toowoomba,1,Good,Good,0
30625,Clifton Beach (Qld),32080,Cairns,1,Good,Good,0
30626,Clinton (Qld),33360,Gladstone,1,Good,Good,0
30627,Clintonvale,36660,Southern Downs,1,Good,Good,0
30628,Cloncurry,32450,Cloncurry,1,Good,Good,0
30629,Clontarf (Moreton Bay - Qld),35010,Moreton Bay,1,Good,Good,0
30630,Clontarf (Toowoomba - Qld),36910,Toowoomba,1,Good,Good,0
30631,Closeburn,35010,Moreton Bay,1,Good,Good,0
30632,Cloyna,36630,South Burnett,1,Good,Good,0
30633,Cluden,37010,Townsville,1,Good,Good,0
30634,Clumber,36510,Scenic Rim,1,Good,Good,0
30635,Coal Creek,36580,Somerset,1,Good,Good,0
30636,Coalbank,36910,Toowoomba,1,Good,Good,0
30637,Coalfalls,33960,Ipswich,1,Good,Good,0
30638,Coalstoun Lakes,35760,North Burnett,1,Good,Good,0
30639,Cobbs Hill,36630,South Burnett,1,Good,Good,0
30640,Cobraball,34530,Livingstone,1,Good,Good,0
30641,Cockatoo (Qld),30370,Banana,1,Good,Good,0
30642,Coconuts,32260,Cassowary Coast,1,Good,Good,0
30643,Coen,32500,Cook,1,Good,Good,0
30644,Coes Creek,36720,Sunshine Coast,1,Good,Good,0
30645,Coles Creek,33620,Gympie,1,Good,Good,0
30646,Colevale,31900,Burdekin,1,Good,Good,0
30647,Coleyville,36510,Scenic Rim,1,Good,Good,0
30648,Colinton (Qld),36580,Somerset,1,Good,Good,0
30649,Collaroy (Qld),33980,Isaac,1,Good,Good,0
30650,College View,34580,Lockyer Valley,1,Good,Good,0
30651,Collingwood Park (Qld),33960,Ipswich,1,Good,Good,0
30652,Collinsville (Qld),37340,Whitsunday,1,Good,Good,0
30653,Colosseum,33360,Gladstone,1,Good,Good,0
30654,Columbia,32310,Charters Towers,1,Good,Good,0
30655,Columboola,37310,Western Downs,1,Good,Good,0
30656,Comet,32270,Central Highlands (Qld),1,Good,Good,0
30657,Commissioners Flat,35010,Moreton Bay,1,Good,Good,0
30658,Como (Qld),35740,Noosa,1,Good,Good,0
30659,Comoon Loop,32260,Cassowary Coast,1,Good,Good,0
30660,Cona Creek,32270,Central Highlands (Qld),1,Good,Good,0
30661,Condamine,37310,Western Downs,1,Good,Good,0
30662,Condamine Farms,36910,Toowoomba,1,Good,Good,0
30663,Condamine Plains,36910,Toowoomba,1,Good,Good,0
30664,Condon,37010,Townsville,1,Good,Good,0
30665,Conjuboy,33100,Etheridge,1,Good,Good,0
30666,Conondale,36720,Sunshine Coast,1,Good,Good,0
30667,Consuelo,32270,Central Highlands (Qld),1,Good,Good,0
30668,Conway,37340,Whitsunday,1,Good,Good,0
30669,Conway Beach,37340,Whitsunday,1,Good,Good,0
30670,Coochiemudlo Island,36250,Redland,1,Good,Good,0
30671,Coochin,36510,Scenic Rim,1,Good,Good,0
30672,Coochin Creek,36720,Sunshine Coast,1,Good,Good,0
30673,Cooee Bay,34530,Livingstone,1,Good,Good,0
30674,Cooeeimbardi,36580,Somerset,1,Good,Good,0
30675,Cooktown,32500,Cook,1,Good,Good,0
30676,Coolabine,36720,Sunshine Coast,1,Good,Good,0
30677,Coolabunia,36630,South Burnett,1,Good,Good,0
30678,Cooladdi,35600,Murweh,1,Good,Good,0
30679,Coolana,36580,Somerset,1,Good,Good,0
30680,Coolangatta (Qld),33430,Gold Coast,1,Good,Good,0
30681,Coolbie,33800,Hinchinbrook,1,Good,Good,0
30682,Coolmunda,33610,Goondiwindi,1,Good,Good,0
30683,Cooloola,33620,Gympie,1,Good,Good,0
30684,Cooloola Cove,33620,Gympie,1,Good,Good,0
30685,Cooloolabin,36720,Sunshine Coast,1,Good,Good,0
30686,Coolum Beach,36720,Sunshine Coast,1,Good,Good,0
30687,Coombabah,33430,Gold Coast,1,Good,Good,0
30688,Coomera,33430,Gold Coast,1,Good,Good,0
30689,Coominglah,35760,North Burnett,1,Good,Good,0
30690,Coominglah Forest,35760,North Burnett,1,Good,Good,0
30691,Coominya,36580,Somerset,1,Good,Good,0
30692,Coomoo,32270,Central Highlands (Qld),1,Good,Good,0
30693,Coomrith,37310,Western Downs,1,Good,Good,0
30694,Coonambula,35760,North Burnett,1,Good,Good,0
30695,Coonarr,31820,Bundaberg,1,Good,Good,0
30696,Coondoo,33620,Gympie,1,Good,Good,0
30697,Coongoola,35800,Paroo,1,Good,Good,0
30698,Coopers Plains,31000,Brisbane,1,Good,Good,0
30699,Coorada,30370,Banana,1,Good,Good,0
30700,Cooran,35740,Noosa,1,Good,Good,0
30701,Cooranga,37310,Western Downs,1,Good,Good,0
30702,Cooroibah,35740,Noosa,1,Good,Good,0
30703,Cooroo Lands,32260,Cassowary Coast,1,Good,Good,0
30704,Coorooman,34530,Livingstone,1,Good,Good,0
30705,Cooroy,35740,Noosa,1,Good,Good,0
30706,Cooroy Mountain,35740,Noosa,1,Good,Good,0
30707,Coorparoo,31000,Brisbane,1,Good,Good,0
30708,Coorumba,32260,Cassowary Coast,1,Good,Good,0
30709,Coorumbene,32270,Central Highlands (Qld),1,Good,Good,0
30710,Cootharaba,35740,Noosa,1,Good,Good,0
30711,Coowonga,34530,Livingstone,1,Good,Good,0
30712,Cooya Beach,32810,Douglas,1,Good,Good,0
30713,Cooyar,36910,Toowoomba,1,Good,Good,0
30714,Coppabella (Qld),33980,Isaac,1,Good,Good,0
30715,Coquette Point,32260,Cassowary Coast,1,Good,Good,0
30716,Coral Cove,31820,Bundaberg,1,Good,Good,0
30717,Coral Sea,31820,Bundaberg,0.0001191,Good,Good,1
30717,Coral Sea,31900,Burdekin,0.0001191,Good,Good,1
30717,Coral Sea,32500,Cook,0.0011906,Good,Good,1
30717,Coral Sea,33360,Gladstone,0.7527087,Good,Good,0
30717,Coral Sea,34530,Livingstone,0.0020241,Good,Good,1
30717,Coral Sea,34770,Mackay,0.2366948,Good,Good,0
30717,Coral Sea,36950,Torres,0.0048815,Good,Good,1
30717,Coral Sea,37010,Townsville,0.0010716,Good,Good,1
30717,Coral Sea,37340,Whitsunday,0.0011906,Good,Good,1
30718,Coralie,32600,Croydon,1,Good,Good,0
30719,Corbould Park,36720,Sunshine Coast,1,Good,Good,0
30720,Cordalba,31820,Bundaberg,1,Good,Good,0
30721,Cordelia,33800,Hinchinbrook,1,Good,Good,0
30722,Corella,33620,Gympie,1,Good,Good,0
30723,Corfield,37400,Winton,1,Good,Good,0
30724,Corinda,31000,Brisbane,1,Good,Good,0
30725,Coringa,35760,North Burnett,1,Good,Good,0
30726,Corndale (Qld),36630,South Burnett,1,Good,Good,0
30727,Cornubia,34590,Logan,1,Good,Good,0
30728,Cornwall (Qld),34860,Maranoa,1,Good,Good,0
30729,Cosgrove (Qld),37010,Townsville,1,Good,Good,0
30730,Cotherstone,32270,Central Highlands (Qld),1,Good,Good,0
30731,Cotswold Hills,36910,Toowoomba,1,Good,Good,0
30732,Cottonvale (Qld),36660,Southern Downs,1,Good,Good,0
30733,Coulson,36510,Scenic Rim,1,Good,Good,0
30734,Coverty,36630,South Burnett,1,Good,Good,0
30735,Cow Bay,32810,Douglas,1,Good,Good,0
30736,Cowan Cowan,31000,Brisbane,1,Good,Good,0
30737,Cowley,32260,Cassowary Coast,1,Good,Good,0
30738,Cowley Beach,32260,Cassowary Coast,1,Good,Good,0
30739,Cowley Creek,32260,Cassowary Coast,1,Good,Good,0
30740,Cracow,30370,Banana,1,Good,Good,0
30741,Craiglie,32810,Douglas,1,Good,Good,0
30742,Craignish,33220,Fraser Coast,1,Good,Good,0
30743,Cranbrook (Qld),37010,Townsville,1,Good,Good,0
30744,Cranley,36910,Toowoomba,1,Good,Good,0
30745,Crawford,36630,South Burnett,1,Good,Good,0
30746,Crediton,34770,Mackay,1,Good,Good,0
30747,Cremorne (Qld),34770,Mackay,1,Good,Good,0
30748,Cressbrook,36580,Somerset,1,Good,Good,0
30749,Cressbrook Creek,36910,Toowoomba,1,Good,Good,0
30750,Crestmead,34590,Logan,1,Good,Good,0
30751,Crinum,32270,Central Highlands (Qld),1,Good,Good,0
30752,Croftby,36510,Scenic Rim,1,Good,Good,0
30753,Crohamhurst,36720,Sunshine Coast,1,Good,Good,0
30754,Cromarty,31900,Burdekin,1,Good,Good,0
30755,Crossdale,36580,Somerset,1,Good,Good,0
30756,Crossroads,37310,Western Downs,1,Good,Good,0
30757,Crowley Vale,34580,Lockyer Valley,1,Good,Good,0
30758,Crownthorpe,33620,Gympie,0.2175141,Good,Good,0
30758,Crownthorpe,36630,South Burnett,0.7824859,Good,Good,0
30759,Crows Nest (Qld),36910,Toowoomba,1,Good,Good,0
30760,Croydon (Qld),32600,Croydon,1,Good,Good,0
30761,Cryna,36510,Scenic Rim,1,Good,Good,0
30762,Crystal Brook (Qld),37340,Whitsunday,1,Good,Good,0
30763,Crystal Creek (Qld),37010,Townsville,1,Good,Good,0
30764,Crystalbrook,34880,Mareeba,1,Good,Good,0
30765,Cullinane,32260,Cassowary Coast,1,Good,Good,0
30766,Cungulla,37010,Townsville,1,Good,Good,0
30767,Cunnamulla,35800,Paroo,1,Good,Good,0
30768,Cunningham (Qld),36660,Southern Downs,1,Good,Good,0
30769,Curra,33620,Gympie,1,Good,Good,0
30770,Currajah,32260,Cassowary Coast,1,Good,Good,0
30771,Currajong,37010,Townsville,1,Good,Good,0
30772,Curramore (Qld),36720,Sunshine Coast,1,Good,Good,0
30773,Currimundi,36720,Sunshine Coast,1,Good,Good,0
30774,Currumbin,33430,Gold Coast,1,Good,Good,0
30775,Currumbin Valley,33430,Gold Coast,1,Good,Good,0
30776,Currumbin Waters,33430,Gold Coast,1,Good,Good,0
30777,Curtis Island,33360,Gladstone,1,Good,Good,0
30778,Cushnie,36630,South Burnett,1,Good,Good,0
30779,Cutella,36910,Toowoomba,1,Good,Good,0
30780,Cuttaburra,35800,Paroo,1,Good,Good,0
30781,Cynthia,35760,North Burnett,1,Good,Good,0
30782,Cypress Gardens,36910,Toowoomba,1,Good,Good,0
30783,D'Aguilar,35010,Moreton Bay,1,Good,Good,0
30784,Dagmar,32810,Douglas,1,Good,Good,0
30785,Dagun,33620,Gympie,1,Good,Good,0
30786,Daintree,32810,Douglas,1,Good,Good,0
30787,Daisy Hill (Qld),34590,Logan,1,Good,Good,0
30788,Dajarra,32450,Cloncurry,1,Good,Good,0
30789,Dakabin,35010,Moreton Bay,1,Good,Good,0
30790,Dakenba,30370,Banana,1,Good,Good,0
30791,Dalbeg,31900,Burdekin,1,Good,Good,0
30792,Dalby,37310,Western Downs,1,Good,Good,0
30793,Dalcouth,36660,Southern Downs,1,Good,Good,0
30794,Dalga,31820,Bundaberg,1,Good,Good,0
30795,Dallarnil,35760,North Burnett,1,Good,Good,0
30796,Dalma,36370,Rockhampton,1,Good,Good,0
30797,Dalrymple Creek,33800,Hinchinbrook,1,Good,Good,0
30798,Dalrymple Heights,34770,Mackay,1,Good,Good,0
30799,Dalveen,36660,Southern Downs,1,Good,Good,0
30800,Dalwogon,37310,Western Downs,1,Good,Good,0
30801,Dalysford,31820,Bundaberg,1,Good,Good,0
30802,Damascus,31820,Bundaberg,1,Good,Good,0
30803,Damper Creek,32260,Cassowary Coast,1,Good,Good,0
30804,Danbulla,36820,Tablelands,1,Good,Good,0
30805,Danderoo,36660,Southern Downs,1,Good,Good,0
30806,Dangore,36630,South Burnett,1,Good,Good,0
30807,Daradgee,32260,Cassowary Coast,1,Good,Good,0
30808,Dargal Road,34860,Maranoa,1,Good,Good,0
30809,Darling Heights,36910,Toowoomba,1,Good,Good,0
30810,Darlington (Qld),36510,Scenic Rim,1,Good,Good,0
30811,Darr Creek,37310,Western Downs,1,Good,Good,0
30812,Darra,31000,Brisbane,1,Good,Good,0
30813,Darts Creek,33360,Gladstone,1,Good,Good,0
30814,Dauan Island,36960,Torres Strait Island,1,Good,Good,0
30815,Daveson,32260,Cassowary Coast,1,Good,Good,0
30816,Dayboro,35010,Moreton Bay,1,Good,Good,0
30817,Daymar,33610,Goondiwindi,1,Good,Good,0
30818,Deagon,31000,Brisbane,1,Good,Good,0
30819,Deception Bay,35010,Moreton Bay,1,Good,Good,0
30820,Dedin,32810,Douglas,1,Good,Good,0
30821,Deebing Heights,33960,Ipswich,1,Good,Good,0
30822,Deep Creek (Qld),35760,North Burnett,1,Good,Good,0
30823,Deepwater (Qld),33360,Gladstone,1,Good,Good,0
30824,Deeragun,37010,Townsville,1,Good,Good,0
30825,Deeral,32080,Cairns,1,Good,Good,0
30826,Degarra,32810,Douglas,1,Good,Good,0
30827,Degilbo,35760,North Burnett,1,Good,Good,0
30828,Delan,31820,Bundaberg,1,Good,Good,0
30829,Delaneys Creek,35010,Moreton Bay,1,Good,Good,0
30830,Depot Hill,36370,Rockhampton,1,Good,Good,0
30831,Derri Derra,35760,North Burnett,1,Good,Good,0
30832,Derrymore,34580,Lockyer Valley,1,Good,Good,0
30833,Desailly,34880,Mareeba,1,Good,Good,0
30834,Deuchar,36660,Southern Downs,1,Good,Good,0
30835,Devereux Creek,34770,Mackay,1,Good,Good,0
30836,Devon Park (Qld),36910,Toowoomba,1,Good,Good,0
30837,Diamantina Lakes,32750,Diamantina,1,Good,Good,0
30838,Diamond Valley,36720,Sunshine Coast,1,Good,Good,0
30839,Diamondvale,36660,Southern Downs,1,Good,Good,0
30840,Diamondy,37310,Western Downs,1,Good,Good,0
30841,Dicky Beach,36720,Sunshine Coast,1,Good,Good,0
30842,Didcot,35760,North Burnett,1,Good,Good,0
30843,Diddillibah,36720,Sunshine Coast,1,Good,Good,0
30844,Diglum,33360,Gladstone,1,Good,Good,0
30845,Dimbulah,34880,Mareeba,1,Good,Good,0
30846,Dingo,32270,Central Highlands (Qld),1,Good,Good,0
30847,Dingo Beach,37340,Whitsunday,1,Good,Good,0
30848,Dingo Pocket,32260,Cassowary Coast,1,Good,Good,0
30849,Dinmore,33960,Ipswich,1,Good,Good,0
30850,Dirnbir,35760,North Burnett,1,Good,Good,0
30851,Dirranbandi,30300,Balonne,1,Good,Good,0
30852,Dittmer,37340,Whitsunday,1,Good,Good,0
30853,Diwan,32810,Douglas,1,Good,Good,0
30854,Dixalea,30370,Banana,1,Good,Good,0
30855,Dixie (Qld),32500,Cook,1,Good,Good,0
30856,Djarawong,32260,Cassowary Coast,1,Good,Good,0
30857,Djiru,32260,Cassowary Coast,1,Good,Good,0
30858,Djuan,36910,Toowoomba,1,Good,Good,0
30859,Doctor Creek,36910,Toowoomba,1,Good,Good,0
30860,Dolphin Heads,34770,Mackay,1,Good,Good,0
30861,Domville,36910,Toowoomba,1,Good,Good,0
30862,Donnybrook (Qld),35010,Moreton Bay,1,Good,Good,0
30863,Doolandella,31000,Brisbane,1,Good,Good,0
30864,Doolbi,31820,Bundaberg,1,Good,Good,0
30865,Doomadgee,32770,Doomadgee,1,Good,Good,0
30866,Doonan,35740,Noosa,0.2023765,Good,Good,0
30866,Doonan,36720,Sunshine Coast,0.7976235,Good,Good,0
30867,Doongul,33220,Fraser Coast,1,Good,Good,0
30868,Dotswood,32310,Charters Towers,1,Good,Good,0
30869,Doughboy,31820,Bundaberg,1,Good,Good,0
30870,Douglas (Toowoomba - Qld),36910,Toowoomba,1,Good,Good,0
30871,Douglas (Townsville - Qld),37010,Townsville,1,Good,Good,0
30872,Dowar Islet,36960,Torres Strait Island,1,Good,Good,0
30873,Downsfield,33620,Gympie,1,Good,Good,0
30874,Dows Creek,34770,Mackay,1,Good,Good,0
30875,Draper,35010,Moreton Bay,1,Good,Good,0
30876,Drayton,36910,Toowoomba,1,Good,Good,0
30877,Drewvale,31000,Brisbane,1,Good,Good,0
30878,Drillham,37310,Western Downs,1,Good,Good,0
30879,Drillham South,37310,Western Downs,1,Good,Good,0
30880,Drinan,31820,Bundaberg,1,Good,Good,0
30881,Dromedary (Qld),32270,Central Highlands (Qld),1,Good,Good,0
30882,Duaringa,32270,Central Highlands (Qld),0.9999617,Good,Good,0
30882,Duaringa,37550,Woorabinda,3.83E-05,Good,Good,1
30883,Duchess,32450,Cloncurry,1,Good,Good,0
30884,Duckinwilla,33220,Fraser Coast,1,Good,Good,0
30885,Ducklo,37310,Western Downs,1,Good,Good,0
30886,Dugandan,36510,Scenic Rim,1,Good,Good,0
30887,Duingal,31820,Bundaberg,1,Good,Good,0
30888,Dulacca,37310,Western Downs,1,Good,Good,0
30889,Dulong,36720,Sunshine Coast,1,Good,Good,0
30890,Dululu,30370,Banana,1,Good,Good,0
30891,Dumbleton,34770,Mackay,1,Good,Good,0
30892,Dumgree,30370,Banana,1,Good,Good,0
30893,Dumpy Creek,30370,Banana,1,Good,Good,0
30894,Dundarrah,35760,North Burnett,1,Good,Good,0
30895,Dundas (Qld),36580,Somerset,1,Good,Good,0
30896,Dundathu,33220,Fraser Coast,1,Good,Good,0
30897,Dundowran,33220,Fraser Coast,1,Good,Good,0
30898,Dundowran Beach,33220,Fraser Coast,1,Good,Good,0
30899,Dunk,32260,Cassowary Coast,1,Good,Good,0
30900,Dunkeld (Qld),34860,Maranoa,1,Good,Good,0
30901,Dunmora,33220,Fraser Coast,1,Good,Good,0
30902,Dunmore (Qld),36910,Toowoomba,1,Good,Good,0
30903,Dunnrock,34770,Mackay,1,Good,Good,0
30904,Dunwich,36250,Redland,1,Good,Good,0
30905,Durack (Qld),31000,Brisbane,1,Good,Good,0
30906,Durah,37310,Western Downs,1,Good,Good,0
30907,Durham,31750,Bulloo,1,Good,Good,0
30908,Durham Downs,34860,Maranoa,1,Good,Good,0
30909,Durong,36630,South Burnett,1,Good,Good,0
30910,Dutton Park,31000,Brisbane,1,Good,Good,0
30911,Dutton River,33200,Flinders (Qld),1,Good,Good,0
30912,Dykehead,35760,North Burnett,1,Good,Good,0
30913,Dysart (Qld),33980,Isaac,1,Good,Good,0
30914,Eagle Farm,31000,Brisbane,1,Good,Good,0
30915,Eagleby,34590,Logan,1,Good,Good,0
30916,Eaglefield,33980,Isaac,1,Good,Good,0
30917,Earlville,32080,Cairns,1,Good,Good,0
30918,East Barron,36820,Tablelands,1,Good,Good,0
30919,East Brisbane,31000,Brisbane,1,Good,Good,0
30920,East Cooyar,36910,Toowoomba,1,Good,Good,0
30921,East Creek,32600,Croydon,1,Good,Good,0
30922,East Deep Creek,33620,Gympie,1,Good,Good,0
30923,East End,33360,Gladstone,1,Good,Good,0
30924,East Feluga,32260,Cassowary Coast,1,Good,Good,0
30925,East Greenmount,36910,Toowoomba,1,Good,Good,0
30926,East Haldon,34580,Lockyer Valley,1,Good,Good,0
30927,East Innisfail,32260,Cassowary Coast,1,Good,Good,0
30928,East Ipswich,33960,Ipswich,1,Good,Good,0
30929,East Mackay,34770,Mackay,1,Good,Good,0
30930,East Nanango,36630,South Burnett,1,Good,Good,0
30931,East Palmerston,32260,Cassowary Coast,1,Good,Good,0
30932,East Russell,32080,Cairns,1,Good,Good,0
30933,East Toowoomba,36910,Toowoomba,1,Good,Good,0
30934,East Trinity,32080,Cairns,1,Good,Good,0
30935,Eastern Heights,33960,Ipswich,1,Good,Good,0
30936,Eaton (Qld),32260,Cassowary Coast,1,Good,Good,0
30937,Eatons Hill,35010,Moreton Bay,1,Good,Good,0
30938,Ebbw Vale,33960,Ipswich,1,Good,Good,0
30939,Ebenezer (Qld),33960,Ipswich,1,Good,Good,0
30940,Edens Landing,34590,Logan,1,Good,Good,0
30941,Edge Hill,32080,Cairns,1,Good,Good,0
30942,Edmonton,32080,Cairns,1,Good,Good,0
30943,Edward River,32500,Cook,1,Good,Good,0
30944,Eerwah Vale,36720,Sunshine Coast,1,Good,Good,0
30945,Egypt,34580,Lockyer Valley,1,Good,Good,0
30946,Eidsvold,35760,North Burnett,1,Good,Good,0
30947,Eidsvold East,35760,North Burnett,1,Good,Good,0
30948,Eidsvold West,35760,North Burnett,1,Good,Good,0
30949,Eight Mile Creek (Qld),31900,Burdekin,1,Good,Good,0
30950,Eight Mile Plains,31000,Brisbane,1,Good,Good,0
30951,Eimeo,34770,Mackay,1,Good,Good,0
30952,Einasleigh,33100,Etheridge,1,Good,Good,0
30953,El Arish,32260,Cassowary Coast,1,Good,Good,0
30954,Elaman Creek,36720,Sunshine Coast,1,Good,Good,0
30955,Elanora,33430,Gold Coast,1,Good,Good,0
30956,Elbow Valley,36660,Southern Downs,1,Good,Good,0
30957,Electra,31820,Bundaberg,1,Good,Good,0
30958,Elgin (Qld),33980,Isaac,1,Good,Good,0
30959,Elgin Vale,33620,Gympie,1,Good,Good,0
30960,Eli Waters,33220,Fraser Coast,1,Good,Good,0
30961,Elimbah,35010,Moreton Bay,1,Good,Good,0
30962,Ellangowan (Qld),36910,Toowoomba,1,Good,Good,0
30963,Ellen Grove,31000,Brisbane,1,Good,Good,0
30964,Ellerbeck,32260,Cassowary Coast,1,Good,Good,0
30965,Ellesmere,36630,South Burnett,1,Good,Good,0
30966,Ellinjaa,36820,Tablelands,1,Good,Good,0
30967,Ellinthorp,36660,Southern Downs,1,Good,Good,0
30968,Elliott (Qld),31820,Bundaberg,1,Good,Good,0
30969,Elliott Heads,31820,Bundaberg,1,Good,Good,0
30970,Ellis Beach,32080,Cairns,1,Good,Good,0
30971,Elphinstone (Isaac - Qld),33980,Isaac,1,Good,Good,0
30972,Elphinstone (Toowoomba - Qld),36910,Toowoomba,1,Good,Good,0
30973,Emerald (Qld),32270,Central Highlands (Qld),1,Good,Good,0
30974,Emu Creek (Qld),36910,Toowoomba,1,Good,Good,0
30975,Emu Park,34530,Livingstone,1,Good,Good,0
30976,Emu Vale,36660,Southern Downs,1,Good,Good,0
30977,England Creek,31000,Brisbane,0.0002563,Good,Good,1
30977,England Creek,36580,Somerset,0.9997437,Good,Good,0
30978,Enoggera,31000,Brisbane,1,Good,Good,0
30979,Enoggera Reservoir,31000,Brisbane,1,Good,Good,0
30980,Epsom (Qld),33980,Isaac,1,Good,Good,0
30981,Erakala,34770,Mackay,1,Good,Good,0
30982,Eromanga,36150,Quilpie,1,Good,Good,0
30983,Erub Island,36960,Torres Strait Island,1,Good,Good,0
30984,Esk (Qld),36580,Somerset,1,Good,Good,0
30985,Eskdale (Qld),36580,Somerset,1,Good,Good,0
30986,Esmeralda,32600,Croydon,1,Good,Good,0
30987,Etna Creek,34530,Livingstone,1,Good,Good,0
30988,Eton,34770,Mackay,1,Good,Good,0
30989,Etty Bay,32260,Cassowary Coast,1,Good,Good,0
30990,Eubenangee,32080,Cairns,0.5061431,Good,Good,0
30990,Eubenangee,32260,Cassowary Coast,0.4938569,Good,Good,0
30991,Eudlo,36720,Sunshine Coast,1,Good,Good,0
30992,Eukey,36660,Southern Downs,1,Good,Good,0
30993,Euleilah,33360,Gladstone,1,Good,Good,0
30994,Eulo,35800,Paroo,1,Good,Good,0
30995,Eumamurrin,34860,Maranoa,1,Good,Good,0
30996,Eumundi,36720,Sunshine Coast,1,Good,Good,0
30997,Eungella (Qld),34770,Mackay,1,Good,Good,0
30998,Eungella Dam,34770,Mackay,1,Good,Good,0
30999,Eungella Hinterland,34770,Mackay,1,Good,Good,0
31000,Euramo,32260,Cassowary Coast,1,Good,Good,0
31001,Eureka (Qld),31820,Bundaberg,1,Good,Good,0
31002,Eurella,34860,Maranoa,1,Good,Good,0
31003,Eurimbula,33360,Gladstone,1,Good,Good,0
31004,Eurombah,30370,Banana,0.7029595,Good,Good,0
31004,Eurombah,37310,Western Downs,0.2970405,Good,Good,0
31005,Eurong,33220,Fraser Coast,1,Good,Good,0
31006,Euthulla,34860,Maranoa,1,Good,Good,0
31007,Evans Landing,37300,Weipa,1,Good,Good,0
31008,Evanslea,36910,Toowoomba,1,Good,Good,0
31009,Evelyn,36820,Tablelands,1,Good,Good,0
31010,Evergreen,36910,Toowoomba,1,Good,Good,0
31011,Everton Hills,35010,Moreton Bay,1,Good,Good,0
31012,Everton Park,31000,Brisbane,1,Good,Good,0
31013,Fairdale,36630,South Burnett,1,Good,Good,0
31014,Fairfield (Qld),31000,Brisbane,1,Good,Good,0
31015,Fairney View,36580,Somerset,1,Good,Good,0
31016,Fairy Bower,36370,Rockhampton,1,Good,Good,0
31017,Fairyland,37310,Western Downs,1,Good,Good,0
31018,Fairymead,31820,Bundaberg,1,Good,Good,0
31019,Farleigh,34770,Mackay,1,Good,Good,0
31020,Farnborough,34530,Livingstone,1,Good,Good,0
31021,Farnsfield,31820,Bundaberg,1,Good,Good,0
31022,Farrars Creek,30450,Barcoo,1,Good,Good,0
31023,Fassifern (Qld),36510,Scenic Rim,1,Good,Good,0
31024,Fassifern Valley,36510,Scenic Rim,1,Good,Good,0
31025,Federal (Qld),35740,Noosa,1,Good,Good,0
31026,Felton,36910,Toowoomba,1,Good,Good,0
31027,Felton South,36910,Toowoomba,1,Good,Good,0
31028,Feluga,32260,Cassowary Coast,1,Good,Good,0
31029,Ferney,33220,Fraser Coast,1,Good,Good,0
31030,Fernvale (Qld),36580,Somerset,1,Good,Good,0
31031,Ferny Glen,36510,Scenic Rim,1,Good,Good,0
31032,Ferny Grove,31000,Brisbane,1,Good,Good,0
31033,Ferny Hills,35010,Moreton Bay,1,Good,Good,0
31034,Ficks Crossing,36630,South Burnett,1,Good,Good,0
31035,Fielding,32250,Carpentaria,1,Good,Good,0
31036,Fifteen Mile,34580,Lockyer Valley,1,Good,Good,0
31037,Fig Tree Pocket,31000,Brisbane,1,Good,Good,0
31038,Finch Hatton,34770,Mackay,1,Good,Good,0
31039,Finlayvale,32810,Douglas,1,Good,Good,0
31040,Finnie,36910,Toowoomba,1,Good,Good,0
31041,Fisher (Qld),35300,Mount Isa,1,Good,Good,0
31042,Fishermans Pocket,33620,Gympie,1,Good,Good,0
31043,Fishery Falls,32080,Cairns,1,Good,Good,0
31044,Fitzgerald Creek,32260,Cassowary Coast,1,Good,Good,0
31045,Fitzgibbon,31000,Brisbane,1,Good,Good,0
31046,Fitzroy Island,32080,Cairns,1,Good,Good,0
31047,Flagstone,34590,Logan,1,Good,Good,0
31048,Flagstone Creek,34580,Lockyer Valley,1,Good,Good,0
31049,Flametree,37340,Whitsunday,1,Good,Good,0
31050,Flaxton,36720,Sunshine Coast,1,Good,Good,0
31051,Fletcher (Qld),36660,Southern Downs,1,Good,Good,0
31052,Fletcher Creek,36370,Rockhampton,1,Good,Good,0
31053,Fleurbaix,36660,Southern Downs,1,Good,Good,0
31054,Flinders View,33960,Ipswich,1,Good,Good,0
31055,Flinton,37310,Western Downs,1,Good,Good,0
31056,Florence Bay,37010,Townsville,1,Good,Good,0
31057,Flying Fish Point,32260,Cassowary Coast,1,Good,Good,0
31058,Flying Fox (Qld),36510,Scenic Rim,1,Good,Good,0
31059,Fordsdale,34580,Lockyer Valley,1,Good,Good,0
31060,Foreshores,33360,Gladstone,1,Good,Good,0
31061,Forest Creek,32810,Douglas,1,Good,Good,0
31062,Forest Glen (Qld),36720,Sunshine Coast,1,Good,Good,0
31063,Forest Hill (Qld),34580,Lockyer Valley,1,Good,Good,0
31064,Forest Lake,31000,Brisbane,1,Good,Good,0
31065,Forest Ridge,36910,Toowoomba,1,Good,Good,0
31066,Forest Springs,36660,Southern Downs,1,Good,Good,0
31067,Forestdale,34590,Logan,1,Good,Good,0
31068,Foresthome,33800,Hinchinbrook,1,Good,Good,0
31069,Forestvale,34860,Maranoa,1,Good,Good,0
31070,Fork Lagoons,32270,Central Highlands (Qld),1,Good,Good,0
31071,Formartin,36910,Toowoomba,1,Good,Good,0
31072,Forrest Beach (Qld),33800,Hinchinbrook,1,Good,Good,0
31073,Forsayth,33100,Etheridge,1,Good,Good,0
31074,Fortitude Valley,31000,Brisbane,1,Good,Good,0
31075,Forty Mile,34880,Mareeba,1,Good,Good,0
31076,Fossilbrook,34880,Mareeba,1,Good,Good,0
31077,Foulden,34770,Mackay,1,Good,Good,0
31078,Four Ways,32450,Cloncurry,1,Good,Good,0
31079,Foxdale,37340,Whitsunday,1,Good,Good,0
31080,Frankfield,33980,Isaac,1,Good,Good,0
31081,Fraser Island,33220,Fraser Coast,1,Good,Good,0
31082,Frazerview,36510,Scenic Rim,1,Good,Good,0
31083,Fredericksfield,31900,Burdekin,1,Good,Good,0
31084,Freestone,36660,Southern Downs,1,Good,Good,0
31085,Frenches Creek,36510,Scenic Rim,1,Good,Good,0
31086,Frenchville,36370,Rockhampton,1,Good,Good,0
31087,Freshwater (Qld),32080,Cairns,1,Good,Good,0
31088,Freshwater Point,34770,Mackay,1,Good,Good,0
31089,Friday Pocket,32260,Cassowary Coast,1,Good,Good,0
31090,Fulham (Qld),36580,Somerset,1,Good,Good,0
31091,Gadgarra,36820,Tablelands,1,Good,Good,0
31092,Gaeta,31820,Bundaberg,1,Good,Good,0
31093,Gailes,33960,Ipswich,1,Good,Good,0
31094,Gainsford,32270,Central Highlands (Qld),1,Good,Good,0
31095,Gairloch,33800,Hinchinbrook,1,Good,Good,0
31096,Gamboola,34880,Mareeba,1,Good,Good,0
31097,Gangalidda,32770,Doomadgee,1,Good,Good,0
31098,Garbutt,37010,Townsville,1,Good,Good,0
31099,Gargett,34770,Mackay,1,Good,Good,0
31100,Garnant,36370,Rockhampton,1,Good,Good,0
31101,Garners Beach,32260,Cassowary Coast,1,Good,Good,0
31102,Garradunga,32260,Cassowary Coast,1,Good,Good,0
31103,Garrawalt,33800,Hinchinbrook,1,Good,Good,0
31104,Gatton,34580,Lockyer Valley,1,Good,Good,0
31105,Gaven,33430,Gold Coast,1,Good,Good,0
31106,Gayndah,35760,North Burnett,1,Good,Good,0
31107,Gaythorne,31000,Brisbane,1,Good,Good,0
31108,Geebung,31000,Brisbane,1,Good,Good,0
31109,Geham,36910,Toowoomba,1,Good,Good,0
31110,Gemini Mountains,33980,Isaac,1,Good,Good,0
31111,Georgetown (Qld),33100,Etheridge,1,Good,Good,0
31112,Georgina (Qld),30900,Boulia,1,Good,Good,0
31113,Germantown (Qld),32260,Cassowary Coast,1,Good,Good,0
31114,Gheerulla,36720,Sunshine Coast,1,Good,Good,0
31115,Ghinghinda,30370,Banana,1,Good,Good,0
31116,Gidya,31950,Burke,1,Good,Good,0
31117,Gigoomgan,33220,Fraser Coast,1,Good,Good,0
31118,Gilbert River,33100,Etheridge,1,Good,Good,0
31119,Gilberton (Etheridge - Qld),33100,Etheridge,1,Good,Good,0
31120,Gilberton (Gold Coast - Qld),33430,Gold Coast,1,Good,Good,0
31121,Gilla,36910,Toowoomba,1,Good,Good,0
31122,Gilldora,33620,Gympie,1,Good,Good,0
31123,Gilston,33430,Gold Coast,1,Good,Good,0
31124,Gin Gin (Qld),31820,Bundaberg,1,Good,Good,0
31125,Gindie,32270,Central Highlands (Qld),1,Good,Good,0
31126,Gindoran,33360,Gladstone,1,Good,Good,0
31127,Ginoondan,35760,North Burnett,1,Good,Good,0
31128,Girraween (Qld),36660,Southern Downs,1,Good,Good,0
31129,Giru,31900,Burdekin,1,Good,Good,0
31130,Givelda,31820,Bundaberg,1,Good,Good,0
31131,Gladfield (Qld),36660,Southern Downs,1,Good,Good,0
31132,Gladstone Central,33360,Gladstone,1,Good,Good,0
31133,Gladstone Harbour,33360,Gladstone,1,Good,Good,0
31134,Glamorgan Vale,36580,Somerset,1,Good,Good,0
31135,Glan Devon,36630,South Burnett,1,Good,Good,0
31136,Glanmire (Qld),33620,Gympie,1,Good,Good,0
31137,Glass House Mountains,36720,Sunshine Coast,1,Good,Good,0
31138,Glastonbury,33620,Gympie,1,Good,Good,0
31139,Glebe (Qld),30370,Banana,1,Good,Good,0
31140,Glen Allyn,36820,Tablelands,1,Good,Good,0
31141,Glen Aplin,36660,Southern Downs,1,Good,Good,0
31142,Glen Boughton,32080,Cairns,1,Good,Good,0
31143,Glen Cairn,34580,Lockyer Valley,1,Good,Good,0
31144,Glen Echo,33620,Gympie,1,Good,Good,0
31145,Glen Eden,33360,Gladstone,1,Good,Good,0
31146,Glen Esk,36580,Somerset,1,Good,Good,0
31147,Glen Isla,37340,Whitsunday,1,Good,Good,0
31148,Glen Niven,36660,Southern Downs,1,Good,Good,0
31149,Glen Russell,34880,Mareeba,1,Good,Good,0
31150,Glen Ruth,36820,Tablelands,1,Good,Good,0
31151,Glenarbon,33610,Goondiwindi,1,Good,Good,0
31152,Glenaubyn,37310,Western Downs,1,Good,Good,0
31153,Glenaven,36910,Toowoomba,1,Good,Good,0
31154,Glenbar,33220,Fraser Coast,1,Good,Good,0
31155,Glencoe (Qld),36910,Toowoomba,1,Good,Good,0
31156,Glendale (Qld),34530,Livingstone,1,Good,Good,0
31157,Glenden,33980,Isaac,1,Good,Good,0
31158,Gleneagle,36510,Scenic Rim,1,Good,Good,0
31159,Glenella,34770,Mackay,1,Good,Good,0
31160,Glenfern (Qld),36580,Somerset,1,Good,Good,0
31161,Glengallan,36660,Southern Downs,1,Good,Good,0
31162,Glenhaughton,30370,Banana,1,Good,Good,0
31163,Glenlee (Qld),34530,Livingstone,1,Good,Good,0
31164,Glenleigh,35760,North Burnett,1,Good,Good,0
31165,Glenlogan,34590,Logan,1,Good,Good,0
31166,Glenlyon (Qld),36660,Southern Downs,1,Good,Good,0
31167,Glenmoral,30370,Banana,1,Good,Good,0
31168,Glenmorgan,34860,Maranoa,0.2320058,Good,Good,0
31168,Glenmorgan,37310,Western Downs,0.7679942,Good,Good,0
31169,Glenorchy (Qld),33220,Fraser Coast,1,Good,Good,0
31170,Glenore Grove,34580,Lockyer Valley,1,Good,Good,0
31171,Glenrae,35760,North Burnett,1,Good,Good,0
31172,Glenrock (Qld),36630,South Burnett,1,Good,Good,0
31173,Glenroy (Qld),36370,Rockhampton,1,Good,Good,0
31174,Glenvale,36910,Toowoomba,1,Good,Good,0
31175,Glenview,36720,Sunshine Coast,1,Good,Good,0
31176,Glenwood (Qld),33220,Fraser Coast,1,Good,Good,0
31177,Godwin Beach,35010,Moreton Bay,1,Good,Good,0
31178,Gogango,36370,Rockhampton,1,Good,Good,0
31179,Golden Beach (Qld),36720,Sunshine Coast,1,Good,Good,0
31180,Golden Fleece,35760,North Burnett,1,Good,Good,0
31181,Goldfields,36660,Southern Downs,1,Good,Good,0
31182,Goldsborough (Qld),32080,Cairns,1,Good,Good,0
31183,Gooburrum,31820,Bundaberg,1,Good,Good,0
31184,Good Night,31820,Bundaberg,0.9522644,Good,Good,0
31184,Good Night,35760,North Burnett,0.0477356,Good,Good,0
31185,Goodar,33610,Goondiwindi,1,Good,Good,0
31186,Goodger,36630,South Burnett,1,Good,Good,0
31187,Goodna,33960,Ipswich,1,Good,Good,0
31188,Goodwood (Qld),31820,Bundaberg,1,Good,Good,0
31189,Googa Creek,36910,Toowoomba,1,Good,Good,0
31190,Goolboo,32260,Cassowary Coast,1,Good,Good,0
31191,Goolman,33960,Ipswich,1,Good,Good,0
31192,Goomally,32270,Central Highlands (Qld),1,Good,Good,0
31193,Goombi,37310,Western Downs,1,Good,Good,0
31194,Goomboorian,33620,Gympie,1,Good,Good,0
31195,Goombungee,36910,Toowoomba,1,Good,Good,0
31196,Goomburra,36660,Southern Downs,1,Good,Good,0
31197,Goomeri,33620,Gympie,1,Good,Good,0
31198,Goomeribong,33620,Gympie,1,Good,Good,0
31199,Goondi,32260,Cassowary Coast,1,Good,Good,0
31200,Goondi Bend,32260,Cassowary Coast,1,Good,Good,0
31201,Goondi Hill,32260,Cassowary Coast,1,Good,Good,0
31202,Goondiwindi,33610,Goondiwindi,1,Good,Good,0
31203,Goorganga Creek,37340,Whitsunday,1,Good,Good,0
31204,Goorganga Plains,37340,Whitsunday,1,Good,Good,0
31205,Gooroolba,35760,North Burnett,1,Good,Good,0
31206,Gootchie,33220,Fraser Coast,1,Good,Good,0
31207,Goovigen,30370,Banana,1,Good,Good,0
31208,Goowarra,32270,Central Highlands (Qld),1,Good,Good,0
31209,Goranba,37310,Western Downs,1,Good,Good,0
31210,Gordon Park,31000,Brisbane,1,Good,Good,0
31211,Gordonbrook,36630,South Burnett,1,Good,Good,0
31212,Gordonstone,32270,Central Highlands (Qld),1,Good,Good,0
31213,Gordonvale,32080,Cairns,1,Good,Good,0
31214,Gore,33610,Goondiwindi,1,Good,Good,0
31215,Gowrie Junction,36910,Toowoomba,1,Good,Good,0
31216,Gowrie Little Plain,36910,Toowoomba,1,Good,Good,0
31217,Gowrie Mountain,36910,Toowoomba,1,Good,Good,0
31218,Gowrie Station,35600,Murweh,1,Good,Good,0
31219,Gracemere,36370,Rockhampton,1,Good,Good,0
31220,Graceville,31000,Brisbane,1,Good,Good,0
31221,Grahams Creek,33220,Fraser Coast,1,Good,Good,0
31222,Granadilla,32260,Cassowary Coast,1,Good,Good,0
31223,Grand Secret,32310,Charters Towers,1,Good,Good,0
31224,Grandchester,33960,Ipswich,1,Good,Good,0
31225,Grange (Qld),31000,Brisbane,1,Good,Good,0
31226,Granite Vale,37010,Townsville,1,Good,Good,0
31227,Grantham,34580,Lockyer Valley,1,Good,Good,0
31228,Granville (Qld),33220,Fraser Coast,1,Good,Good,0
31229,Grapetree,36910,Toowoomba,1,Good,Good,0
31230,Grassdale (Qld),36910,Toowoomba,1,Good,Good,0
31231,Grasstree Beach,34770,Mackay,1,Good,Good,0
31232,Grays Gate,36910,Toowoomba,1,Good,Good,0
31233,Great Sandy Strait,33220,Fraser Coast,1,Good,Good,0
31234,Green Hill,32080,Cairns,1,Good,Good,0
31235,Green Island,32080,Cairns,1,Good,Good,0
31236,Greenbank,34590,Logan,1,Good,Good,0
31237,Greenlake,34530,Livingstone,1,Good,Good,0
31238,Greenlands (Qld),36660,Southern Downs,1,Good,Good,0
31239,Greenmount (Mackay - Qld),34770,Mackay,1,Good,Good,0
31240,Greenmount (Toowoomba - Qld),36910,Toowoomba,1,Good,Good,0
31241,Greens Creek (Qld),33620,Gympie,1,Good,Good,0
31242,Greenslopes,31000,Brisbane,1,Good,Good,0
31243,Greenswamp,37310,Western Downs,1,Good,Good,0
31244,Greenup,33610,Goondiwindi,1,Good,Good,0
31245,Greenvale (Qld),32310,Charters Towers,1,Good,Good,0
31246,Greenview,36630,South Burnett,1,Good,Good,0
31247,Greenwood (Qld),36910,Toowoomba,1,Good,Good,0
31248,Gregors Creek,36580,Somerset,1,Good,Good,0
31249,Gregory (Qld),31950,Burke,1,Good,Good,0
31250,Gregory River (Bundaberg - Qld),31820,Bundaberg,1,Good,Good,0
31251,Gregory River (Whitsunday - Qld),37340,Whitsunday,1,Good,Good,0
31252,Greycliffe,30370,Banana,1,Good,Good,0
31253,Greymare,36660,Southern Downs,1,Good,Good,0
31254,Griffin,35010,Moreton Bay,1,Good,Good,0
31255,Groganville,34880,Mareeba,1,Good,Good,0
31256,Groomsville,36910,Toowoomba,1,Good,Good,0
31257,Groper Creek,31900,Burdekin,1,Good,Good,0
31258,Grosmont,37310,Western Downs,1,Good,Good,0
31259,Grosvenor,35760,North Burnett,1,Good,Good,0
31260,Guanaba,33430,Gold Coast,1,Good,Good,0
31261,Guijar Islet,36960,Torres Strait Island,1,Good,Good,0
31262,Gulf Of Carpentaria,32500,Cook,0.0625,Good,Good,0
31262,Gulf Of Carpentaria,34830,Mapoon,0.0625,Good,Good,0
31262,Gulf Of Carpentaria,35250,Mornington,0.8125,Good,Good,0
31262,Gulf Of Carpentaria,36070,Pormpuraaw,0.0625,Good,Good,0
31263,Gulliver,37010,Townsville,1,Good,Good,0
31264,Gulngai,32260,Cassowary Coast,1,Good,Good,0
31265,Guluguba,37310,Western Downs,1,Good,Good,0
31266,Gumdale,31000,Brisbane,1,Good,Good,0
31267,Gumlow,37010,Townsville,1,Good,Good,0
31268,Gumlu,37340,Whitsunday,1,Good,Good,0
31269,Gunalda,33220,Fraser Coast,6.99E-05,Good,Good,1
31269,Gunalda,33620,Gympie,0.9999301,Good,Good,0
31270,Gundiah,33220,Fraser Coast,1,Good,Good,0
31271,Gungaloon,33220,Fraser Coast,1,Good,Good,0
31272,Gunnawarra,36820,Tablelands,1,Good,Good,0
31273,Gunnewin,34860,Maranoa,1,Good,Good,0
31274,Gunpowder,35300,Mount Isa,1,Good,Good,0
31275,Gunyarra,37340,Whitsunday,1,Good,Good,0
31276,Gurgeena,35760,North Burnett,1,Good,Good,0
31277,Gurulmundi,37310,Western Downs,1,Good,Good,0
31278,Guthalungra,37340,Whitsunday,1,Good,Good,0
31279,Gwambegwine,30370,Banana,1,Good,Good,0
31280,Gympie,33620,Gympie,1,Good,Good,0
31281,Habana,34770,Mackay,1,Good,Good,0
31282,Haden,36910,Toowoomba,1,Good,Good,0
31283,Haigslea,33960,Ipswich,0.8675823,Good,Good,0
31283,Haigslea,36580,Somerset,0.1324177,Good,Good,0
31284,Hail Creek,33980,Isaac,1,Good,Good,0
31285,Haliday Bay,34770,Mackay,1,Good,Good,0
31286,Halifax,33800,Hinchinbrook,1,Good,Good,0
31287,Halliford,37310,Western Downs,1,Good,Good,0
31288,Haly Creek,36630,South Burnett,1,Good,Good,0
31289,Hamilton (Qld),31000,Brisbane,1,Good,Good,0
31290,Hamilton Creek,36370,Rockhampton,1,Good,Good,0
31291,Hamilton Plains,37340,Whitsunday,1,Good,Good,0
31292,Hampden (Qld),34770,Mackay,1,Good,Good,0
31293,Hampton (Qld),36910,Toowoomba,1,Good,Good,0
31294,Hannaford,37310,Western Downs,1,Good,Good,0
31295,Happy Valley (Qld),35300,Mount Isa,1,Good,Good,0
31296,Harlaxton,36910,Toowoomba,1,Good,Good,0
31297,Harlin,36580,Somerset,1,Good,Good,0
31298,Harrami,35760,North Burnett,1,Good,Good,0
31299,Harriet,35760,North Burnett,1,Good,Good,0
31300,Harristown,36910,Toowoomba,1,Good,Good,0
31301,Harrisville,36510,Scenic Rim,1,Good,Good,0
31302,Hatton Vale,34580,Lockyer Valley,1,Good,Good,0
31303,Hawkins Creek,33800,Hinchinbrook,1,Good,Good,0
31304,Hawkwood,35760,North Burnett,1,Good,Good,0
31305,Hawthorne,31000,Brisbane,1,Good,Good,0
31306,Hay Point,34770,Mackay,1,Good,Good,0
31307,Hazeldean,36580,Somerset,1,Good,Good,0
31308,Hazledean,34770,Mackay,1,Good,Good,0
31309,Headington Hill,36910,Toowoomba,1,Good,Good,0
31310,Healy,35300,Mount Isa,1,Good,Good,0
31311,Heathwood,31000,Brisbane,1,Good,Good,0
31312,Heatley,37010,Townsville,1,Good,Good,0
31313,Hebel,30300,Balonne,1,Good,Good,0
31314,Helens Hill,33800,Hinchinbrook,1,Good,Good,0
31315,Helensvale,33430,Gold Coast,1,Good,Good,0
31316,Helidon,34580,Lockyer Valley,1,Good,Good,0
31317,Helidon Spa,34580,Lockyer Valley,1,Good,Good,0
31318,Hemmant,31000,Brisbane,1,Good,Good,0
31319,Hendon (Qld),36660,Southern Downs,1,Good,Good,0
31320,Hendra,31000,Brisbane,1,Good,Good,0
31321,Herberton,36820,Tablelands,1,Good,Good,0
31322,Heritage Park,34590,Logan,1,Good,Good,0
31323,Hermit Park,37010,Townsville,1,Good,Good,0
31324,Herston,31000,Brisbane,1,Good,Good,0
31325,Hervey Range,32310,Charters Towers,0.6600007,Good,Good,0
31325,Hervey Range,37010,Townsville,0.3399993,Good,Good,0
31326,Hibernia,32270,Central Highlands (Qld),1,Good,Good,0
31327,Hidden Valley (Qld),34530,Livingstone,1,Good,Good,0
31328,Hideaway Bay,37340,Whitsunday,1,Good,Good,0
31329,Highbury (Qld),34880,Mareeba,1,Good,Good,0
31330,Highfields (Qld),36910,Toowoomba,1,Good,Good,0
31331,Highgate Hill,31000,Brisbane,1,Good,Good,0
31332,Highgrove,36910,Toowoomba,1,Good,Good,0
31333,Highland Park,33430,Gold Coast,1,Good,Good,0
31334,Highland Plains (Maranoa - Qld),34860,Maranoa,1,Good,Good,0
31335,Highland Plains (Toowoomba - Qld),36910,Toowoomba,1,Good,Good,0
31336,Highvale,35010,Moreton Bay,1,Good,Good,0
31337,Highworth,36720,Sunshine Coast,1,Good,Good,0
31338,Hillcrest (Qld),34590,Logan,1,Good,Good,0
31339,Hillview,36510,Scenic Rim,1,Good,Good,0
31340,Hinchinbrook (Qld),32260,Cassowary Coast,1,Good,Good,0
31341,Hirstglen,36910,Toowoomba,1,Good,Good,0
31342,Hivesville,36630,South Burnett,1,Good,Good,0
31343,Hodgleigh,36630,South Burnett,1,Good,Good,0
31344,Hodgson,34860,Maranoa,1,Good,Good,0
31345,Hodgson Vale,36910,Toowoomba,1,Good,Good,0
31346,Holland Park,31000,Brisbane,1,Good,Good,0
31347,Holland Park West,31000,Brisbane,1,Good,Good,0
31348,Holloways Beach,32080,Cairns,1,Good,Good,0
31349,Hollywell,33430,Gold Coast,1,Good,Good,0
31350,Holmview,34590,Logan,1,Good,Good,0
31351,Holroyd River,32500,Cook,1,Good,Good,0
31352,Home Hill,31900,Burdekin,1,Good,Good,0
31353,Homebush (Qld),34770,Mackay,1,Good,Good,0
31354,Homestead,32310,Charters Towers,1,Good,Good,0
31355,Hookswood,37310,Western Downs,1,Good,Good,0
31356,Hope Island,33430,Gold Coast,1,Good,Good,0
31357,Hope Vale,32500,Cook,0.0339012,Good,Good,0
31357,Hope Vale,33830,Hope Vale,0.9660988,Good,Good,0
31358,Hopeland (Qld),37310,Western Downs,1,Good,Good,0
31359,Horn,36950,Torres,1,Good,Good,0
31360,Horse Camp,31820,Bundaberg,1,Good,Good,0
31361,Horse Creek,36370,Rockhampton,1,Good,Good,0
31362,Horseshoe Bay,37010,Townsville,1,Good,Good,0
31363,Horseshoe Lagoon,31900,Burdekin,1,Good,Good,0
31364,Horton,31820,Bundaberg,1,Good,Good,0
31365,Howard,33220,Fraser Coast,1,Good,Good,0
31366,Howitt,32250,Carpentaria,1,Good,Good,0
31367,Hoya,36510,Scenic Rim,1,Good,Good,0
31368,Hudson,32260,Cassowary Coast,1,Good,Good,0
31369,Hughenden,33200,Flinders (Qld),1,Good,Good,0
31370,Hull Heads,32260,Cassowary Coast,1,Good,Good,0
31371,Humboldt,32270,Central Highlands (Qld),1,Good,Good,0
31372,Humeburn,35800,Paroo,1,Good,Good,0
31373,Humphery,35760,North Burnett,1,Good,Good,0
31374,Hunchy,36720,Sunshine Coast,1,Good,Good,0
31375,Hungerford (Qld),31750,Bulloo,0.998343,Good,Good,0
31375,Hungerford (Qld),35800,Paroo,0.001657,Good,Good,1
31376,Hurricane,34880,Mareeba,1,Good,Good,0
31377,Hutton Creek,34860,Maranoa,1,Good,Good,0
31378,Hyde Park (Qld),37010,Townsville,1,Good,Good,0
31379,Iama Island,36960,Torres Strait Island,1,Good,Good,0
31380,Idalia,37010,Townsville,1,Good,Good,0
31381,Ideraway,35760,North Burnett,1,Good,Good,0
31382,Ilbilbie,33980,Isaac,1,Good,Good,0
31383,Ilfracombe,34710,Longreach,1,Good,Good,0
31384,Ilkley,36720,Sunshine Coast,1,Good,Good,0
31385,Illinbah,36510,Scenic Rim,1,Good,Good,0
31386,Image Flat,36720,Sunshine Coast,1,Good,Good,0
31387,Imbil,33620,Gympie,1,Good,Good,0
31388,Inala,31000,Brisbane,1,Good,Good,0
31389,Indooroopilly,31000,Brisbane,1,Good,Good,0
31390,Ingham,33800,Hinchinbrook,1,Good,Good,0
31391,Inglestone,37310,Western Downs,1,Good,Good,0
31392,Inglewood (Qld),33610,Goondiwindi,1,Good,Good,0
31393,Ingoldsby,34580,Lockyer Valley,1,Good,Good,0
31394,Injinoo,35780,Northern Peninsula Area,0.9999799,Good,Good,0
31394,Injinoo,36950,Torres,2.01E-05,Good,Good,1
31395,Injune,34860,Maranoa,1,Good,Good,0
31396,Inkerman (Qld),31900,Burdekin,1,Good,Good,0
31397,Innes Park,31820,Bundaberg,1,Good,Good,0
31398,Innisfail,32260,Cassowary Coast,1,Good,Good,0
31399,Innisfail Estate,32260,Cassowary Coast,1,Good,Good,0
31400,Innisplain,36510,Scenic Rim,1,Good,Good,0
31401,Innot Hot Springs,36820,Tablelands,1,Good,Good,0
31402,Inskip,33620,Gympie,1,Good,Good,0
31403,Inverlaw,36630,South Burnett,1,Good,Good,0
31404,Inverness,34530,Livingstone,1,Good,Good,0
31405,Ipswich,33960,Ipswich,1,Good,Good,0
31406,Iredale,34580,Lockyer Valley,1,Good,Good,0
31407,Iron Range,32500,Cook,0.999678,Good,Good,0
31407,Iron Range,34570,Lockhart River,0.000322,Good,Good,1
31408,Ironbark (Qld),33960,Ipswich,1,Good,Good,0
31409,Irongate,36910,Toowoomba,1,Good,Good,0
31410,Ironpot (Livingstone - Qld),34530,Livingstone,1,Good,Good,0
31411,Ironpot (South Burnett - Qld),36630,South Burnett,1,Good,Good,0
31412,Irvinebank,34880,Mareeba,1,Good,Good,0
31413,Irvingdale,36910,Toowoomba,0.4573223,Good,Good,0
31413,Irvingdale,37310,Western Downs,0.5426777,Good,Good,0
31414,Isis Central,31820,Bundaberg,1,Good,Good,0
31415,Isis River,31820,Bundaberg,1,Good,Good,0
31416,Isisford,34710,Longreach,1,Good,Good,0
31417,Isla,30370,Banana,1,Good,Good,0
31418,Island Plantation,33220,Fraser Coast,1,Good,Good,0
31419,Iveragh,33360,Gladstone,1,Good,Good,0
31420,Ivory Creek,36580,Somerset,1,Good,Good,0
31421,Jackson,34860,Maranoa,1,Good,Good,0
31422,Jackson North,34860,Maranoa,1,Good,Good,0
31423,Jackson South,34860,Maranoa,1,Good,Good,0
31424,Jacobs Well,33430,Gold Coast,1,Good,Good,0
31425,Jaffa,32260,Cassowary Coast,1,Good,Good,0
31426,Jaggan,36820,Tablelands,1,Good,Good,0
31427,Jambin,30370,Banana,1,Good,Good,0
31428,Jamboree Heights,31000,Brisbane,1,Good,Good,0
31429,Jandowae,37310,Western Downs,1,Good,Good,0
31430,Japoonvale,32260,Cassowary Coast,1,Good,Good,0
31431,Jardine,34530,Livingstone,1,Good,Good,0
31432,Jardine River,32500,Cook,0.375,Good,Good,0
31432,Jardine River,36950,Torres,0.625,Good,Good,0
31433,Jarra Creek,32260,Cassowary Coast,1,Good,Good,0
31434,Jarvisfield,31900,Burdekin,1,Good,Good,0
31435,Jeebropilly,33960,Ipswich,1,Good,Good,0
31436,Jellinbah,32270,Central Highlands (Qld),1,Good,Good,0
31437,Jensen,37010,Townsville,1,Good,Good,0
31438,Jericho (Qld),30410,Barcaldine,1,Good,Good,0
31439,Jerona,31900,Burdekin,1,Good,Good,0
31440,Jimboomba,34590,Logan,1,Good,Good,0
31441,Jimbour East,37310,Western Downs,1,Good,Good,0
31442,Jimbour West,37310,Western Downs,1,Good,Good,0
31443,Jimna,36580,Somerset,1,Good,Good,0
31444,Jindalee (Qld),31000,Brisbane,1,Good,Good,0
31445,Jinghi,37310,Western Downs,1,Good,Good,0
31446,Jobs Gate,35800,Paroo,1,Good,Good,0
31447,Johnsons Hill,36370,Rockhampton,1,Good,Good,0
31448,Johnstown,33620,Gympie,0.2791725,Good,Good,0
31448,Johnstown,36630,South Burnett,0.7208275,Good,Good,0
31449,Jollys Lookout,35010,Moreton Bay,1,Good,Good,0
31450,Jondaryan,36910,Toowoomba,1,Good,Good,0
31451,Jones Gully,36910,Toowoomba,1,Good,Good,0
31452,Jones Hill,33620,Gympie,1,Good,Good,0
31453,Josephville,36510,Scenic Rim,1,Good,Good,0
31454,Joskeleigh,34530,Livingstone,1,Good,Good,0
31455,Joyner,35010,Moreton Bay,1,Good,Good,0
31456,Jubilee Heights,32260,Cassowary Coast,1,Good,Good,0
31457,Jubilee Pocket,37340,Whitsunday,1,Good,Good,0
31458,Julago,37010,Townsville,1,Good,Good,0
31459,Julatten,34880,Mareeba,1,Good,Good,0
31460,Julia Creek,34800,McKinlay,1,Good,Good,0
31461,Junabee,36660,Southern Downs,1,Good,Good,0
31462,Junction View,34580,Lockyer Valley,1,Good,Good,0
31463,Jundah,30450,Barcoo,1,Good,Good,0
31464,Kaban,36820,Tablelands,1,Good,Good,0
31465,Kabra,36370,Rockhampton,1,Good,Good,0
31466,Kagaru,34590,Logan,0.4091735,Good,Good,0
31466,Kagaru,36510,Scenic Rim,0.5908265,Good,Good,0
31467,Kaimkillenbun,37310,Western Downs,1,Good,Good,0
31468,Kairabah,34590,Logan,1,Good,Good,0
31469,Kairi,36820,Tablelands,1,Good,Good,0
31470,Kalapa,36370,Rockhampton,1,Good,Good,0
31471,Kalbar,36510,Scenic Rim,1,Good,Good,0
31472,Kalinga,31000,Brisbane,1,Good,Good,0
31473,Kalkadoon,35300,Mount Isa,1,Good,Good,0
31474,Kalkie,31820,Bundaberg,1,Good,Good,0
31475,Kallangur,35010,Moreton Bay,1,Good,Good,0
31476,Kalpowar,31820,Bundaberg,0.1932037,Good,Good,0
31476,Kalpowar,35760,North Burnett,0.8067963,Good,Good,0
31477,Kalunga,36820,Tablelands,1,Good,Good,0
31478,Kamerunga,32080,Cairns,1,Good,Good,0
31479,Kandanga,33620,Gympie,1,Good,Good,0
31480,Kandanga Creek,33620,Gympie,1,Good,Good,0
31481,Kangaroo Point (Qld),31000,Brisbane,1,Good,Good,0
31482,Kanigan,33220,Fraser Coast,0.3741668,Good,Good,0
31482,Kanigan,33620,Gympie,0.6258332,Good,Good,0
31483,Kanimbla (Qld),32080,Cairns,1,Good,Good,0
31484,Kapaldo,35760,North Burnett,1,Good,Good,0
31485,Karalee,33960,Ipswich,1,Good,Good,0
31486,Karana Downs,31000,Brisbane,1,Good,Good,0
31487,Karara,36660,Southern Downs,1,Good,Good,0
31488,Karawatha,31000,Brisbane,1,Good,Good,0
31489,Karrabin,33960,Ipswich,1,Good,Good,0
31490,Karragarra Island,36250,Redland,1,Good,Good,0
31491,Karron,32600,Croydon,1,Good,Good,0
31492,Karumba,32250,Carpentaria,1,Good,Good,0
31493,Kawana,36370,Rockhampton,1,Good,Good,0
31494,Kawl Kawl,36630,South Burnett,1,Good,Good,0
31495,Kawungan,33220,Fraser Coast,1,Good,Good,0
31496,Kearneys Spring,36910,Toowoomba,1,Good,Good,0
31497,Kedron,31000,Brisbane,1,Good,Good,0
31498,Kelsey Creek,37340,Whitsunday,1,Good,Good,0
31499,Kelso (Qld),37010,Townsville,1,Good,Good,0
31500,Kelvin Grove,31000,Brisbane,1,Good,Good,0
31501,Kelvinhaugh,36910,Toowoomba,1,Good,Good,0
31502,Kemmis,33980,Isaac,1,Good,Good,0
31503,Kenilworth,36720,Sunshine Coast,1,Good,Good,0
31504,Kenmore,31000,Brisbane,1,Good,Good,0
31505,Kenmore Hills,31000,Brisbane,1,Good,Good,0
31506,Kennedy,32260,Cassowary Coast,1,Good,Good,0
31507,Kensington (Qld),31820,Bundaberg,1,Good,Good,0
31508,Kensington Grove,34580,Lockyer Valley,1,Good,Good,0
31509,Kents Lagoon,36510,Scenic Rim,1,Good,Good,0
31510,Kents Pocket,36510,Scenic Rim,1,Good,Good,0
31511,Kentville,34580,Lockyer Valley,1,Good,Good,0
31512,Keperra,31000,Brisbane,1,Good,Good,0
31513,Kepnock,31820,Bundaberg,1,Good,Good,0
31514,Keppel Sands,34530,Livingstone,1,Good,Good,0
31515,Keriri Island,36960,Torres Strait Island,1,Good,Good,0
31516,Kerry,36510,Scenic Rim,1,Good,Good,0
31517,Kewarra Beach,32080,Cairns,1,Good,Good,0
31518,Keysland,36630,South Burnett,1,Good,Good,0
31519,Kholo,31000,Brisbane,1,Good,Good,0
31520,Khosh Bulduk,32270,Central Highlands (Qld),1,Good,Good,0
31521,Kia Ora (Qld),33620,Gympie,1,Good,Good,0
31522,Kiamba,36720,Sunshine Coast,1,Good,Good,0
31523,Kianga (Qld),30370,Banana,1,Good,Good,0
31524,Kidaman Creek,36720,Sunshine Coast,1,Good,Good,0
31525,Kiels Mountain,36720,Sunshine Coast,1,Good,Good,0
31526,Kilbirnie,36910,Toowoomba,1,Good,Good,0
31527,Kilcoy,36580,Somerset,1,Good,Good,0
31528,Kilcummin,33980,Isaac,1,Good,Good,0
31529,Kilkivan,33620,Gympie,1,Good,Good,0
31530,Killaloe,32810,Douglas,1,Good,Good,0
31531,Killarney (Qld),36660,Southern Downs,1,Good,Good,0
31532,Kilmorey Falls,34860,Maranoa,1,Good,Good,0
31533,Kimberley (Qld),32810,Douglas,1,Good,Good,0
31534,Kin Kin,35740,Noosa,1,Good,Good,0
31535,Kin Kora,33360,Gladstone,1,Good,Good,0
31536,Kinbombi,33620,Gympie,1,Good,Good,0
31537,Kinchant Dam,34770,Mackay,1,Good,Good,0
31538,Kincora,36910,Toowoomba,1,Good,Good,0
31539,Kindon,33610,Goondiwindi,1,Good,Good,0
31540,King Scrub,35010,Moreton Bay,1,Good,Good,0
31541,Kingaham,36580,Somerset,1,Good,Good,0
31542,Kingaroy,36630,South Burnett,1,Good,Good,0
31543,Kings Beach,36720,Sunshine Coast,1,Good,Good,0
31544,Kings Creek,36910,Toowoomba,1,Good,Good,0
31545,Kings Siding,36910,Toowoomba,1,Good,Good,0
31546,Kingsholme,33430,Gold Coast,1,Good,Good,0
31547,Kingsthorpe,36910,Toowoomba,1,Good,Good,0
31548,Kingston (Qld),34590,Logan,1,Good,Good,0
31549,Kinka Beach,34530,Livingstone,1,Good,Good,0
31550,Kinkuna,31820,Bundaberg,1,Good,Good,0
31551,Kinleymore,36630,South Burnett,1,Good,Good,0
31552,Kinnoul,30370,Banana,1,Good,Good,0
31553,Kioma,33610,Goondiwindi,1,Good,Good,0
31554,Kippa-Ring,35010,Moreton Bay,1,Good,Good,0
31555,Kirknie,31900,Burdekin,1,Good,Good,0
31556,Kirkwood,33360,Gladstone,1,Good,Good,0
31557,Kirrama,36820,Tablelands,1,Good,Good,0
31558,Kirwan,37010,Townsville,1,Good,Good,0
31559,Kitoba,36630,South Burnett,1,Good,Good,0
31560,Kleinton,36910,Toowoomba,1,Good,Good,0
31561,Knapp Creek,36510,Scenic Rim,1,Good,Good,0
31562,Koah,34880,Mareeba,1,Good,Good,0
31563,Kobble Creek,35010,Moreton Bay,1,Good,Good,0
31564,Kogan,37310,Western Downs,1,Good,Good,0
31565,Kokotungo,30370,Banana,1,Good,Good,0
31566,Kolonga,31820,Bundaberg,1,Good,Good,0
31567,Koombooloomba,36820,Tablelands,1,Good,Good,0
31568,Koongal,36370,Rockhampton,1,Good,Good,0
31569,Kooralbyn,36510,Scenic Rim,1,Good,Good,0
31570,Kooralgin,36910,Toowoomba,1,Good,Good,0
31571,Kooringal (Qld),31000,Brisbane,1,Good,Good,0
31572,Kooroomool,32260,Cassowary Coast,1,Good,Good,0
31573,Kooroongarra,36910,Toowoomba,1,Good,Good,0
31574,Koumala,34770,Mackay,1,Good,Good,0
31575,Kowanyama,34420,Kowanyama,1,Good,Good,0
31576,Kowguran,37310,Western Downs,1,Good,Good,0
31577,Kragra,37310,Western Downs,1,Good,Good,0
31578,Kulangoor,36720,Sunshine Coast,1,Good,Good,0
31579,Kulgun,36510,Scenic Rim,1,Good,Good,0
31580,Kullogum,31820,Bundaberg,1,Good,Good,0
31581,Kulpi,36910,Toowoomba,1,Good,Good,0
31582,Kuluin,36720,Sunshine Coast,1,Good,Good,0
31583,Kumbarilla,37310,Western Downs,1,Good,Good,0
31584,Kumbia,36630,South Burnett,1,Good,Good,0
31585,Kunda Park,36720,Sunshine Coast,1,Good,Good,0
31586,Kunioon,36630,South Burnett,1,Good,Good,0
31587,Kunwarara,34530,Livingstone,1,Good,Good,0
31588,Kuraby,31000,Brisbane,1,Good,Good,0
31589,Kuranda,34880,Mareeba,1,Good,Good,0
31590,Kureelpa,36720,Sunshine Coast,1,Good,Good,0
31591,Kureen,36820,Tablelands,1,Good,Good,0
31592,Kuridala,32450,Cloncurry,1,Good,Good,0
31593,Kurrimine Beach,32260,Cassowary Coast,1,Good,Good,0
31594,Kurrowah,36910,Toowoomba,1,Good,Good,0
31595,Kurumbul,33610,Goondiwindi,1,Good,Good,0
31596,Kurwongbah,35010,Moreton Bay,1,Good,Good,0
31597,Kuttabul,34770,Mackay,1,Good,Good,0
31598,Kybong,33620,Gympie,1,Good,Good,0
31599,Kynuna,34800,McKinlay,0.8748959,Good,Good,0
31599,Kynuna,37400,Winton,0.1251041,Good,Good,0
31600,Kyoomba,36660,Southern Downs,1,Good,Good,0
31601,Labrador,33430,Gold Coast,1,Good,Good,0
31602,Laceys Creek,35010,Moreton Bay,1,Good,Good,0
31603,Laglan,33980,Isaac,1,Good,Good,0
31604,Lagoon Pocket,33620,Gympie,1,Good,Good,0
31605,Laguna Quays,34770,Mackay,1,Good,Good,0
31606,Laidley,34580,Lockyer Valley,1,Good,Good,0
31607,Laidley Creek West,34580,Lockyer Valley,1,Good,Good,0
31608,Laidley Heights,34580,Lockyer Valley,1,Good,Good,0
31609,Laidley North,34580,Lockyer Valley,1,Good,Good,0
31610,Laidley South,34580,Lockyer Valley,1,Good,Good,0
31611,Lake Barrine,36820,Tablelands,1,Good,Good,0
31612,Lake Borumba,33620,Gympie,1,Good,Good,0
31613,Lake Clarendon,34580,Lockyer Valley,1,Good,Good,0
31614,Lake Eacham,36820,Tablelands,1,Good,Good,0
31615,Lake Macdonald,35740,Noosa,1,Good,Good,0
31616,Lake Manchester,31000,Brisbane,0.0035149,Good,Good,1
31616,Lake Manchester,36580,Somerset,0.9964851,Good,Good,0
31617,Lake Mary,34530,Livingstone,1,Good,Good,0
31618,Lake Monduran,31820,Bundaberg,1,Good,Good,0
31619,Lake Proserpine,37340,Whitsunday,1,Good,Good,0
31620,Lake Tinaroo,36820,Tablelands,1,Good,Good,0
31621,Lake Wivenhoe,36580,Somerset,1,Good,Good,0
31622,Lakefield,32500,Cook,1,Good,Good,0
31623,Lakeland,32500,Cook,1,Good,Good,0
31624,Lakes Creek,36370,Rockhampton,1,Good,Good,0
31625,Lakeside,35760,North Burnett,1,Good,Good,0
31626,Lamb Island,36250,Redland,1,Good,Good,0
31627,Lamb Range,32080,Cairns,1,Good,Good,0
31628,Lamington (Qld),36510,Scenic Rim,1,Good,Good,0
31629,Lammermoor,34530,Livingstone,1,Good,Good,0
31630,Landers Shoot,36720,Sunshine Coast,1,Good,Good,0
31631,Landsborough (Qld),36720,Sunshine Coast,1,Good,Good,0
31632,Lanefield,33960,Ipswich,1,Good,Good,0
31633,Langlands,37310,Western Downs,1,Good,Good,0
31634,Langlo,35600,Murweh,1,Good,Good,0
31635,Langshaw,33620,Gympie,1,Good,Good,0
31636,Lannercost,33800,Hinchinbrook,1,Good,Good,0
31637,Lansdowne (Qld),30760,Blackall Tambo,1,Good,Good,0
31638,Lanskey,35300,Mount Isa,1,Good,Good,0
31639,Larapinta (Qld),31000,Brisbane,1,Good,Good,0
31640,Laravale,36510,Scenic Rim,1,Good,Good,0
31641,Lark Hill,36580,Somerset,1,Good,Good,0
31642,Laura (Qld),32500,Cook,1,Good,Good,0
31643,Lavelle,36910,Toowoomba,1,Good,Good,0
31644,Lawes,34580,Lockyer Valley,1,Good,Good,0
31645,Lawgi Dawes,30370,Banana,1,Good,Good,0
31646,Lawn Hill,31950,Burke,0.9538368,Good,Good,0
31646,Lawn Hill,35300,Mount Isa,0.0461632,Good,Good,0
31647,Lawnton,35010,Moreton Bay,1,Good,Good,0
31648,Leafdale,36630,South Burnett,1,Good,Good,0
31649,Lefthand Branch,34580,Lockyer Valley,1,Good,Good,0
31650,Leichhardt (Qld),33960,Ipswich,1,Good,Good,0
31651,Lemontree,36910,Toowoomba,1,Good,Good,0
31652,Leslie,36660,Southern Downs,1,Good,Good,0
31653,Leslie Dam,36660,Southern Downs,1,Good,Good,0
31654,Lethebrook,37340,Whitsunday,1,Good,Good,0
31655,Leyburn,36660,Southern Downs,0.796792,Good,Good,0
31655,Leyburn,36910,Toowoomba,0.203208,Good,Good,0
31656,Leydens Hill,36370,Rockhampton,1,Good,Good,0
31657,Lilydale (Qld),34580,Lockyer Valley,1,Good,Good,0
31658,Lilyvale (Central Highlands - Qld),32270,Central Highlands (Qld),1,Good,Good,0
31659,Lilyvale (Toowoomba - Qld),36910,Toowoomba,1,Good,Good,0
31660,Limestone (Qld),36370,Rockhampton,1,Good,Good,0
31661,Limestone Creek,36370,Rockhampton,1,Good,Good,0
31662,Limestone Ridges,36510,Scenic Rim,1,Good,Good,0
31663,Limevale,33610,Goondiwindi,1,Good,Good,0
31664,Linden (Qld),35800,Paroo,1,Good,Good,0
31665,Linthorpe,36910,Toowoomba,1,Good,Good,0
31666,Linville,36580,Somerset,1,Good,Good,0
31667,Little Mountain,36720,Sunshine Coast,1,Good,Good,0
31668,Little Mulgrave,32080,Cairns,1,Good,Good,0
31669,Lizard,32500,Cook,1,Good,Good,0
31670,Llanarth (Qld),32310,Charters Towers,1,Good,Good,0
31671,Loch Lomond,36660,Southern Downs,1,Good,Good,0
31672,Lochington,32270,Central Highlands (Qld),1,Good,Good,0
31673,Lockhart River,32500,Cook,7.90E-05,Good,Good,1
31673,Lockhart River,34570,Lockhart River,0.999921,Good,Good,0
31674,Lockrose,34580,Lockyer Valley,0.9894757,Good,Good,0
31674,Lockrose,36580,Somerset,0.0105243,Good,Good,0
31675,Lockyer (Qld),34580,Lockyer Valley,1,Good,Good,0
31676,Lockyer Waters,34580,Lockyer Valley,1,Good,Good,0
31677,Logan Central,34590,Logan,1,Good,Good,0
31678,Logan Reserve,34590,Logan,1,Good,Good,0
31679,Logan Village,34590,Logan,1,Good,Good,0
31680,Loganholme,34590,Logan,1,Good,Good,0
31681,Loganlea,34590,Logan,1,Good,Good,0
31682,Lonesome Creek,30370,Banana,1,Good,Good,0
31683,Long Flat (Qld),33620,Gympie,1,Good,Good,0
31684,Long Pocket,33800,Hinchinbrook,1,Good,Good,0
31685,Longreach (Qld),34710,Longreach,1,Good,Good,0
31686,Lota,31000,Brisbane,1,Good,Good,0
31687,Lotus Creek,33980,Isaac,1,Good,Good,0
31688,Low Isles,32810,Douglas,1,Good,Good,0
31689,Lower Beechmont,33430,Gold Coast,1,Good,Good,0
31690,Lower Cowley,32260,Cassowary Coast,1,Good,Good,0
31691,Lower Cressbrook,36580,Somerset,1,Good,Good,0
31692,Lower Daintree,32810,Douglas,1,Good,Good,0
31693,Lower Mount Walker,33960,Ipswich,0.8021173,Good,Good,0
31693,Lower Mount Walker,36510,Scenic Rim,0.1978827,Good,Good,0
31694,Lower Tenthill,34580,Lockyer Valley,1,Good,Good,0
31695,Lower Tully,32260,Cassowary Coast,1,Good,Good,0
31696,Lower Wonga,33620,Gympie,1,Good,Good,0
31697,Lowesby,32270,Central Highlands (Qld),1,Good,Good,0
31698,Lowestoff,32270,Central Highlands (Qld),1,Good,Good,0
31699,Lowmead,33360,Gladstone,1,Good,Good,0
31700,Lowood,36580,Somerset,1,Good,Good,0
31701,Lucinda,33800,Hinchinbrook,1,Good,Good,0
31702,Lumeah (Qld),30760,Blackall Tambo,1,Good,Good,0
31703,Lumholtz,32260,Cassowary Coast,1,Good,Good,0
31704,Lundavra,33610,Goondiwindi,1,Good,Good,0
31705,Luscombe,33430,Gold Coast,1,Good,Good,0
31706,Lutwyche,31000,Brisbane,1,Good,Good,0
31707,Lynam,37010,Townsville,1,Good,Good,0
31708,Lyndhurst (Qld),33100,Etheridge,1,Good,Good,0
31709,Lyndside,34880,Mareeba,1,Good,Good,0
31710,Lyons (Qld),34590,Logan,1,Good,Good,0
31711,Lyra,36660,Southern Downs,1,Good,Good,0
31712,Lytton,31000,Brisbane,1,Good,Good,0
31713,Ma Ma Creek,34580,Lockyer Valley,1,Good,Good,0
31714,Maadi,32260,Cassowary Coast,1,Good,Good,0
31715,Maalan,36820,Tablelands,1,Good,Good,0
31716,Maaroom,33220,Fraser Coast,1,Good,Good,0
31717,Mabuiag Island,36960,Torres Strait Island,1,Good,Good,0
31718,Macalister,37310,Western Downs,1,Good,Good,0
31719,Macalister Range,32080,Cairns,1,Good,Good,0
31720,Macfarlane,30760,Blackall Tambo,1,Good,Good,0
31721,Macgregor (Qld),31000,Brisbane,1,Good,Good,0
31722,Machans Beach,32080,Cairns,1,Good,Good,0
31723,Machine Creek,33360,Gladstone,1,Good,Good,0
31724,Mackay,34770,Mackay,1,Good,Good,0
31725,Mackay Harbour,34770,Mackay,1,Good,Good,0
31726,Mackenzie (Brisbane - Qld),31000,Brisbane,1,Good,Good,0
31727,Mackenzie (Central Highlands - Qld),32270,Central Highlands (Qld),1,Good,Good,0
31728,Mackenzie River,33980,Isaac,1,Good,Good,0
31729,Macknade,33800,Hinchinbrook,1,Good,Good,0
31730,Maclagan,36910,Toowoomba,1,Good,Good,0
31731,Macleay Island,36250,Redland,1,Good,Good,0
31732,Magnolia,33220,Fraser Coast,1,Good,Good,0
31733,Maidenhead,33610,Goondiwindi,1,Good,Good,0
31734,Maidenwell,36630,South Burnett,1,Good,Good,0
31735,Main Beach,33430,Gold Coast,1,Good,Good,0
31736,Majors Creek (Qld),31900,Burdekin,0.1433199,Good,Good,0
31736,Majors Creek (Qld),37010,Townsville,0.8566801,Good,Good,0
31737,Malanda,36820,Tablelands,1,Good,Good,0
31738,Malarga,33220,Fraser Coast,1,Good,Good,0
31739,Maleny,36720,Sunshine Coast,1,Good,Good,0
31740,Malling,36910,Toowoomba,1,Good,Good,0
31741,Malmoe,35760,North Burnett,1,Good,Good,0
31742,Malpas-Trenton,34800,McKinlay,1,Good,Good,0
31743,Malu,36910,Toowoomba,1,Good,Good,0
31744,Mamu,32260,Cassowary Coast,1,Good,Good,0
31745,Manapouri,36910,Toowoomba,1,Good,Good,0
31746,Mandalay,37340,Whitsunday,1,Good,Good,0
31747,Mango Hill,35010,Moreton Bay,1,Good,Good,0
31748,Manly (Qld),31000,Brisbane,1,Good,Good,0
31749,Manly West,31000,Brisbane,1,Good,Good,0
31750,Mannuem,36630,South Burnett,1,Good,Good,0
31751,Manoora (Qld),32080,Cairns,1,Good,Good,0
31752,Mansfield (Qld),31000,Brisbane,1,Good,Good,0
31753,Mantuan Downs,32270,Central Highlands (Qld),1,Good,Good,0
31754,Manumbar,33620,Gympie,1,Good,Good,0
31755,Manunda,32080,Cairns,1,Good,Good,0
31756,Manyung,33620,Gympie,0.3889815,Good,Good,0
31756,Manyung,36630,South Burnett,0.6110185,Good,Good,0
31757,Mapleton,36720,Sunshine Coast,1,Good,Good,0
31758,Mapoon,32500,Cook,0.0835439,Good,Good,0
31758,Mapoon,34830,Mapoon,0.9164561,Good,Good,0
31759,Maramie,32250,Carpentaria,1,Good,Good,0
31760,Marburg,33960,Ipswich,0.9220155,Good,Good,0
31760,Marburg,36580,Somerset,0.0779845,Good,Good,0
31761,Marcoola,36720,Sunshine Coast,1,Good,Good,0
31762,Marcus Beach,35740,Noosa,1,Good,Good,0
31763,Mareeba,34880,Mareeba,1,Good,Good,0
31764,Margate (Qld),35010,Moreton Bay,1,Good,Good,0
31765,Maria Creeks,32260,Cassowary Coast,1,Good,Good,0
31766,Marian,34770,Mackay,1,Good,Good,0
31767,Marlborough,34530,Livingstone,1,Good,Good,0
31768,Marmadua,37310,Western Downs,1,Good,Good,0
31769,Marmor,36370,Rockhampton,1,Good,Good,0
31770,Marodian,33220,Fraser Coast,1,Good,Good,0
31771,Maroochy River,36720,Sunshine Coast,1,Good,Good,0
31772,Maroochydore,36720,Sunshine Coast,1,Good,Good,0
31773,Maroon,36510,Scenic Rim,1,Good,Good,0
31774,Maroondan,31820,Bundaberg,1,Good,Good,0
31775,Marsden,34590,Logan,1,Good,Good,0
31776,Marshlands,36630,South Burnett,1,Good,Good,0
31777,Martyville,32260,Cassowary Coast,1,Good,Good,0
31778,Maryborough (Qld),33220,Fraser Coast,1,Good,Good,0
31779,Maryborough West,33220,Fraser Coast,1,Good,Good,0
31780,Marys Creek,33620,Gympie,1,Good,Good,0
31781,Maryvale (Livingstone - Qld),34530,Livingstone,1,Good,Good,0
31782,Maryvale (Southern Downs - Qld),36660,Southern Downs,1,Good,Good,0
31783,Masig Island,36960,Torres Strait Island,1,Good,Good,0
31784,Massie,36660,Southern Downs,1,Good,Good,0
31785,Maudsland,33430,Gold Coast,1,Good,Good,0
31786,Maxwelton,36300,Richmond,1,Good,Good,0
31787,May Downs,33980,Isaac,1,Good,Good,0
31788,McCutcheon,32260,Cassowary Coast,1,Good,Good,0
31789,McDesme,31900,Burdekin,1,Good,Good,0
31790,McDowall,31000,Brisbane,1,Good,Good,0
31791,McEwens Beach,34770,Mackay,1,Good,Good,0
31792,McIlwraith,31820,Bundaberg,1,Good,Good,0
31793,McIntosh Creek,33620,Gympie,1,Good,Good,0
31794,McKinlay,34800,McKinlay,1,Good,Good,0
31795,Meadowbrook,34590,Logan,1,Good,Good,0
31796,Meadowvale,31820,Bundaberg,1,Good,Good,0
31797,Meandarra,37310,Western Downs,1,Good,Good,0
31798,Meikleville Hill,34530,Livingstone,1,Good,Good,0
31799,Melawondi,33620,Gympie,1,Good,Good,0
31800,Meldale,35010,Moreton Bay,1,Good,Good,0
31801,Melrose (Qld),36630,South Burnett,1,Good,Good,0
31802,Memerambi,36630,South Burnett,1,Good,Good,0
31803,Mena Creek,32260,Cassowary Coast,1,Good,Good,0
31804,Mentmore,34770,Mackay,1,Good,Good,0
31805,Menzies (Qld),35300,Mount Isa,1,Good,Good,0
31806,Mer Island,36960,Torres Strait Island,1,Good,Good,0
31807,Meridan Plains,36720,Sunshine Coast,1,Good,Good,0
31808,Meringandan,36910,Toowoomba,1,Good,Good,0
31809,Meringandan West,36910,Toowoomba,1,Good,Good,0
31810,Merlwood,36630,South Burnett,1,Good,Good,0
31811,Mermaid Beach,33430,Gold Coast,1,Good,Good,0
31812,Mermaid Waters,33430,Gold Coast,1,Good,Good,0
31813,Merrimac,33430,Gold Coast,1,Good,Good,0
31814,Merritts Creek,36910,Toowoomba,1,Good,Good,0
31815,Merryburn,32260,Cassowary Coast,1,Good,Good,0
31816,Merryvale,36510,Scenic Rim,1,Good,Good,0
31817,Mia Mia (Qld),34770,Mackay,1,Good,Good,0
31818,Miallo,32810,Douglas,1,Good,Good,0
31819,Miami,33430,Gold Coast,1,Good,Good,0
31820,Miara,31820,Bundaberg,1,Good,Good,0
31821,Mica Creek,35300,Mount Isa,1,Good,Good,0
31822,Middle Park (Qld),31000,Brisbane,1,Good,Good,0
31823,Middle Ridge,36910,Toowoomba,1,Good,Good,0
31824,Middlebrook,36820,Tablelands,1,Good,Good,0
31825,Middlemount,33980,Isaac,1,Good,Good,0
31826,Middleton (Qld),37400,Winton,1,Good,Good,0
31827,Midge Point,34770,Mackay,1,Good,Good,0
31828,Midgee (Qld),36370,Rockhampton,1,Good,Good,0
31829,Midgenoo,32260,Cassowary Coast,1,Good,Good,0
31830,Midgeree Bar,32260,Cassowary Coast,1,Good,Good,0
31831,Mighell,32260,Cassowary Coast,1,Good,Good,0
31832,Milbong,36510,Scenic Rim,1,Good,Good,0
31833,Miles,37310,Western Downs,1,Good,Good,0
31834,Miles End,35300,Mount Isa,1,Good,Good,0
31835,Milford,36510,Scenic Rim,1,Good,Good,0
31836,Millaa Millaa,36820,Tablelands,1,Good,Good,0
31837,Millaroo,31900,Burdekin,1,Good,Good,0
31838,Millbank (Qld),31820,Bundaberg,1,Good,Good,0
31839,Millchester,32310,Charters Towers,1,Good,Good,0
31840,Millmerran,36910,Toowoomba,1,Good,Good,0
31841,Millmerran Downs,36910,Toowoomba,1,Good,Good,0
31842,Millmerran Woods,36910,Toowoomba,1,Good,Good,0
31843,Millstream (Qld),36820,Tablelands,1,Good,Good,0
31844,Millwood,36910,Toowoomba,1,Good,Good,0
31845,Milman,34530,Livingstone,1,Good,Good,0
31846,Milora,36510,Scenic Rim,1,Good,Good,0
31847,Milton (Qld),31000,Brisbane,1,Good,Good,0
31848,Mimosa (Qld),32270,Central Highlands (Qld),1,Good,Good,0
31849,Min Min,30900,Boulia,1,Good,Good,0
31850,Minbun,36820,Tablelands,1,Good,Good,0
31851,Minden,36580,Somerset,1,Good,Good,0
31852,Minerva,32270,Central Highlands (Qld),1,Good,Good,0
31853,Mingela,32310,Charters Towers,1,Good,Good,0
31854,Mingo,35760,North Burnett,1,Good,Good,0
31855,Mingoola (Qld),36660,Southern Downs,1,Good,Good,0
31856,Minnamoolka,36820,Tablelands,1,Good,Good,0
31857,Minnie Downs,30760,Blackall Tambo,1,Good,Good,0
31858,Minyama,36720,Sunshine Coast,1,Good,Good,0
31859,Mirani,34770,Mackay,1,Good,Good,0
31860,Miriam Vale,33360,Gladstone,1,Good,Good,0
31861,Mirriwinni,32080,Cairns,1,Good,Good,0
31862,Missen Flat,36910,Toowoomba,1,Good,Good,0
31863,Mission Beach,32260,Cassowary Coast,1,Good,Good,0
31864,Mission River,32500,Cook,0.0916487,Good,Good,0
31864,Mission River,35670,Napranum,0.9083513,Good,Good,0
31865,Mitchell (Qld),34860,Maranoa,1,Good,Good,0
31866,Mitchelton,31000,Brisbane,1,Good,Good,0
31867,Miva,33220,Fraser Coast,0.0001818,Good,Good,1
31867,Miva,33620,Gympie,0.9998182,Good,Good,0
31868,Moa Island,36960,Torres Strait Island,1,Good,Good,0
31869,Moffat Beach,36720,Sunshine Coast,1,Good,Good,0
31870,Moffatdale,36630,South Burnett,1,Good,Good,0
31871,Moggill,31000,Brisbane,1,Good,Good,0
31872,Molangul,31820,Bundaberg,1,Good,Good,0
31873,Molendinar,33430,Gold Coast,1,Good,Good,0
31874,Mon Repos,31820,Bundaberg,1,Good,Good,0
31875,Mona Mona,34880,Mareeba,1,Good,Good,0
31876,Mona Park,31900,Burdekin,1,Good,Good,0
31877,Monal,35760,North Burnett,1,Good,Good,0
31878,Monarch Glen,34590,Logan,1,Good,Good,0
31879,Monduran,31820,Bundaberg,1,Good,Good,0
31880,Mondure,36630,South Burnett,1,Good,Good,0
31881,Monkland,33620,Gympie,1,Good,Good,0
31882,Monogorilby,35760,North Burnett,1,Good,Good,0
31883,Mons,36720,Sunshine Coast,1,Good,Good,0
31884,Monsildale,36580,Somerset,1,Good,Good,0
31885,Monto,35760,North Burnett,1,Good,Good,0
31886,Montrose (Southern Downs - Qld),36660,Southern Downs,1,Good,Good,0
31887,Montrose (Western Downs - Qld),37310,Western Downs,1,Good,Good,0
31888,Montville,36720,Sunshine Coast,1,Good,Good,0
31889,Moodlu,35010,Moreton Bay,1,Good,Good,0
31890,Mooga,34860,Maranoa,1,Good,Good,0
31891,Moogerah,36510,Scenic Rim,1,Good,Good,0
31892,Moola,37310,Western Downs,1,Good,Good,0
31893,Moolboolaman,31820,Bundaberg,1,Good,Good,0
31894,Mooloo,33620,Gympie,1,Good,Good,0
31895,Mooloolaba,36720,Sunshine Coast,1,Good,Good,0
31896,Mooloolah Valley,36720,Sunshine Coast,1,Good,Good,0
31897,Moombra,36580,Somerset,1,Good,Good,0
31898,Moomin,36820,Tablelands,1,Good,Good,0
31899,Moondooner,36630,South Burnett,1,Good,Good,0
31900,Moonford,35760,North Burnett,1,Good,Good,0
31901,Moongan,36370,Rockhampton,1,Good,Good,0
31902,Moonie,33610,Goondiwindi,0.0889296,Good,Good,0
31902,Moonie,37310,Western Downs,0.9110704,Good,Good,0
31903,Moorang,36510,Scenic Rim,1,Good,Good,0
31904,Moore,36580,Somerset,1,Good,Good,0
31905,Moore Park Beach,31820,Bundaberg,1,Good,Good,0
31906,Moores Pocket,33960,Ipswich,1,Good,Good,0
31907,Moorina (Qld),35010,Moreton Bay,1,Good,Good,0
31908,Moorland (Qld),31820,Bundaberg,1,Good,Good,0
31909,Mooroobool,32080,Cairns,1,Good,Good,0
31910,Moorooka,31000,Brisbane,1,Good,Good,0
31911,Moraby,37310,Western Downs,1,Good,Good,0
31912,Moranbah,33980,Isaac,1,Good,Good,0
31913,Morayfield,35010,Moreton Bay,1,Good,Good,0
31914,Moregatta,36820,Tablelands,1,Good,Good,0
31915,Moresby (Qld),32260,Cassowary Coast,1,Good,Good,0
31916,Moreton Bay,31000,Brisbane,0.3333333,Good,Good,0
31916,Moreton Bay,36250,Redland,0.6666667,Good,Good,0
31917,Moreton Island,31000,Brisbane,1,Good,Good,0
31918,Morgan Park,36660,Southern Downs,1,Good,Good,0
31919,Morganville,31820,Bundaberg,1,Good,Good,0
31920,Morinish,36370,Rockhampton,1,Good,Good,0
31921,Morinish South,36370,Rockhampton,1,Good,Good,0
31922,Morningside,31000,Brisbane,1,Good,Good,0
31923,Mornington (Qld),35300,Mount Isa,1,Good,Good,0
31924,Morton Vale,34580,Lockyer Valley,1,Good,Good,0
31925,Morven (Qld),35600,Murweh,1,Good,Good,0
31926,Morwincha,36510,Scenic Rim,1,Good,Good,0
31927,Mosman Park (Qld),32310,Charters Towers,1,Good,Good,0
31928,Mosquito Creek,33610,Goondiwindi,1,Good,Good,0
31929,Mossman,32810,Douglas,1,Good,Good,0
31930,Mossman Gorge,32810,Douglas,1,Good,Good,0
31931,Mothar Mountain,33620,Gympie,1,Good,Good,0
31932,Motley,36910,Toowoomba,1,Good,Good,0
31933,Mount Abundance,34860,Maranoa,1,Good,Good,0
31934,Mount Alford,36510,Scenic Rim,1,Good,Good,0
31935,Mount Alma,33360,Gladstone,1,Good,Good,0
31936,Mount Archer (Rockhampton - Qld),36370,Rockhampton,1,Good,Good,0
31937,Mount Archer (Somerset - Qld),36580,Somerset,1,Good,Good,0
31938,Mount Barney,36510,Scenic Rim,1,Good,Good,0
31939,Mount Beppo,36580,Somerset,1,Good,Good,0
31940,Mount Berryman,34580,Lockyer Valley,1,Good,Good,0
31941,Mount Bindango,34860,Maranoa,1,Good,Good,0
31942,Mount Binga,36910,Toowoomba,1,Good,Good,0
31943,Mount Britton,33980,Isaac,1,Good,Good,0
31944,Mount Byron,36580,Somerset,1,Good,Good,0
31945,Mount Carbine,34880,Mareeba,1,Good,Good,0
31946,Mount Chalmers,34530,Livingstone,1,Good,Good,0
31947,Mount Charlton,34770,Mackay,1,Good,Good,0
31948,Mount Colliery,36660,Southern Downs,1,Good,Good,0
31949,Mount Coolon,37340,Whitsunday,1,Good,Good,0
31950,Mount Coolum,36720,Sunshine Coast,1,Good,Good,0
31951,Mount Coot-tha,31000,Brisbane,1,Good,Good,0
31952,Mount Cotton,36250,Redland,1,Good,Good,0
31953,Mount Crosby,31000,Brisbane,1,Good,Good,0
31954,Mount Darry,36910,Toowoomba,1,Good,Good,0
31955,Mount Debateable,35760,North Burnett,1,Good,Good,0
31956,Mount Delaney,35010,Moreton Bay,1,Good,Good,0
31957,Mount Edwards,36510,Scenic Rim,1,Good,Good,0
31958,Mount Elliot (Qld),37010,Townsville,1,Good,Good,0
31959,Mount Emlyn,36910,Toowoomba,1,Good,Good,0
31960,Mount Enniskillen,30760,Blackall Tambo,1,Good,Good,0
31961,Mount Forbes,33960,Ipswich,0.671629,Good,Good,0
31961,Mount Forbes,36510,Scenic Rim,0.328371,Good,Good,0
31962,Mount Fox,33800,Hinchinbrook,1,Good,Good,0
31963,Mount French,36510,Scenic Rim,1,Good,Good,0
31964,Mount Gardiner,34530,Livingstone,1,Good,Good,0
31965,Mount Garnet,36820,Tablelands,1,Good,Good,0
31966,Mount Gipps,36510,Scenic Rim,1,Good,Good,0
31967,Mount Glorious,35010,Moreton Bay,1,Good,Good,0
31968,Mount Gravatt,31000,Brisbane,1,Good,Good,0
31969,Mount Gravatt East,31000,Brisbane,1,Good,Good,0
31970,Mount Hallen,36580,Somerset,1,Good,Good,0
31971,Mount Howe,34860,Maranoa,1,Good,Good,0
31972,Mount Hutton (Qld),34860,Maranoa,1,Good,Good,0
31973,Mount Irving,36910,Toowoomba,1,Good,Good,0
31974,Mount Isa,35300,Mount Isa,1,Good,Good,0
31975,Mount Isa City,35300,Mount Isa,1,Good,Good,0
31976,Mount Jukes,34770,Mackay,1,Good,Good,0
31977,Mount Julian,37340,Whitsunday,1,Good,Good,0
31978,Mount Kelly,31900,Burdekin,1,Good,Good,0
31979,Mount Kilcoy,36580,Somerset,1,Good,Good,0
31980,Mount Kynoch,36910,Toowoomba,1,Good,Good,0
31981,Mount Larcom,33360,Gladstone,1,Good,Good,0
31982,Mount Lawless,35760,North Burnett,1,Good,Good,0
31983,Mount Lindesay (Qld),36510,Scenic Rim,1,Good,Good,0
31984,Mount Lofty,36910,Toowoomba,1,Good,Good,0
31985,Mount Louisa,37010,Townsville,1,Good,Good,0
31986,Mount Low,37010,Townsville,1,Good,Good,0
31987,Mount Luke,36910,Toowoomba,1,Good,Good,0
31988,Mount Macarthur,32270,Central Highlands (Qld),1,Good,Good,0
31989,Mount Mackay,32260,Cassowary Coast,1,Good,Good,0
31990,Mount Maria,33360,Gladstone,1,Good,Good,0
31991,Mount Marlow,37340,Whitsunday,1,Good,Good,0
31992,Mount Marrow,33960,Ipswich,1,Good,Good,0
31993,Mount Marshall,36660,Southern Downs,1,Good,Good,0
31994,Mount Martin,34770,Mackay,1,Good,Good,0
31995,Mount Mceuen,36630,South Burnett,1,Good,Good,0
31996,Mount Mee,35010,Moreton Bay,1,Good,Good,0
31997,Mount Mellum,36720,Sunshine Coast,1,Good,Good,0
31998,Mount Moffatt,34860,Maranoa,1,Good,Good,0
31999,Mount Molar,36910,Toowoomba,1,Good,Good,0
32000,Mount Molloy,34880,Mareeba,1,Good,Good,0
32001,Mount Morgan,36370,Rockhampton,1,Good,Good,0
32002,Mount Moriah,36910,Toowoomba,1,Good,Good,0
32003,Mount Mort,33960,Ipswich,1,Good,Good,0
32004,Mount Mulgrave,34880,Mareeba,1,Good,Good,0
32005,Mount Mulligan,34880,Mareeba,1,Good,Good,0
32006,Mount Murchison,30370,Banana,1,Good,Good,0
32007,Mount Nathan,33430,Gold Coast,1,Good,Good,0
32008,Mount Nebo,35010,Moreton Bay,1,Good,Good,0
32009,Mount Ommaney,31000,Brisbane,1,Good,Good,0
32010,Mount Ossa,34770,Mackay,1,Good,Good,0
32011,Mount Pelion,34770,Mackay,1,Good,Good,0
32012,Mount Perry,35760,North Burnett,1,Good,Good,0
32013,Mount Peter,32080,Cairns,1,Good,Good,0
32014,Mount Pleasant (Mackay - Qld),34770,Mackay,1,Good,Good,0
32015,Mount Pleasant (Moreton Bay - Qld),35010,Moreton Bay,1,Good,Good,0
32016,Mount Pluto,37340,Whitsunday,1,Good,Good,0
32017,Mount Rascal,36910,Toowoomba,1,Good,Good,0
32018,Mount Rooper,37340,Whitsunday,1,Good,Good,0
32019,Mount Samson,35010,Moreton Bay,1,Good,Good,0
32020,Mount Sheridan (Qld),32080,Cairns,1,Good,Good,0
32021,Mount St John,37010,Townsville,1,Good,Good,0
32022,Mount Stanley,36580,Somerset,1,Good,Good,0
32023,Mount Steadman,35760,North Burnett,1,Good,Good,0
32024,Mount Stuart (Qld),37010,Townsville,1,Good,Good,0
32025,Mount Sturt,36660,Southern Downs,1,Good,Good,0
32026,Mount Surprise,33100,Etheridge,1,Good,Good,0
32027,Mount Surround,31900,Burdekin,1,Good,Good,0
32028,Mount Sylvia,34580,Lockyer Valley,1,Good,Good,0
32029,Mount Tabor,36660,Southern Downs,1,Good,Good,0
32030,Mount Tarampa,36580,Somerset,1,Good,Good,0
32031,Mount Tom,33360,Gladstone,1,Good,Good,0
32032,Mount Tully,36660,Southern Downs,1,Good,Good,0
32033,Mount Tyson,36910,Toowoomba,1,Good,Good,0
32034,Mount Urah,33220,Fraser Coast,1,Good,Good,0
32035,Mount Walker (Qld),36510,Scenic Rim,1,Good,Good,0
32036,Mount Walker West,33960,Ipswich,0.0003224,Good,Good,1
32036,Mount Walker West,36510,Scenic Rim,0.9996776,Good,Good,0
32037,Mount Warren Park,34590,Logan,1,Good,Good,0
32038,Mount Whitestone,34580,Lockyer Valley,1,Good,Good,0
32039,Mount Wyatt,37340,Whitsunday,1,Good,Good,0
32040,Mountain Camp,36910,Toowoomba,1,Good,Good,0
32041,Mountain Creek (Qld),36720,Sunshine Coast,1,Good,Good,0
32042,Moura,30370,Banana,1,Good,Good,0
32043,Mourilyan,32260,Cassowary Coast,1,Good,Good,0
32044,Mourilyan Harbour,32260,Cassowary Coast,1,Good,Good,0
32045,Mowbray (Qld),32810,Douglas,1,Good,Good,0
32046,Mowbullan,37310,Western Downs,1,Good,Good,0
32047,Moy Pocket,33620,Gympie,1,Good,Good,0
32048,Mp Creek,36630,South Burnett,1,Good,Good,0
32049,Muckadilla,34860,Maranoa,1,Good,Good,0
32050,Mudgeeraba,33430,Gold Coast,1,Good,Good,0
32051,Mudjimba,36720,Sunshine Coast,1,Good,Good,0
32052,Mudlo,33620,Gympie,1,Good,Good,0
32053,Muirlea,33960,Ipswich,1,Good,Good,0
32054,Mulambin,34530,Livingstone,1,Good,Good,0
32055,Mulara,34530,Livingstone,1,Good,Good,0
32056,Muldu,36910,Toowoomba,1,Good,Good,0
32057,Mulgildie,35760,North Burnett,1,Good,Good,0
32058,Mulgowie,34580,Lockyer Valley,1,Good,Good,0
32059,Mulgrave (Qld),31900,Burdekin,1,Good,Good,0
32060,Mullett Creek,31820,Bundaberg,1,Good,Good,0
32061,Munbilla,36510,Scenic Rim,1,Good,Good,0
32062,Munbura,34770,Mackay,1,Good,Good,0
32063,Munderra,34880,Mareeba,1,Good,Good,0
32064,Mundingburra,37010,Townsville,1,Good,Good,0
32065,Mundoo,32260,Cassowary Coast,1,Good,Good,0
32066,Mundoolun,34590,Logan,1,Good,Good,0
32067,Mundowran,35760,North Burnett,1,Good,Good,0
32068,Mundubbera,35760,North Burnett,1,Good,Good,0
32069,Mungabunda,32270,Central Highlands (Qld),1,Good,Good,0
32070,Mungallala,34860,Maranoa,1,Good,Good,0
32071,Mungallala South,34860,Maranoa,1,Good,Good,0
32072,Mungalli,36820,Tablelands,1,Good,Good,0
32073,Mungar,33220,Fraser Coast,1,Good,Good,0
32074,Mungindi (Qld),30300,Balonne,0.927368,Good,Good,0
32074,Mungindi (Qld),33610,Goondiwindi,0.072632,Good,Good,0
32075,Mungungo,35760,North Burnett,1,Good,Good,0
32076,Mungy,35760,North Burnett,1,Good,Good,0
32077,Muniganeen,36910,Toowoomba,1,Good,Good,0
32078,Munna Creek,33220,Fraser Coast,0.8515914,Good,Good,0
32078,Munna Creek,33620,Gympie,0.1484086,Good,Good,0
32079,Munro Plains,32260,Cassowary Coast,1,Good,Good,0
32080,Munruben,34590,Logan,1,Good,Good,0
32081,Murarrie,31000,Brisbane,1,Good,Good,0
32082,Murgon,36630,South Burnett,1,Good,Good,0
32083,Murphys Creek (Qld),34580,Lockyer Valley,1,Good,Good,0
32084,Murray,37010,Townsville,1,Good,Good,0
32085,Murray Upper,32260,Cassowary Coast,1,Good,Good,0
32086,Murrays Bridge,36660,Southern Downs,1,Good,Good,0
32087,Murrigal,32260,Cassowary Coast,1,Good,Good,0
32088,Murrumba,36580,Somerset,1,Good,Good,0
32089,Murrumba Downs,35010,Moreton Bay,1,Good,Good,0
32090,Murweh,35600,Murweh,1,Good,Good,0
32091,Mutarnee,37010,Townsville,1,Good,Good,0
32092,Mutchilba,34880,Mareeba,1,Good,Good,0
32093,Mutdapilly,33960,Ipswich,0.2898357,Good,Good,0
32093,Mutdapilly,36510,Scenic Rim,0.7101643,Good,Good,0
32094,Muttaburra,30410,Barcaldine,1,Good,Good,0
32095,Myall Park (Qld),37310,Western Downs,1,Good,Good,0
32096,Myrtlevale,37340,Whitsunday,1,Good,Good,0
32097,Mysterton,37010,Townsville,1,Good,Good,0
32098,Nahrunda,33620,Gympie,1,Good,Good,0
32099,Nambour,36720,Sunshine Coast,1,Good,Good,0
32100,Nanango,36630,South Burnett,1,Good,Good,0
32101,Nandi,37310,Western Downs,1,Good,Good,0
32102,Nandowrie,32270,Central Highlands (Qld),1,Good,Good,0
32103,Nangram,37310,Western Downs,1,Good,Good,0
32104,Nangwee,36910,Toowoomba,1,Good,Good,0
32105,Nankin,34530,Livingstone,1,Good,Good,0
32106,Nanum,37300,Weipa,1,Good,Good,0
32107,Narangba,35010,Moreton Bay,1,Good,Good,0
32108,Narko,36910,Toowoomba,1,Good,Good,0
32109,Nathan,31000,Brisbane,1,Good,Good,0
32110,Natural Bridge,33430,Gold Coast,1,Good,Good,0
32111,Nearum,31820,Bundaberg,1,Good,Good,0
32112,Nebine,35800,Paroo,1,Good,Good,0
32113,Nebo,33980,Isaac,1,Good,Good,0
32114,Neerdie,33220,Fraser Coast,8.84E-05,Good,Good,1
32114,Neerdie,33620,Gympie,0.9999116,Good,Good,0
32115,Nelly Bay,37010,Townsville,1,Good,Good,0
32116,Nerada,32260,Cassowary Coast,1,Good,Good,0
32117,Nerang,33430,Gold Coast,1,Good,Good,0
32118,Neranwood,33430,Gold Coast,1,Good,Good,0
32119,Nerimbera,34530,Livingstone,1,Good,Good,0
32120,Netherby (Qld),33220,Fraser Coast,1,Good,Good,0
32121,Netherdale,34770,Mackay,1,Good,Good,0
32122,Neumgna,36630,South Burnett,1,Good,Good,0
32123,Neurum,35010,Moreton Bay,1,Good,Good,0
32124,Neusa Vale,33620,Gympie,1,Good,Good,0
32125,Nevilton,36910,Toowoomba,1,Good,Good,0
32126,New Auckland,33360,Gladstone,1,Good,Good,0
32127,New Beith,34590,Logan,1,Good,Good,0
32128,New Chum,33960,Ipswich,1,Good,Good,0
32129,New Farm,31000,Brisbane,1,Good,Good,0
32130,New Harbourline,32260,Cassowary Coast,1,Good,Good,0
32131,New Mapoon,35780,Northern Peninsula Area,0.9999025,Good,Good,0
32131,New Mapoon,36950,Torres,9.75E-05,Good,Good,1
32132,New Moonta,31820,Bundaberg,1,Good,Good,0
32133,Newell,32810,Douglas,1,Good,Good,0
32134,Newlands (Qld),37340,Whitsunday,1,Good,Good,0
32135,Newmarket,31000,Brisbane,1,Good,Good,0
32136,Newport (Qld),35010,Moreton Bay,1,Good,Good,0
32137,Newstead (Qld),31000,Brisbane,1,Good,Good,0
32138,Newtown (Ipswich - Qld),33960,Ipswich,1,Good,Good,0
32139,Newtown (Toowoomba - Qld),36910,Toowoomba,1,Good,Good,0
32140,Ngatjan,32080,Cairns,0.5714286,Good,Good,0
32140,Ngatjan,32260,Cassowary Coast,0.4285714,Good,Good,0
32141,Nicholson (Qld),31950,Burke,1,Good,Good,0
32142,Nikenbah,33220,Fraser Coast,1,Good,Good,0
32143,Nindaroo,34770,Mackay,1,Good,Good,0
32144,Ninderry,36720,Sunshine Coast,1,Good,Good,0
32145,Nindooinbah,36510,Scenic Rim,1,Good,Good,0
32146,Nine Mile (Qld),36370,Rockhampton,1,Good,Good,0
32147,Nine Mile Creek,36370,Rockhampton,1,Good,Good,0
32148,Ningi,35010,Moreton Bay,1,Good,Good,0
32149,Nirimba (Qld),36720,Sunshine Coast,1,Good,Good,0
32150,Nive,35600,Murweh,1,Good,Good,0
32151,No 4 Branch,32260,Cassowary Coast,1,Good,Good,0
32152,No 5 Branch,32260,Cassowary Coast,1,Good,Good,0
32153,No 6 Branch,32260,Cassowary Coast,1,Good,Good,0
32154,Noah,32810,Douglas,1,Good,Good,0
32155,Nobby,36910,Toowoomba,1,Good,Good,0
32156,Noccundra,31750,Bulloo,1,Good,Good,0
32157,Nome,37010,Townsville,1,Good,Good,0
32158,Noorama,35800,Paroo,1,Good,Good,0
32159,Noorindoo,34860,Maranoa,1,Good,Good,0
32160,Noosa Heads,35740,Noosa,1,Good,Good,0
32161,Noosa North Shore,35740,Noosa,1,Good,Good,0
32162,Noosaville,35740,Noosa,1,Good,Good,0
32163,Norman Gardens,36370,Rockhampton,1,Good,Good,0
32164,Norman Park,31000,Brisbane,1,Good,Good,0
32165,Normanton,32250,Carpentaria,1,Good,Good,0
32166,North Aramara,33220,Fraser Coast,1,Good,Good,0
32167,North Arm (Qld),36720,Sunshine Coast,1,Good,Good,0
32168,North Booval,33960,Ipswich,1,Good,Good,0
32169,North Branch (Southern Downs - Qld),36660,Southern Downs,1,Good,Good,0
32170,North Branch (Toowoomba - Qld),36910,Toowoomba,1,Good,Good,0
32171,North Bungunya,33610,Goondiwindi,1,Good,Good,0
32172,North Deep Creek,33620,Gympie,1,Good,Good,0
32173,North Eton,34770,Mackay,1,Good,Good,0
32174,North Gregory,31820,Bundaberg,1,Good,Good,0
32175,North Ipswich,33960,Ipswich,1,Good,Good,0
32176,North Isis,31820,Bundaberg,1,Good,Good,0
32177,North Johnstone,36820,Tablelands,1,Good,Good,0
32178,North Lakes,35010,Moreton Bay,1,Good,Good,0
32179,North Mackay,34770,Mackay,1,Good,Good,0
32180,North Maclagan,36910,Toowoomba,1,Good,Good,0
32181,North Maclean,34590,Logan,1,Good,Good,0
32182,North Maleny,36720,Sunshine Coast,1,Good,Good,0
32183,North Stradbroke Island,36250,Redland,1,Good,Good,0
32184,North Talwood,33610,Goondiwindi,1,Good,Good,0
32185,North Tivoli,33960,Ipswich,1,Good,Good,0
32186,North Toowoomba,36910,Toowoomba,1,Good,Good,0
32187,North Ward,37010,Townsville,1,Good,Good,0
32188,Northgate (Qld),31000,Brisbane,1,Good,Good,0
32189,Northhead,33100,Etheridge,1,Good,Good,0
32190,Norville,31820,Bundaberg,1,Good,Good,0
32191,Norwell,33430,Gold Coast,1,Good,Good,0
32192,Norwin,36910,Toowoomba,1,Good,Good,0
32193,Nudgee,31000,Brisbane,1,Good,Good,0
32194,Nudgee Beach,31000,Brisbane,1,Good,Good,0
32195,Nukku,36630,South Burnett,1,Good,Good,0
32196,Numinbah Valley,33430,Gold Coast,1,Good,Good,0
32197,Nundah,31000,Brisbane,1,Good,Good,0
32198,Nundubbermere,36660,Southern Downs,1,Good,Good,0
32199,Nutgrove,36910,Toowoomba,1,Good,Good,0
32200,Nychum,34880,Mareeba,1,Good,Good,0
32201,O'Bil Bil,35760,North Burnett,1,Good,Good,0
32202,O'Briens Hill,32260,Cassowary Coast,1,Good,Good,0
32203,O'Connell (Qld),33360,Gladstone,1,Good,Good,0
32204,O'Reilly,36510,Scenic Rim,1,Good,Good,0
32205,Oak Beach,32810,Douglas,1,Good,Good,0
32206,Oak Valley (Qld),37010,Townsville,1,Good,Good,0
32207,Oakdale (Qld),36630,South Burnett,1,Good,Good,0
32208,Oakenden,34770,Mackay,1,Good,Good,0
32209,Oakey,36910,Toowoomba,1,Good,Good,0
32210,Oakey Creek,36370,Rockhampton,1,Good,Good,0
32211,Oakhurst (Qld),33220,Fraser Coast,1,Good,Good,0
32212,Oakview,33620,Gympie,1,Good,Good,0
32213,Oakwood (Qld),31820,Bundaberg,1,Good,Good,0
32214,Oaky Creek,36510,Scenic Rim,1,Good,Good,0
32215,Oberina,34860,Maranoa,1,Good,Good,0
32216,Obi Obi,36720,Sunshine Coast,1,Good,Good,0
32217,Obum Obum,36510,Scenic Rim,1,Good,Good,0
32218,Ocean View,35010,Moreton Bay,1,Good,Good,0
32219,Ogmore,34530,Livingstone,1,Good,Good,0
32220,Okeden,36630,South Burnett,1,Good,Good,0
32221,Old Cooranga,35760,North Burnett,1,Good,Good,0
32222,Old Talgai,36660,Southern Downs,1,Good,Good,0
32223,Oman Ama,33610,Goondiwindi,1,Good,Good,0
32224,One Mile (Qld),33960,Ipswich,1,Good,Good,0
32225,Oombabeer,32270,Central Highlands (Qld),1,Good,Good,0
32226,Oonoonba,37010,Townsville,1,Good,Good,0
32227,Ooralea,34770,Mackay,1,Good,Good,0
32228,Opalton,37400,Winton,1,Good,Good,0
32229,Orallo,34860,Maranoa,1,Good,Good,0
32230,Orange Creek,30370,Banana,1,Good,Good,0
32231,Orange Hill,34860,Maranoa,1,Good,Good,0
32232,Orient,33800,Hinchinbrook,1,Good,Good,0
32233,Orion,32270,Central Highlands (Qld),1,Good,Good,0
32234,Ormeau,33430,Gold Coast,1,Good,Good,0
32235,Ormeau Hills,33430,Gold Coast,1,Good,Good,0
32236,Ormiston,36250,Redland,1,Good,Good,0
32237,Osborne (Qld),31900,Burdekin,1,Good,Good,0
32238,Ottaba,36580,Somerset,1,Good,Good,0
32239,Owanyilla,33220,Fraser Coast,1,Good,Good,0
32240,Owens Creek,34770,Mackay,1,Good,Good,0
32241,Oxenford,33430,Gold Coast,1,Good,Good,0
32242,Oxford,33980,Isaac,1,Good,Good,0
32243,Oxley (Qld),31000,Brisbane,1,Good,Good,0
32244,Oyster Creek,33360,Gladstone,1,Good,Good,0
32245,Pacific Haven,33220,Fraser Coast,1,Good,Good,0
32246,Pacific Heights,34530,Livingstone,1,Good,Good,0
32247,Pacific Paradise,36720,Sunshine Coast,1,Good,Good,0
32248,Pacific Pines,33430,Gold Coast,1,Good,Good,0
32249,Packers Camp,32080,Cairns,1,Good,Good,0
32250,Paddington (Qld),31000,Brisbane,1,Good,Good,0
32251,Paddys Green,34880,Mareeba,1,Good,Good,0
32252,Paget,34770,Mackay,1,Good,Good,0
32253,Palen Creek,36510,Scenic Rim,1,Good,Good,0
32254,Palgrave,36660,Southern Downs,1,Good,Good,0
32255,Pallara,31000,Brisbane,1,Good,Good,0
32256,Pallarenda,37010,Townsville,1,Good,Good,0
32257,Palm Beach (Qld),33430,Gold Coast,1,Good,Good,0
32258,Palm Cove,32080,Cairns,1,Good,Good,0
32259,Palm Grove (Qld),37340,Whitsunday,1,Good,Good,0
32260,Palm Island,33800,Hinchinbrook,0.0168782,Good,Good,0
32260,Palm Island,35790,Palm Island,0.9831218,Good,Good,0
32261,Palmer (Qld),32500,Cook,1,Good,Good,0
32262,Palmerston (Qld),32260,Cassowary Coast,0.0024907,Good,Good,1
32262,Palmerston (Qld),36820,Tablelands,0.9975093,Good,Good,0
32263,Palmtree,36910,Toowoomba,1,Good,Good,0
32264,Palmview,36720,Sunshine Coast,1,Good,Good,0
32265,Palmwoods (Qld),36720,Sunshine Coast,1,Good,Good,0
32266,Palmyra (Qld),34770,Mackay,1,Good,Good,0
32267,Paluma,32310,Charters Towers,0.4643112,Good,Good,0
32267,Paluma,37010,Townsville,0.5356888,Good,Good,0
32268,Pampas,36910,Toowoomba,1,Good,Good,0
32269,Paradise Point,33430,Gold Coast,1,Good,Good,0
32270,Park Avenue,36370,Rockhampton,1,Good,Good,0
32271,Park Ridge,34590,Logan,1,Good,Good,0
32272,Park Ridge South,34590,Logan,1,Good,Good,0
32273,Parkhurst,36370,Rockhampton,1,Good,Good,0
32274,Parkinson,31000,Brisbane,1,Good,Good,0
32275,Parklands (Qld),36720,Sunshine Coast,1,Good,Good,0
32276,Parknook,34860,Maranoa,1,Good,Good,0
32277,Parkside (Qld),35300,Mount Isa,1,Good,Good,0
32278,Parkwood (Qld),33430,Gold Coast,1,Good,Good,0
32279,Parramatta Park,32080,Cairns,1,Good,Good,0
32280,Parrearra,36720,Sunshine Coast,1,Good,Good,0
32281,Pasha,33980,Isaac,1,Good,Good,0
32282,Passchendaele,36660,Southern Downs,1,Good,Good,0
32283,Paterson (Qld),33220,Fraser Coast,1,Good,Good,0
32284,Patrick Estate,36580,Somerset,1,Good,Good,0
32285,Pauls Pocket,37340,Whitsunday,1,Good,Good,0
32286,Peachester,36720,Sunshine Coast,1,Good,Good,0
32287,Peacock Siding,33800,Hinchinbrook,1,Good,Good,0
32288,Peak Crossing,33960,Ipswich,0.106289,Good,Good,0
32288,Peak Crossing,36510,Scenic Rim,0.893711,Good,Good,0
32289,Pechey,36910,Toowoomba,1,Good,Good,0
32290,Peel Island,36250,Redland,1,Good,Good,0
32291,Peeramon,36820,Tablelands,1,Good,Good,0
32292,Pelham (Qld),37310,Western Downs,1,Good,Good,0
32293,Pelican (Qld),37310,Western Downs,1,Good,Good,0
32294,Pelican Waters,36720,Sunshine Coast,1,Good,Good,0
32295,Pentland,32310,Charters Towers,1,Good,Good,0
32296,Penwhaupell,35760,North Burnett,1,Good,Good,0
32297,Peranga,36910,Toowoomba,1,Good,Good,0
32298,Peregian Beach,35740,Noosa,0.6575752,Good,Good,0
32298,Peregian Beach,36720,Sunshine Coast,0.3424248,Good,Good,0
32299,Peregian Springs,36720,Sunshine Coast,1,Good,Good,0
32300,Perseverance,36910,Toowoomba,1,Good,Good,0
32301,Perwillowen,36720,Sunshine Coast,1,Good,Good,0
32302,Petford,34880,Mareeba,1,Good,Good,0
32303,Petrie,35010,Moreton Bay,1,Good,Good,0
32304,Petrie Terrace,31000,Brisbane,1,Good,Good,0
32305,Pheasant Creek (Qld),30370,Banana,1,Good,Good,0
32306,Philpott,35760,North Burnett,1,Good,Good,0
32307,Pialba,33220,Fraser Coast,1,Good,Good,0
32308,Pickanjinnie,34860,Maranoa,1,Good,Good,0
32309,Picnic Bay,37010,Townsville,1,Good,Good,0
32310,Pie Creek,33620,Gympie,1,Good,Good,0
32311,Pierces Creek,36910,Toowoomba,1,Good,Good,0
32312,Pikedale,36660,Southern Downs,1,Good,Good,0
32313,Pikes Creek,36660,Southern Downs,1,Good,Good,0
32314,Pile Gully,35760,North Burnett,1,Good,Good,0
32315,Pilerwa,33220,Fraser Coast,1,Good,Good,0
32316,Pilton,36910,Toowoomba,1,Good,Good,0
32317,Pimlico (Qld),37010,Townsville,1,Good,Good,0
32318,Pimpama,33430,Gold Coast,1,Good,Good,0
32319,Pimpimbudgee,36630,South Burnett,1,Good,Good,0
32320,Pin Gin Hill,32260,Cassowary Coast,1,Good,Good,0
32321,Pinbarren,35740,Noosa,1,Good,Good,0
32322,Pindi Pindi,34770,Mackay,1,Good,Good,0
32323,Pine Creek (Qld),31820,Bundaberg,1,Good,Good,0
32324,Pine Hills,37310,Western Downs,1,Good,Good,0
32325,Pine Mountain (Qld),33960,Ipswich,1,Good,Good,0
32326,Pinelands (Qld),36910,Toowoomba,1,Good,Good,0
32327,Pinevale,34770,Mackay,1,Good,Good,0
32328,Pinjarra Hills,31000,Brisbane,1,Good,Good,0
32329,Pink Lily,36370,Rockhampton,1,Good,Good,0
32330,Pinkenba,31000,Brisbane,1,Good,Good,0
32331,Pinnacle (Qld),34770,Mackay,1,Good,Good,0
32332,Pinnacles,37010,Townsville,1,Good,Good,0
32333,Pioneer (Qld),35300,Mount Isa,1,Good,Good,0
32334,Pioneers Rest,33220,Fraser Coast,1,Good,Good,0
32335,Pirrinuan,37310,Western Downs,1,Good,Good,0
32336,Pittsworth,36910,Toowoomba,1,Good,Good,0
32337,Piturie,30900,Boulia,1,Good,Good,0
32338,Placid Hills,34580,Lockyer Valley,1,Good,Good,0
32339,Plainby,36910,Toowoomba,1,Good,Good,0
32340,Plainland,34580,Lockyer Valley,1,Good,Good,0
32341,Pleystowe,34770,Mackay,1,Good,Good,0
32342,Point Arkwright,36720,Sunshine Coast,1,Good,Good,0
32343,Point Lookout,36250,Redland,1,Good,Good,0
32344,Point Vernon,33220,Fraser Coast,1,Good,Good,0
32345,Pomona (Qld),35740,Noosa,1,Good,Good,0
32346,Pony Hills,34860,Maranoa,1,Good,Good,0
32347,Poona,33220,Fraser Coast,1,Good,Good,0
32348,Porcupine,33200,Flinders (Qld),1,Good,Good,0
32349,Pormpuraaw,36070,Pormpuraaw,1,Good,Good,0
32350,Port Alma,36370,Rockhampton,1,Good,Good,0
32351,Port Curtis,36370,Rockhampton,1,Good,Good,0
32352,Port Douglas,32810,Douglas,1,Good,Good,0
32353,Port Of Brisbane,31000,Brisbane,1,Good,Good,0
32354,Portsmith,32080,Cairns,1,Good,Good,0
32355,Poruma Island,36960,Torres Strait Island,1,Good,Good,0
32356,Postmans Ridge,34580,Lockyer Valley,1,Good,Good,0
32357,Pozieres,36660,Southern Downs,1,Good,Good,0
32358,Prairie (Qld),33200,Flinders (Qld),1,Good,Good,0
32359,Pratten,36660,Southern Downs,1,Good,Good,0
32360,Prawle,33220,Fraser Coast,1,Good,Good,0
32361,Prenzlau,36580,Somerset,1,Good,Good,0
32362,Preston (Lockyer Valley - Qld),34580,Lockyer Valley,0.5353415,Good,Good,0
32362,Preston (Lockyer Valley - Qld),36910,Toowoomba,0.4646585,Good,Good,0
32363,Preston (Whitsunday - Qld),37340,Whitsunday,1,Good,Good,0
32364,Priestdale,34590,Logan,1,Good,Good,0
32365,Prince Henry Heights,36910,Toowoomba,1,Good,Good,0
32366,Prince Of Wales,36950,Torres,1,Good,Good,0
32367,Promisedland,31820,Bundaberg,1,Good,Good,0
32368,Proserpine,37340,Whitsunday,1,Good,Good,0
32369,Prospect (Qld),30370,Banana,1,Good,Good,0
32370,Proston,36630,South Burnett,1,Good,Good,0
32371,Pullenvale,31000,Brisbane,1,Good,Good,0
32372,Punchs Creek,36910,Toowoomba,1,Good,Good,0
32373,Punsand,36950,Torres,1,Good,Good,0
32374,Purga,33960,Ipswich,1,Good,Good,0
32375,Purrawunda,36910,Toowoomba,1,Good,Good,0
32376,Queenton,32310,Charters Towers,1,Good,Good,0
32377,Quilpie,36150,Quilpie,1,Good,Good,0
32378,Quinalow,36910,Toowoomba,1,Good,Good,0
32379,Qunaba,31820,Bundaberg,1,Good,Good,0
32380,Racecourse,34770,Mackay,1,Good,Good,0
32381,Raceview,33960,Ipswich,1,Good,Good,0
32382,Radford,36510,Scenic Rim,1,Good,Good,0
32383,Raglan (Qld),33360,Gladstone,1,Good,Good,0
32384,Railway Estate,37010,Townsville,1,Good,Good,0
32385,Rainbow Beach,33620,Gympie,1,Good,Good,0
32386,Ramsay (Qld),36910,Toowoomba,1,Good,Good,0
32387,Rangemore (Burdekin - Qld),31900,Burdekin,1,Good,Good,0
32388,Rangemore (Toowoomba - Qld),36910,Toowoomba,1,Good,Good,0
32389,Ranges Bridge,37310,Western Downs,1,Good,Good,0
32390,Rangeville,36910,Toowoomba,1,Good,Good,0
32391,Rangewood,37010,Townsville,1,Good,Good,0
32392,Ransome,31000,Brisbane,1,Good,Good,0
32393,Rasmussen,37010,Townsville,1,Good,Good,0
32394,Rathdowney,36510,Scenic Rim,1,Good,Good,0
32395,Ravensbourne,36910,Toowoomba,1,Good,Good,0
32396,Ravenshoe,36820,Tablelands,1,Good,Good,0
32397,Ravenswood (Qld),32310,Charters Towers,1,Good,Good,0
32398,Ravensworth (Qld),34880,Mareeba,1,Good,Good,0
32399,Rawbelle,35760,North Burnett,1,Good,Good,0
32400,Red Hill (Brisbane - Qld),31000,Brisbane,1,Good,Good,0
32401,Red Hill (Western Downs - Qld),37310,Western Downs,1,Good,Good,0
32402,Red River,34880,Mareeba,1,Good,Good,0
32403,Redbank (Qld),33960,Ipswich,1,Good,Good,0
32404,Redbank Creek,36580,Somerset,1,Good,Good,0
32405,Redbank Plains,33960,Ipswich,1,Good,Good,0
32406,Redcliffe (Qld),35010,Moreton Bay,1,Good,Good,0
32407,Redford,34860,Maranoa,0.9988256,Good,Good,0
32407,Redford,35600,Murweh,0.0011744,Good,Good,1
32408,Redgate (Qld),36630,South Burnett,1,Good,Good,0
32409,Redhill Farms,31820,Bundaberg,1,Good,Good,0
32410,Redland Bay,36250,Redland,1,Good,Good,0
32411,Redlynch,32080,Cairns,1,Good,Good,0
32412,Redridge,31820,Bundaberg,1,Good,Good,0
32413,Redwood,36910,Toowoomba,1,Good,Good,0
32414,Reedy Creek (Qld),33430,Gold Coast,1,Good,Good,0
32415,Reesville,36720,Sunshine Coast,1,Good,Good,0
32416,Regency Downs,34580,Lockyer Valley,1,Good,Good,0
32417,Regents Park (Qld),34590,Logan,1,Good,Good,0
32418,Reid River,32310,Charters Towers,0.2778086,Good,Good,0
32418,Reid River,37010,Townsville,0.7221914,Good,Good,0
32419,Reids Creek,35760,North Burnett,1,Good,Good,0
32420,Retro,32270,Central Highlands (Qld),1,Good,Good,0
32421,Rewan,32270,Central Highlands (Qld),1,Good,Good,0
32422,Rhydding,32270,Central Highlands (Qld),1,Good,Good,0
32423,Richlands (Qld),31000,Brisbane,1,Good,Good,0
32424,Richmond (Mackay - Qld),34770,Mackay,1,Good,Good,0
32425,Richmond (Richmond - Qld),36300,Richmond,1,Good,Good,0
32426,Richmond Hill (Qld),32310,Charters Towers,1,Good,Good,0
32427,Ridgelands,36370,Rockhampton,1,Good,Good,0
32428,Ridgewood (Qld),35740,Noosa,1,Good,Good,0
32429,Rifle Range,36580,Somerset,1,Good,Good,0
32430,Ringtail Creek,35740,Noosa,1,Good,Good,0
32431,Ringwood (Qld),34580,Lockyer Valley,1,Good,Good,0
32432,Riordanvale,37340,Whitsunday,1,Good,Good,0
32433,Ripley,33960,Ipswich,1,Good,Good,0
32434,Rita Island,31900,Burdekin,1,Good,Good,0
32435,River Heads,33220,Fraser Coast,1,Good,Good,0
32436,River Ranch,33360,Gladstone,1,Good,Good,0
32437,Riverbend,34590,Logan,1,Good,Good,0
32438,Riverhills,31000,Brisbane,1,Good,Good,0
32439,Riverleigh,35760,North Burnett,1,Good,Good,0
32440,Riversleigh,35600,Murweh,1,Good,Good,0
32441,Riverton (Qld),33610,Goondiwindi,1,Good,Good,0
32442,Riverview (Qld),33960,Ipswich,1,Good,Good,0
32443,Roadvale,36510,Scenic Rim,1,Good,Good,0
32444,Robertson (Qld),31000,Brisbane,1,Good,Good,0
32445,Robina,33430,Gold Coast,1,Good,Good,0
32446,Roche Creek,37310,Western Downs,1,Good,Good,0
32447,Rochedale,31000,Brisbane,1,Good,Good,0
32448,Rochedale South,34590,Logan,1,Good,Good,0
32449,Rockhampton City,36370,Rockhampton,1,Good,Good,0
32450,Rockingham (Qld),32260,Cassowary Coast,1,Good,Good,0
32451,Rocklea (Qld),31000,Brisbane,1,Good,Good,0
32452,Rockmount,34580,Lockyer Valley,1,Good,Good,0
32453,Rocksberg,35010,Moreton Bay,1,Good,Good,0
32454,Rockside,34580,Lockyer Valley,1,Good,Good,0
32455,Rockville,36910,Toowoomba,1,Good,Good,0
32456,Rocky Creek (Qld),36910,Toowoomba,1,Good,Good,0
32457,Rocky Point (Douglas - Qld),32810,Douglas,1,Good,Good,0
32458,Rocky Point (Weipa - Qld),37300,Weipa,1,Good,Good,0
32459,Rockyview,34530,Livingstone,1,Good,Good,0
32460,Rodds Bay,33360,Gladstone,1,Good,Good,0
32461,Rodgers Creek,36660,Southern Downs,1,Good,Good,0
32462,Rolleston,32270,Central Highlands (Qld),1,Good,Good,0
32463,Rollingstone,37010,Townsville,1,Good,Good,0
32464,Roma,34860,Maranoa,1,Good,Good,0
32465,Rookwood (Qld),34880,Mareeba,1,Good,Good,0
32466,Ropeley,34580,Lockyer Valley,1,Good,Good,0
32467,Rosalie Plains,36910,Toowoomba,1,Good,Good,0
32468,Rosedale (Qld),31820,Bundaberg,4.30E-05,Good,Good,1
32468,Rosedale (Qld),33360,Gladstone,0.999957,Good,Good,0
32469,Rosehill (Qld),36660,Southern Downs,1,Good,Good,0
32470,Rosella,34770,Mackay,1,Good,Good,0
32471,Rosemount,36720,Sunshine Coast,1,Good,Good,0
32472,Roseneath,37010,Townsville,1,Good,Good,0
32473,Rosenthal Heights,36660,Southern Downs,1,Good,Good,0
32474,Rosevale (Qld),36510,Scenic Rim,1,Good,Good,0
32475,Rosewood (Qld),33960,Ipswich,1,Good,Good,0
32476,Ross Creek (Qld),33620,Gympie,1,Good,Good,0
32477,Ross River,37010,Townsville,1,Good,Good,0
32478,Rosslea,37010,Townsville,1,Good,Good,0
32479,Rosslyn,34530,Livingstone,1,Good,Good,0
32480,Rossmoya,34530,Livingstone,1,Good,Good,0
32481,Rossvale,36910,Toowoomba,1,Good,Good,0
32482,Rossville,32500,Cook,1,Good,Good,0
32483,Rothwell,35010,Moreton Bay,1,Good,Good,0
32484,Round Hill (Qld),33360,Gladstone,1,Good,Good,0
32485,Roundstone,30370,Banana,1,Good,Good,0
32486,Rowes Bay,37010,Townsville,1,Good,Good,0
32487,Royston,36580,Somerset,1,Good,Good,0
32488,Rubyanna,31820,Bundaberg,1,Good,Good,0
32489,Rules Beach,33360,Gladstone,1,Good,Good,0
32490,Runaway Bay,33430,Gold Coast,1,Good,Good,0
32491,Runcorn,31000,Brisbane,1,Good,Good,0
32492,Rungoo,32260,Cassowary Coast,1,Good,Good,0
32493,Running Creek (Qld),36510,Scenic Rim,1,Good,Good,0
32494,Runnymede (Qld),36630,South Burnett,1,Good,Good,0
32495,Rural View,34770,Mackay,1,Good,Good,0
32496,Rush Creek,35010,Moreton Bay,1,Good,Good,0
32497,Russell Island,36250,Redland,1,Good,Good,0
32498,Ryan (Qld),35300,Mount Isa,1,Good,Good,0
32499,Ryeford,36910,Toowoomba,1,Good,Good,0
32500,Rywung,37310,Western Downs,1,Good,Good,0
32501,Sabine,36910,Toowoomba,1,Good,Good,0
32502,Sadliers Crossing,33960,Ipswich,1,Good,Good,0
32503,Saibai Island,36960,Torres Strait Island,1,Good,Good,0
32504,Salisbury (Qld),31000,Brisbane,1,Good,Good,0
32505,Samford Valley,35010,Moreton Bay,1,Good,Good,0
32506,Samford Village,35010,Moreton Bay,1,Good,Good,0
32507,Samsonvale,35010,Moreton Bay,1,Good,Good,0
32508,Sandgate (Qld),31000,Brisbane,1,Good,Good,0
32509,Sandiford,34770,Mackay,1,Good,Good,0
32510,Sandringham (Qld),34530,Livingstone,1,Good,Good,0
32511,Sandstone Point,35010,Moreton Bay,1,Good,Good,0
32512,Sandy Camp,36910,Toowoomba,1,Good,Good,0
32513,Sandy Creek (Qld),36580,Somerset,1,Good,Good,0
32514,Sandy Pocket,32260,Cassowary Coast,1,Good,Good,0
32515,Sandy Ridges,36630,South Burnett,1,Good,Good,0
32516,Sapphire Central,32270,Central Highlands (Qld),1,Good,Good,0
32517,Sarabah,36510,Scenic Rim,1,Good,Good,0
32518,Sarina,34770,Mackay,1,Good,Good,0
32519,Sarina Beach,34770,Mackay,1,Good,Good,0
32520,Sarina Range,34770,Mackay,1,Good,Good,0
32521,Saunders Beach,37010,Townsville,1,Good,Good,0
32522,Savannah,32250,Carpentaria,1,Good,Good,0
32523,Saxby,36300,Richmond,1,Good,Good,0
32524,Scarborough (Qld),35010,Moreton Bay,1,Good,Good,0
32525,Scarness,33220,Fraser Coast,1,Good,Good,0
32526,Scotchy Pocket,33620,Gympie,1,Good,Good,0
32527,Scottville,37340,Whitsunday,1,Good,Good,0
32528,Scrub Creek,36580,Somerset,1,Good,Good,0
32529,Scrubby Creek (Blackall Tambo - Qld),30760,Blackall Tambo,1,Good,Good,0
32530,Scrubby Creek (Gympie - Qld),33620,Gympie,1,Good,Good,0
32531,Scrubby Mountain,36910,Toowoomba,1,Good,Good,0
32532,Seaforth (Qld),34770,Mackay,1,Good,Good,0
32533,Seisia,35780,Northern Peninsula Area,1,Good,Good,0
32534,Selene,35760,North Burnett,1,Good,Good,0
32535,Selwyn (Qld),32450,Cloncurry,1,Good,Good,0
32536,Septimus,34770,Mackay,1,Good,Good,0
32537,Seven Hills (Qld),31000,Brisbane,1,Good,Good,0
32538,Seventeen Mile,34580,Lockyer Valley,1,Good,Good,0
32539,Seventeen Mile Rocks,31000,Brisbane,1,Good,Good,0
32540,Seventeen Seventy,33360,Gladstone,1,Good,Good,0
32541,Seventy Mile,32310,Charters Towers,1,Good,Good,0
32542,Severnlea,36660,Southern Downs,1,Good,Good,0
32543,Sexton,33620,Gympie,1,Good,Good,0
32544,Shailer Park,34590,Logan,1,Good,Good,0
32545,Shannonvale,32810,Douglas,1,Good,Good,0
32546,Sharon,31820,Bundaberg,1,Good,Good,0
32547,Shaw,37010,Townsville,1,Good,Good,0
32548,Sheep Station Creek,36580,Somerset,1,Good,Good,0
32549,Shelburne,32500,Cook,1,Good,Good,0
32550,Sheldon,36250,Redland,1,Good,Good,0
32551,Shell Pocket,32260,Cassowary Coast,1,Good,Good,0
32552,Shelly Beach (Sunshine Coast - Qld),36720,Sunshine Coast,1,Good,Good,0
32553,Shelly Beach (Townsville - Qld),37010,Townsville,1,Good,Good,0
32554,Sherwood (Qld),31000,Brisbane,1,Good,Good,0
32555,Shirbourne,31900,Burdekin,1,Good,Good,0
32556,Shoal Point,34770,Mackay,1,Good,Good,0
32557,Shoalwater (Qld),34530,Livingstone,1,Good,Good,0
32558,Shorncliffe,31000,Brisbane,1,Good,Good,0
32559,Shute Harbour,37340,Whitsunday,1,Good,Good,0
32560,Silkstone,33960,Ipswich,1,Good,Good,0
32561,Silkwood,32260,Cassowary Coast,1,Good,Good,0
32562,Silky Oak,32260,Cassowary Coast,1,Good,Good,0
32563,Silver Creek,37340,Whitsunday,1,Good,Good,0
32564,Silver Ridge,34580,Lockyer Valley,1,Good,Good,0
32565,Silver Spur,33610,Goondiwindi,1,Good,Good,0
32566,Silver Valley,36820,Tablelands,1,Good,Good,0
32567,Silverbark Ridge,34590,Logan,1,Good,Good,0
32568,Silverdale (Qld),36510,Scenic Rim,1,Good,Good,0
32569,Silverleaf,36630,South Burnett,1,Good,Good,0
32570,Silverleigh,36910,Toowoomba,1,Good,Good,0
32571,Silverwood,36660,Southern Downs,1,Good,Good,0
32572,Simmie,34860,Maranoa,1,Good,Good,0
32573,Sinnamon Park,31000,Brisbane,1,Good,Good,0
32574,Sippy Downs,36720,Sunshine Coast,1,Good,Good,0
32575,Skyring Reserve,31820,Bundaberg,1,Good,Good,0
32576,Slacks Creek,34590,Logan,1,Good,Good,0
32577,Slade Point,34770,Mackay,1,Good,Good,0
32578,Sladevale,36660,Southern Downs,1,Good,Good,0
32579,Smithfield (Qld),32080,Cairns,1,Good,Good,0
32580,Smithlea,33610,Goondiwindi,1,Good,Good,0
32581,Soldiers Hill (Qld),35300,Mount Isa,1,Good,Good,0
32582,Somerset (Qld),35780,Northern Peninsula Area,0.1111111,Good,Good,0
32582,Somerset (Qld),36950,Torres,0.8888889,Good,Good,0
32583,Somerset Dam,36580,Somerset,1,Good,Good,0
32584,Sommariva,35600,Murweh,1,Good,Good,0
32585,Somme,36660,Southern Downs,1,Good,Good,0
32586,South Bingera,31820,Bundaberg,1,Good,Good,0
32587,South Brisbane,31000,Brisbane,1,Good,Good,0
32588,South East Nanango,36630,South Burnett,1,Good,Good,0
32589,South Gladstone,33360,Gladstone,1,Good,Good,0
32590,South Innisfail,32260,Cassowary Coast,1,Good,Good,0
32591,South Isis,31820,Bundaberg,1,Good,Good,0
32592,South Johnstone,32260,Cassowary Coast,1,Good,Good,0
32593,South Kolan,31820,Bundaberg,1,Good,Good,0
32594,South Mackay,34770,Mackay,1,Good,Good,0
32595,South Maclean,34590,Logan,1,Good,Good,0
32596,South Mission Beach,32260,Cassowary Coast,1,Good,Good,0
32597,South Nanango,36630,South Burnett,1,Good,Good,0
32598,South Ripley,33960,Ipswich,1,Good,Good,0
32599,South Stradbroke,33430,Gold Coast,1,Good,Good,0
32600,South Talwood,33610,Goondiwindi,1,Good,Good,0
32601,South Toowoomba,36910,Toowoomba,1,Good,Good,0
32602,South Townsville,37010,Townsville,1,Good,Good,0
32603,South Trees,33360,Gladstone,1,Good,Good,0
32604,South Wellesley Islands,35250,Mornington,1,Good,Good,0
32605,South Yaamba,36370,Rockhampton,1,Good,Good,0
32606,Southbrook,36910,Toowoomba,1,Good,Good,0
32607,Southedge,34880,Mareeba,1,Good,Good,0
32608,Southern Cross (Qld),32310,Charters Towers,1,Good,Good,0
32609,Southern Lamington,36510,Scenic Rim,1,Good,Good,0
32610,Southern Moreton Bay Islands,33430,Gold Coast,1,Good,Good,0
32611,Southport (Qld),33430,Gold Coast,1,Good,Good,0
32612,Southside,33620,Gympie,1,Good,Good,0
32613,Southwood,37310,Western Downs,1,Good,Good,0
32614,Speedwell,36630,South Burnett,1,Good,Good,0
32615,Speewah,34880,Mareeba,1,Good,Good,0
32616,Splinter Creek,35760,North Burnett,1,Good,Good,0
32617,Split Yard Creek,36580,Somerset,1,Good,Good,0
32618,Spreadborough,35300,Mount Isa,1,Good,Good,0
32619,Spring Bluff,36910,Toowoomba,1,Good,Good,0
32620,Spring Creek (Banana - Qld),30370,Banana,1,Good,Good,0
32621,Spring Creek (Lockyer Valley - Qld),34580,Lockyer Valley,1,Good,Good,0
32622,Spring Creek (Toowoomba - Qld),36660,Southern Downs,0.3197828,Good,Good,0
32622,Spring Creek (Toowoomba - Qld),36910,Toowoomba,0.6802172,Good,Good,0
32623,Spring Hill (Qld),31000,Brisbane,1,Good,Good,0
32624,Spring Mountain (Qld),33960,Ipswich,1,Good,Good,0
32625,Springbrook,33430,Gold Coast,1,Good,Good,0
32626,Springdale (Qld),36660,Southern Downs,1,Good,Good,0
32627,Springfield (Ipswich - Qld),33960,Ipswich,1,Good,Good,0
32628,Springfield (Mareeba - Qld),34880,Mareeba,1,Good,Good,0
32629,Springfield Central,33960,Ipswich,1,Good,Good,0
32630,Springfield Lakes,33960,Ipswich,1,Good,Good,0
32631,Springlands,37340,Whitsunday,1,Good,Good,0
32632,Springside (Qld),36910,Toowoomba,1,Good,Good,0
32633,Springsure,32270,Central Highlands (Qld),1,Good,Good,0
32634,Springvale (Qld),37310,Western Downs,1,Good,Good,0
32635,Springwood (Qld),34590,Logan,1,Good,Good,0
32636,Spurgeon,32810,Douglas,1,Good,Good,0
32637,St Agnes (Qld),31820,Bundaberg,1,Good,Good,0
32638,St Aubyn,36910,Toowoomba,1,Good,Good,0
32639,St George (Qld),30300,Balonne,1,Good,Good,0
32640,St Helens (Fraser Coast - Qld),33220,Fraser Coast,1,Good,Good,0
32641,St Helens (Toowoomba - Qld),36910,Toowoomba,1,Good,Good,0
32642,St Helens Beach,34770,Mackay,1,Good,Good,0
32643,St Kilda (Qld),31820,Bundaberg,1,Good,Good,0
32644,St Lawrence,33980,Isaac,1,Good,Good,0
32645,St Lucia,31000,Brisbane,1,Good,Good,0
32646,St Mary,33220,Fraser Coast,1,Good,Good,0
32647,St Ruth,36910,Toowoomba,0.1506354,Good,Good,0
32647,St Ruth,37310,Western Downs,0.8493646,Good,Good,0
32648,Staaten,34880,Mareeba,1,Good,Good,0
32649,Stafford,31000,Brisbane,1,Good,Good,0
32650,Stafford Heights,31000,Brisbane,1,Good,Good,0
32651,Stalworth,36630,South Burnett,1,Good,Good,0
32652,Stamford,33200,Flinders (Qld),1,Good,Good,0
32653,Stanage,34530,Livingstone,1,Good,Good,0
32654,Stanmore (Qld),35010,Moreton Bay,1,Good,Good,0
32655,Stanthorpe,36660,Southern Downs,1,Good,Good,0
32656,Stanwell,36370,Rockhampton,1,Good,Good,0
32657,Stapylton,33430,Gold Coast,1,Good,Good,0
32658,Starcke,32500,Cook,1,Good,Good,0
32659,Steiglitz (Qld),33430,Gold Coast,1,Good,Good,0
32660,Stewart Creek Valley,32810,Douglas,1,Good,Good,0
32661,Stewarton (Qld),32270,Central Highlands (Qld),1,Good,Good,0
32662,Stockhaven,35760,North Burnett,1,Good,Good,0
32663,Stockleigh,34590,Logan,1,Good,Good,0
32664,Stockton (Qld),32260,Cassowary Coast,1,Good,Good,0
32665,Stockyard (Livingstone - Qld),34530,Livingstone,1,Good,Good,0
32666,Stockyard (Lockyer Valley - Qld),34580,Lockyer Valley,1,Good,Good,0
32667,Stokes,32250,Carpentaria,1,Good,Good,0
32668,Stonehenge (Barcoo - Qld),30450,Barcoo,1,Good,Good,0
32669,Stonehenge (Toowoomba - Qld),36910,Toowoomba,1,Good,Good,0
32670,Stonelands,36630,South Burnett,1,Good,Good,0
32671,Stoneleigh (Qld),36910,Toowoomba,1,Good,Good,0
32672,Stones Corner,31000,Brisbane,1,Good,Good,0
32673,Stony Creek (Qld),35010,Moreton Bay,1,Good,Good,0
32674,Storm King,36660,Southern Downs,1,Good,Good,0
32675,Stoters Hill,32260,Cassowary Coast,1,Good,Good,0
32676,Stratford (Qld),32080,Cairns,1,Good,Good,0
32677,Strathdickie,37340,Whitsunday,1,Good,Good,0
32678,Strathfield (Qld),33980,Isaac,1,Good,Good,0
32679,Strathmore (Qld),33100,Etheridge,0.9985795,Good,Good,0
32679,Strathmore (Qld),34880,Mareeba,0.0014205,Good,Good,1
32680,Strathpine,35010,Moreton Bay,1,Good,Good,0
32681,Stretton,31000,Brisbane,1,Good,Good,0
32682,Struck Oil,36370,Rockhampton,1,Good,Good,0
32683,Stuart (Qld),37010,Townsville,1,Good,Good,0
32684,Sturt (Qld),30900,Boulia,0.5,Good,Good,0
32684,Sturt (Qld),32750,Diamantina,0.5,Good,Good,0
32685,Sugarloaf (Southern Downs - Qld),36660,Southern Downs,1,Good,Good,0
32686,Sugarloaf (Whitsunday - Qld),37340,Whitsunday,1,Good,Good,0
32687,Sujeewong,37310,Western Downs,1,Good,Good,0
32688,Summerholm,34580,Lockyer Valley,1,Good,Good,0
32689,Sumner,31000,Brisbane,1,Good,Good,0
32690,Sun Valley (Qld),33360,Gladstone,1,Good,Good,0
32691,Sundown (Cassowary Coast - Qld),32260,Cassowary Coast,1,Good,Good,0
32692,Sundown (Southern Downs - Qld),36660,Southern Downs,1,Good,Good,0
32693,Sunny Nook,36630,South Burnett,1,Good,Good,0
32694,Sunnybank,31000,Brisbane,1,Good,Good,0
32695,Sunnybank Hills,31000,Brisbane,1,Good,Good,0
32696,Sunnyside (Qld),34770,Mackay,1,Good,Good,0
32697,Sunrise Beach,35740,Noosa,1,Good,Good,0
32698,Sunset,35300,Mount Isa,1,Good,Good,0
32699,Sunshine Acres,33220,Fraser Coast,1,Good,Good,0
32700,Sunshine Beach,35740,Noosa,1,Good,Good,0
32701,Surat,34860,Maranoa,1,Good,Good,0
32702,Surfers Paradise,33430,Gold Coast,1,Good,Good,0
32703,Susan River,33220,Fraser Coast,1,Good,Good,0
32704,Suttor,33980,Isaac,1,Good,Good,0
32705,Svensson Heights,31820,Bundaberg,1,Good,Good,0
32706,Swan Creek (Qld),36660,Southern Downs,1,Good,Good,0
32707,Swanbank,33960,Ipswich,1,Good,Good,0
32708,Swanfels,36660,Southern Downs,1,Good,Good,0
32709,Swans Lagoon,31900,Burdekin,1,Good,Good,0
32710,Sweers Island,35250,Mornington,1,Good,Good,0
32711,Syndicate,32810,Douglas,1,Good,Good,0
32712,Taabinga,36630,South Burnett,1,Good,Good,0
32713,Tablelands (Gladstone - Qld),33360,Gladstone,1,Good,Good,0
32714,Tablelands (South Burnett - Qld),36630,South Burnett,1,Good,Good,0
32715,Tabooba,36510,Scenic Rim,1,Good,Good,0
32716,Tabragalba,36510,Scenic Rim,1,Good,Good,0
32717,Taigum,31000,Brisbane,1,Good,Good,0
32718,Takilberan,31820,Bundaberg,1,Good,Good,0
32719,Takura,33220,Fraser Coast,1,Good,Good,0
32720,Talaroo,33100,Etheridge,1,Good,Good,0
32721,Taldora,34800,McKinlay,1,Good,Good,0
32722,Talegalla Weir,33220,Fraser Coast,1,Good,Good,0
32723,Talgai,36660,Southern Downs,1,Good,Good,0
32724,Tallai,33430,Gold Coast,1,Good,Good,0
32725,Tallebudgera,33430,Gold Coast,1,Good,Good,0
32726,Tallebudgera Valley,33430,Gold Coast,1,Good,Good,0
32727,Tallegalla,33960,Ipswich,1,Good,Good,0
32728,Tam O'Shanter,32260,Cassowary Coast,1,Good,Good,0
32729,Tamaree,33620,Gympie,1,Good,Good,0
32730,Tambo,30760,Blackall Tambo,1,Good,Good,0
32731,Tamborine,34590,Logan,0.3155515,Good,Good,0
32731,Tamborine,36510,Scenic Rim,0.6844485,Good,Good,0
32732,Tamborine Mountain,36510,Scenic Rim,1,Good,Good,0
32733,Tamrookum,36510,Scenic Rim,1,Good,Good,0
32734,Tamrookum Creek,36510,Scenic Rim,1,Good,Good,0
32735,Tanah Merah,34590,Logan,1,Good,Good,0
32736,Tanawha,36720,Sunshine Coast,1,Good,Good,0
32737,Tanbar,30450,Barcoo,1,Good,Good,0
32738,Tanby,34530,Livingstone,1,Good,Good,0
32739,Tandora,33220,Fraser Coast,1,Good,Good,0
32740,Tandur,33620,Gympie,1,Good,Good,0
32741,Tangorin,33200,Flinders (Qld),1,Good,Good,0
32742,Tannum Sands,33360,Gladstone,1,Good,Good,0
32743,Tannymorel,36660,Southern Downs,1,Good,Good,0
32744,Tansey,33620,Gympie,1,Good,Good,0
32745,Tara (Qld),37310,Western Downs,1,Good,Good,0
32746,Taragoola,33360,Gladstone,1,Good,Good,0
32747,Tarampa,36580,Somerset,1,Good,Good,0
32748,Taranganba,34530,Livingstone,1,Good,Good,0
32749,Tarawera,33610,Goondiwindi,1,Good,Good,0
32750,Targinnie,33360,Gladstone,1,Good,Good,0
32751,Taringa,31000,Brisbane,1,Good,Good,0
32752,Tarome,36510,Scenic Rim,1,Good,Good,0
32753,Taromeo,36630,South Burnett,1,Good,Good,0
32754,Tarong,36630,South Burnett,1,Good,Good,0
32755,Taroom,30370,Banana,1,Good,Good,0
32756,Taroomball,34530,Livingstone,1,Good,Good,0
32757,Tarragindi,31000,Brisbane,1,Good,Good,0
32758,Tarramba,30370,Banana,1,Good,Good,0
32759,Tarzali,36820,Tablelands,1,Good,Good,0
32760,Taunton (Qld),33360,Gladstone,1,Good,Good,0
32761,Taylors Beach (Qld),33800,Hinchinbrook,1,Good,Good,0
32762,Te Kowai,34770,Mackay,1,Good,Good,0
32763,Teddington,33220,Fraser Coast,1,Good,Good,0
32764,Teebar,33220,Fraser Coast,1,Good,Good,0
32765,Teelah,36630,South Burnett,1,Good,Good,0
32766,Teelba,34860,Maranoa,1,Good,Good,0
32767,Telina,33360,Gladstone,1,Good,Good,0
32768,Tellebang,35760,North Burnett,1,Good,Good,0
32769,Templin,36510,Scenic Rim,1,Good,Good,0
32770,Teneriffe,31000,Brisbane,1,Good,Good,0
32771,Tennyson (Qld),31000,Brisbane,1,Good,Good,0
32772,Terrica,33610,Goondiwindi,1,Good,Good,0
32773,Teviotville,36510,Scenic Rim,1,Good,Good,0
32774,Tewantin,35740,Noosa,1,Good,Good,0
32775,Texas (Qld),33610,Goondiwindi,1,Good,Good,0
32776,Thabeban,31820,Bundaberg,1,Good,Good,0
32777,Thagoona,33960,Ipswich,1,Good,Good,0
32778,Thallon,30300,Balonne,1,Good,Good,0
32779,Thane,36660,Southern Downs,1,Good,Good,0
32780,Thanes Creek,36660,Southern Downs,1,Good,Good,0
32781,Thangool,30370,Banana,1,Good,Good,0
32782,Thargomindah,31750,Bulloo,1,Good,Good,0
32783,The Bluff (Ipswich - Qld),33960,Ipswich,1,Good,Good,0
32784,The Bluff (Toowoomba - Qld),36910,Toowoomba,1,Good,Good,0
32785,The Caves,34530,Livingstone,1,Good,Good,0
32786,The Common,36370,Rockhampton,1,Good,Good,0
32787,The Dawn,33620,Gympie,1,Good,Good,0
32788,The Dimonds,33220,Fraser Coast,1,Good,Good,0
32789,The Falls,36660,Southern Downs,1,Good,Good,0
32790,The Gap (Brisbane - Qld),31000,Brisbane,1,Good,Good,0
32791,The Gap (Mount Isa - Qld),35300,Mount Isa,1,Good,Good,0
32792,The Glen (Qld),36660,Southern Downs,1,Good,Good,0
32793,The Gums,37310,Western Downs,1,Good,Good,0
32794,The Head,36660,Southern Downs,1,Good,Good,0
32795,The Hermitage,36660,Southern Downs,1,Good,Good,0
32796,The Keppels,34530,Livingstone,1,Good,Good,0
32797,The Leap,34770,Mackay,1,Good,Good,0
32798,The Limits,35760,North Burnett,1,Good,Good,0
32799,The Mine,36370,Rockhampton,1,Good,Good,0
32800,The Narrows (Qld),33360,Gladstone,1,Good,Good,0
32801,The Palms,33620,Gympie,1,Good,Good,0
32802,The Percy Group,33980,Isaac,1,Good,Good,0
32803,The Pines (Qld),36910,Toowoomba,1,Good,Good,0
32804,The Range (Qld),36370,Rockhampton,1,Good,Good,0
32805,The Summit,36660,Southern Downs,1,Good,Good,0
32806,Theebine,33220,Fraser Coast,0.0352742,Good,Good,0
32806,Theebine,33620,Gympie,0.9647258,Good,Good,0
32807,Theodore (Qld),30370,Banana,1,Good,Good,0
32808,Theresa Creek (Qld),32270,Central Highlands (Qld),1,Good,Good,0
32809,Thinoomba,33220,Fraser Coast,1,Good,Good,0
32810,Thompson Point,34530,Livingstone,1,Good,Good,0
32811,Thoopara,37340,Whitsunday,1,Good,Good,0
32812,Thornborough,34880,Mareeba,1,Good,Good,0
32813,Thorndale,36660,Southern Downs,1,Good,Good,0
32814,Thorneside,36250,Redland,1,Good,Good,0
32815,Thornlands,36250,Redland,1,Good,Good,0
32816,Thornton (Qld),34580,Lockyer Valley,1,Good,Good,0
32817,Thornton Beach,32810,Douglas,1,Good,Good,0
32818,Thornville,36910,Toowoomba,1,Good,Good,0
32819,Three Moon,35760,North Burnett,1,Good,Good,0
32820,Three Rivers,32450,Cloncurry,1,Good,Good,0
32821,Thulimbah,36660,Southern Downs,1,Good,Good,0
32822,Thuringowa Central,37010,Townsville,1,Good,Good,0
32823,Thursday Island,36950,Torres,1,Good,Good,0
32824,Tiaro,33220,Fraser Coast,1,Good,Good,0
32825,Tieri,32270,Central Highlands (Qld),1,Good,Good,0
32826,Tin Can Bay,33220,Fraser Coast,8.80E-06,Good,Good,1
32826,Tin Can Bay,33620,Gympie,0.9999912,Good,Good,0
32827,Tinana,33220,Fraser Coast,1,Good,Good,0
32828,Tinana South,33220,Fraser Coast,1,Good,Good,0
32829,Tinaroo,36820,Tablelands,1,Good,Good,0
32830,Tinbeerwah,35740,Noosa,1,Good,Good,0
32831,Tingalpa,31000,Brisbane,1,Good,Good,0
32832,Tingoora,36630,South Burnett,1,Good,Good,0
32833,Tingun,34860,Maranoa,1,Good,Good,0
32834,Tinnanbar,33220,Fraser Coast,1,Good,Good,0
32835,Tipton,36910,Toowoomba,1,Good,Good,0
32836,Tirroan,31820,Bundaberg,1,Good,Good,0
32837,Tivoli,33960,Ipswich,1,Good,Good,0
32838,Togara,32270,Central Highlands (Qld),1,Good,Good,0
32839,Toko,30900,Boulia,1,Good,Good,0
32840,Tolga,36820,Tablelands,1,Good,Good,0
32841,Toll,32310,Charters Towers,1,Good,Good,0
32842,Toobanna,33800,Hinchinbrook,1,Good,Good,0
32843,Toobeah,33610,Goondiwindi,1,Good,Good,0
32844,Toogoolawah,36580,Somerset,1,Good,Good,0
32845,Toogoom,33220,Fraser Coast,1,Good,Good,0
32846,Toolakea,37010,Townsville,1,Good,Good,0
32847,Toolara Forest,33220,Fraser Coast,0.2,Good,Good,0
32847,Toolara Forest,33620,Gympie,0.8,Good,Good,0
32848,Toolburra,36660,Southern Downs,1,Good,Good,0
32849,Toolooa,33360,Gladstone,1,Good,Good,0
32850,Toomulla,37010,Townsville,1,Good,Good,0
32851,Toondahra,35760,North Burnett,1,Good,Good,0
32852,Toonpan,37010,Townsville,1,Good,Good,0
32853,Toorbul,35010,Moreton Bay,1,Good,Good,0
32854,Toowong,31000,Brisbane,1,Good,Good,0
32855,Toowoomba City,36910,Toowoomba,1,Good,Good,0
32856,Top Camp,36910,Toowoomba,1,Good,Good,0
32857,Topaz,36820,Tablelands,1,Good,Good,0
32858,Torbanlea,33220,Fraser Coast,1,Good,Good,0
32859,Torquay (Qld),33220,Fraser Coast,1,Good,Good,0
32860,Torrens Creek,33200,Flinders (Qld),1,Good,Good,0
32861,Torres Strait,36950,Torres,1,Good,Good,0
32862,Torrington (Qld),36910,Toowoomba,1,Good,Good,0
32863,Towen Mountain,36720,Sunshine Coast,1,Good,Good,0
32864,Towers Hill,32310,Charters Towers,1,Good,Good,0
32865,Town Common,37010,Townsville,1,Good,Good,0
32866,Townson,34580,Lockyer Valley,1,Good,Good,0
32867,Townsville City,37010,Townsville,1,Good,Good,0
32868,Townview,35300,Mount Isa,1,Good,Good,0
32869,Traveston,33620,Gympie,1,Good,Good,0
32870,Trebonne,33800,Hinchinbrook,1,Good,Good,0
32871,Tregony,36660,Southern Downs,1,Good,Good,0
32872,Trinity Beach,32080,Cairns,1,Good,Good,0
32873,Trinity Park,32080,Cairns,1,Good,Good,0
32874,Trotter Creek,36370,Rockhampton,1,Good,Good,0
32875,Trunding,37300,Weipa,1,Good,Good,0
32876,Tuan,33220,Fraser Coast,1,Good,Good,0
32877,Tuan Forest,33220,Fraser Coast,0.9960474,Good,Good,0
32877,Tuan Forest,33620,Gympie,0.0039526,Good,Good,1
32878,Tuchekoi,33620,Gympie,1,Good,Good,0
32879,Tuckerang,37310,Western Downs,1,Good,Good,0
32880,Tuen,35800,Paroo,1,Good,Good,0
32881,Tugun,33430,Gold Coast,1,Good,Good,0
32882,Tully,32260,Cassowary Coast,1,Good,Good,0
32883,Tully Heads,32260,Cassowary Coast,1,Good,Good,0
32884,Tummaville,36910,Toowoomba,1,Good,Good,0
32885,Tumoulin,36820,Tablelands,1,Good,Good,0
32886,Tungamull,34530,Livingstone,1,Good,Good,0
32887,Turallin,36910,Toowoomba,1,Good,Good,0
32888,Turkey Beach,33360,Gladstone,1,Good,Good,0
32889,Turrawulla,33980,Isaac,1,Good,Good,0
32890,Twin Waters,36720,Sunshine Coast,1,Good,Good,0
32891,Two Mile,33620,Gympie,1,Good,Good,0
32892,Tyrconnel,34860,Maranoa,1,Good,Good,0
32893,Ugar Island,36960,Torres Strait Island,1,Good,Good,0
32894,Ulogie,30370,Banana,1,Good,Good,0
32895,Umagico,35780,Northern Peninsula Area,1,Good,Good,0
32896,Umbiram,36910,Toowoomba,1,Good,Good,0
32897,Underwood (Qld),34590,Logan,1,Good,Good,0
32898,Undullah,34590,Logan,0.3448157,Good,Good,0
32898,Undullah,36510,Scenic Rim,0.6551843,Good,Good,0
32899,Upper Barron,36820,Tablelands,1,Good,Good,0
32900,Upper Brookfield,31000,Brisbane,1,Good,Good,0
32901,Upper Caboolture,35010,Moreton Bay,1,Good,Good,0
32902,Upper Coomera,33430,Gold Coast,1,Good,Good,0
32903,Upper Cooyar Creek,36910,Toowoomba,1,Good,Good,0
32904,Upper Daintree,32810,Douglas,1,Good,Good,0
32905,Upper Daradgee,32260,Cassowary Coast,1,Good,Good,0
32906,Upper Dawson,34860,Maranoa,1,Good,Good,0
32907,Upper Flagstone,34580,Lockyer Valley,1,Good,Good,0
32908,Upper Freestone,36660,Southern Downs,1,Good,Good,0
32909,Upper Glastonbury,33620,Gympie,1,Good,Good,0
32910,Upper Haughton,31900,Burdekin,1,Good,Good,0
32911,Upper Kandanga,33620,Gympie,1,Good,Good,0
32912,Upper Kedron,31000,Brisbane,1,Good,Good,0
32913,Upper Lockyer,34580,Lockyer Valley,1,Good,Good,0
32914,Upper Mount Gravatt,31000,Brisbane,1,Good,Good,0
32915,Upper Pilton,36660,Southern Downs,0.0354034,Good,Good,0
32915,Upper Pilton,36910,Toowoomba,0.9645966,Good,Good,0
32916,Upper Pinelands,36910,Toowoomba,1,Good,Good,0
32917,Upper Stone,33800,Hinchinbrook,1,Good,Good,0
32918,Upper Tenthill,34580,Lockyer Valley,1,Good,Good,0
32919,Upper Warrego,35600,Murweh,1,Good,Good,0
32920,Upper Wheatvale,36660,Southern Downs,1,Good,Good,0
32921,Upper Yarraman,36910,Toowoomba,1,Good,Good,0
32922,Urangan,33220,Fraser Coast,1,Good,Good,0
32923,Urraween,33220,Fraser Coast,1,Good,Good,0
32924,Utchee Creek,32260,Cassowary Coast,1,Good,Good,0
32925,V Gate,34860,Maranoa,1,Good,Good,0
32926,Valdora,36720,Sunshine Coast,1,Good,Good,0
32927,Vale View,36910,Toowoomba,1,Good,Good,0
32928,Valentine Plains,30370,Banana,1,Good,Good,0
32929,Valkyrie,33980,Isaac,1,Good,Good,0
32930,Valley Of Lagoons,32310,Charters Towers,1,Good,Good,0
32931,Varsity Lakes,33430,Gold Coast,1,Good,Good,0
32932,Vasa Views,32260,Cassowary Coast,1,Good,Good,0
32933,Ventnor (Qld),35760,North Burnett,1,Good,Good,0
32934,Veradilla,34580,Lockyer Valley,1,Good,Good,0
32935,Veresdale,34590,Logan,0.3489166,Good,Good,0
32935,Veresdale,36510,Scenic Rim,0.6510834,Good,Good,0
32936,Veresdale Scrub,34590,Logan,0.165746,Good,Good,0
32936,Veresdale Scrub,36510,Scenic Rim,0.834254,Good,Good,0
32937,Vernor,36580,Somerset,1,Good,Good,0
32938,Verrierdale,36720,Sunshine Coast,1,Good,Good,0
32939,Veteran,33620,Gympie,1,Good,Good,0
32940,Victoria Hill,36660,Southern Downs,0.9198321,Good,Good,0
32940,Victoria Hill,36910,Toowoomba,0.0801679,Good,Good,0
32941,Victoria Plains,34770,Mackay,1,Good,Good,0
32942,Victoria Plantation,33800,Hinchinbrook,1,Good,Good,0
32943,Victoria Point (Qld),36250,Redland,1,Good,Good,0
32944,Victoria Vale,32600,Croydon,1,Good,Good,0
32945,Victory Heights (Qld),33620,Gympie,1,Good,Good,0
32946,Villeneuve,36580,Somerset,1,Good,Good,0
32947,Vincent,37010,Townsville,1,Good,Good,0
32948,Vinegar Hill,34580,Lockyer Valley,1,Good,Good,0
32949,Virginia (Qld),31000,Brisbane,1,Good,Good,0
32950,Wacol,31000,Brisbane,1,Good,Good,0
32951,Wahoon,35760,North Burnett,1,Good,Good,0
32952,Waikola,37310,Western Downs,1,Good,Good,0
32953,Wainui,36910,Toowoomba,1,Good,Good,0
32954,Wairuna,36820,Tablelands,1,Good,Good,0
32955,Wakerley,31000,Brisbane,1,Good,Good,0
32956,Walhallow,34860,Maranoa,1,Good,Good,0
32957,Walkamin,36820,Tablelands,1,Good,Good,0
32958,Walkers Point,33220,Fraser Coast,1,Good,Good,0
32959,Walkerston,34770,Mackay,1,Good,Good,0
32960,Walkervale,31820,Bundaberg,1,Good,Good,0
32961,Wallaces Creek,36510,Scenic Rim,1,Good,Good,0
32962,Wallaman,33800,Hinchinbrook,1,Good,Good,0
32963,Wallangarra,36660,Southern Downs,1,Good,Good,0
32964,Wallaroo (Qld),32270,Central Highlands (Qld),0.999232,Good,Good,0
32964,Wallaroo (Qld),37550,Woorabinda,0.000768,Good,Good,1
32965,Wallaville,31820,Bundaberg,1,Good,Good,0
32966,Walliebum,33220,Fraser Coast,1,Good,Good,0
32967,Walligan,33220,Fraser Coast,1,Good,Good,0
32968,Walloon,33960,Ipswich,1,Good,Good,0
32969,Wallu,33620,Gympie,1,Good,Good,0
32970,Wallumbilla,34860,Maranoa,1,Good,Good,0
32971,Wallumbilla North,34860,Maranoa,1,Good,Good,0
32972,Wallumbilla South,34860,Maranoa,1,Good,Good,0
32973,Walmul,36370,Rockhampton,1,Good,Good,0
32974,Walter Hill,32260,Cassowary Coast,1,Good,Good,0
32975,Walter Lever Estate,32260,Cassowary Coast,1,Good,Good,0
32976,Walterhall,36370,Rockhampton,1,Good,Good,0
32977,Wamuran,35010,Moreton Bay,1,Good,Good,0
32978,Wamuran Basin,35010,Moreton Bay,1,Good,Good,0
32979,Wandal,36370,Rockhampton,1,Good,Good,0
32980,Wandoan,37310,Western Downs,1,Good,Good,0
32981,Wangan,32260,Cassowary Coast,1,Good,Good,0
32982,Wangaratta (Qld),31900,Burdekin,1,Good,Good,0
32983,Wangetti,32810,Douglas,1,Good,Good,0
32984,Wanjuru,32260,Cassowary Coast,1,Good,Good,0
32985,Wanora,36580,Somerset,1,Good,Good,0
32986,Warana,36720,Sunshine Coast,1,Good,Good,0
32987,Warburton (Qld),30900,Boulia,1,Good,Good,0
32988,Ward,35600,Murweh,1,Good,Good,0
32989,Warenda,30900,Boulia,1,Good,Good,0
32990,Warkon,34860,Maranoa,1,Good,Good,0
32991,Warner,35010,Moreton Bay,1,Good,Good,0
32992,Warnoah,30370,Banana,1,Good,Good,0
32993,Warnung,36630,South Burnett,1,Good,Good,0
32994,Warra,37310,Western Downs,1,Good,Good,0
32995,Warraber Islet,36960,Torres Strait Island,1,Good,Good,0
32996,Warrami,32260,Cassowary Coast,1,Good,Good,0
32997,Warrill View,36510,Scenic Rim,1,Good,Good,0
32998,Warroo (Qld),33610,Goondiwindi,1,Good,Good,0
32999,Warrubullen,32260,Cassowary Coast,1,Good,Good,0
33000,Warwick (Qld),36660,Southern Downs,1,Good,Good,0
33001,Washpool (Qld),36510,Scenic Rim,1,Good,Good,0
33002,Watalgan,31820,Bundaberg,1,Good,Good,0
33003,Wateranga,35760,North Burnett,1,Good,Good,0
33004,Waterford (Qld),34590,Logan,1,Good,Good,0
33005,Waterford West,34590,Logan,1,Good,Good,0
33006,Waterloo (Qld),31820,Bundaberg,1,Good,Good,0
33007,Watsons Crossing,33610,Goondiwindi,1,Good,Good,0
33008,Watsonville,34880,Mareeba,1,Good,Good,0
33009,Wattle Camp,36630,South Burnett,1,Good,Good,0
33010,Wattle Grove (Qld),36630,South Burnett,1,Good,Good,0
33011,Wattle Ridge (Qld),36910,Toowoomba,1,Good,Good,0
33012,Wattlebank,34530,Livingstone,1,Good,Good,0
33013,Waua Islet,36960,Torres Strait Island,1,Good,Good,0
33014,Waugh Pocket,32080,Cairns,1,Good,Good,0
33015,Wavell Heights,31000,Brisbane,1,Good,Good,0
33016,Waverley (Qld),30900,Boulia,1,Good,Good,0
33017,Wealwandangie,32270,Central Highlands (Qld),1,Good,Good,0
33018,Webb,32260,Cassowary Coast,1,Good,Good,0
33019,Weengallon,33610,Goondiwindi,1,Good,Good,0
33020,Weerriba,34530,Livingstone,1,Good,Good,0
33021,Weipa Airport,37300,Weipa,1,Good,Good,0
33022,Weir River,37310,Western Downs,1,Good,Good,0
33023,Welcome Creek,31820,Bundaberg,1,Good,Good,0
33024,Wellcamp,36910,Toowoomba,1,Good,Good,0
33025,Wellesley (Qld),34860,Maranoa,1,Good,Good,0
33026,Wellesley Islands,35250,Mornington,1,Good,Good,0
33027,Wellington Point,36250,Redland,1,Good,Good,0
33028,Welsby,35010,Moreton Bay,1,Good,Good,0
33029,Wengenville,36630,South Burnett,1,Good,Good,0
33030,Wenlock,32500,Cook,1,Good,Good,0
33031,Weranga,37310,Western Downs,1,Good,Good,0
33032,Weribone,34860,Maranoa,1,Good,Good,0
33033,West End (Brisbane - Qld),31000,Brisbane,1,Good,Good,0
33034,West End (Townsville - Qld),37010,Townsville,1,Good,Good,0
33035,West Gladstone,33360,Gladstone,1,Good,Good,0
33036,West Haldon,34580,Lockyer Valley,0.2000666,Good,Good,0
33036,West Haldon,36910,Toowoomba,0.7999334,Good,Good,0
33037,West Ipswich,33960,Ipswich,1,Good,Good,0
33038,West Mackay,34770,Mackay,1,Good,Good,0
33039,West Point,37010,Townsville,1,Good,Good,0
33040,West Prairie,36910,Toowoomba,1,Good,Good,0
33041,West Rockhampton,36370,Rockhampton,1,Good,Good,0
33042,West Stowe,33360,Gladstone,1,Good,Good,0
33043,West Wellesley Islands,35250,Mornington,1,Good,Good,0
33044,West Woombye,36720,Sunshine Coast,1,Good,Good,0
33045,Westbrook (Qld),36910,Toowoomba,1,Good,Good,0
33046,Westcourt,32080,Cairns,1,Good,Good,0
33047,Western Creek (Qld),36910,Toowoomba,1,Good,Good,0
33048,Westgrove,34860,Maranoa,1,Good,Good,0
33049,Westlake,31000,Brisbane,1,Good,Good,0
33050,Westmar,37310,Western Downs,1,Good,Good,0
33051,Westvale,36580,Somerset,1,Good,Good,0
33052,Westwood (Qld),30370,Banana,0.0603336,Good,Good,0
33052,Westwood (Qld),36370,Rockhampton,0.9396664,Good,Good,0
33053,Wetheron,35760,North Burnett,1,Good,Good,0
33054,Weyba Downs,36720,Sunshine Coast,1,Good,Good,0
33055,Wharps,33800,Hinchinbrook,1,Good,Good,0
33056,Wheatlands,36630,South Burnett,1,Good,Good,0
33057,Wheatvale,36660,Southern Downs,1,Good,Good,0
33058,Whetstone,33610,Goondiwindi,1,Good,Good,0
33059,Whichello,36910,Toowoomba,1,Good,Good,0
33060,White Mountain,34580,Lockyer Valley,1,Good,Good,0
33061,White Patch,35010,Moreton Bay,1,Good,Good,0
33062,White Rock (Cairns - Qld),32080,Cairns,1,Good,Good,0
33063,White Rock (Ipswich - Qld),33960,Ipswich,1,Good,Good,0
33064,Whiteside,35010,Moreton Bay,1,Good,Good,0
33065,Whitfield (Qld),32080,Cairns,1,Good,Good,0
33066,Whitsundays,37340,Whitsunday,1,Good,Good,0
33067,Whyanbeel,32810,Douglas,1,Good,Good,0
33068,Widgee,33620,Gympie,1,Good,Good,0
33069,Widgee Crossing North,33620,Gympie,1,Good,Good,0
33070,Widgee Crossing South,33620,Gympie,1,Good,Good,0
33071,Widgeegoara,35800,Paroo,1,Good,Good,0
33072,Wieambilla,37310,Western Downs,1,Good,Good,0
33073,Wights Mountain,35010,Moreton Bay,1,Good,Good,0
33074,Wigton,36630,South Burnett,1,Good,Good,0
33075,Wildash,36660,Southern Downs,1,Good,Good,0
33076,Wilkesdale,36630,South Burnett,1,Good,Good,0
33077,Willawong,31000,Brisbane,1,Good,Good,0
33078,Willow Vale (Qld),33430,Gold Coast,1,Good,Good,0
33079,Willowbank,33960,Ipswich,1,Good,Good,0
33080,Willows,32270,Central Highlands (Qld),1,Good,Good,0
33081,Willowvale (Qld),36660,Southern Downs,1,Good,Good,0
33082,Wills,30900,Boulia,1,Good,Good,0
33083,Wilson Beach,37340,Whitsunday,1,Good,Good,0
33084,Wilson Valley,35760,North Burnett,1,Good,Good,0
33085,Wilsons Plains,36510,Scenic Rim,1,Good,Good,0
33086,Wilsons Pocket,33620,Gympie,1,Good,Good,0
33087,Wilsonton,36910,Toowoomba,1,Good,Good,0
33088,Wilsonton Heights,36910,Toowoomba,1,Good,Good,0
33089,Wilston,31000,Brisbane,1,Good,Good,0
33090,Winchester,33980,Isaac,1,Good,Good,0
33091,Windaroo,34590,Logan,1,Good,Good,0
33092,Windera (Qld),33620,Gympie,0.1090765,Good,Good,0
33092,Windera (Qld),36630,South Burnett,0.8909235,Good,Good,0
33093,Windermere (Qld),31820,Bundaberg,1,Good,Good,0
33094,Windeyer (Qld),30760,Blackall Tambo,1,Good,Good,0
33095,Windorah,30450,Barcoo,1,Good,Good,0
33096,Windsor (Qld),31000,Brisbane,1,Good,Good,0
33097,Winfield,31820,Bundaberg,1,Good,Good,0
33098,Winston,35300,Mount Isa,1,Good,Good,0
33099,Winton (Qld),37400,Winton,1,Good,Good,0
33100,Winwill,34580,Lockyer Valley,1,Good,Good,0
33101,Winya,36580,Somerset,1,Good,Good,0
33102,Wishart (Qld),31000,Brisbane,1,Good,Good,0
33103,Withcott,34580,Lockyer Valley,1,Good,Good,0
33104,Witheren,36510,Scenic Rim,1,Good,Good,0
33105,Witta,36720,Sunshine Coast,1,Good,Good,0
33106,Wivenhoe Hill,36580,Somerset,1,Good,Good,0
33107,Wivenhoe Pocket,36580,Somerset,1,Good,Good,0
33108,Wiyarra,36660,Southern Downs,1,Good,Good,0
33109,Woleebee,37310,Western Downs,1,Good,Good,0
33110,Wolfang,33980,Isaac,1,Good,Good,0
33111,Wolffdene,34590,Logan,1,Good,Good,0
33112,Wolvi,33620,Gympie,1,Good,Good,0
33113,Womalilla,34860,Maranoa,1,Good,Good,0
33114,Womblebank,34860,Maranoa,1,Good,Good,0
33115,Womina,36660,Southern Downs,1,Good,Good,0
33116,Wonbah,31820,Bundaberg,1,Good,Good,0
33117,Wonbah Forest,31820,Bundaberg,1,Good,Good,0
33118,Wondai,36630,South Burnett,1,Good,Good,0
33119,Wondalli,33610,Goondiwindi,1,Good,Good,0
33120,Wondecla,36820,Tablelands,1,Good,Good,0
33121,Wondunna,33220,Fraser Coast,1,Good,Good,0
33122,Wonga Beach,32810,Douglas,1,Good,Good,0
33123,Wongabel,36820,Tablelands,1,Good,Good,0
33124,Wongaling Beach,32260,Cassowary Coast,1,Good,Good,0
33125,Wongawallan,33430,Gold Coast,1,Good,Good,0
33126,Wonglepong,36510,Scenic Rim,1,Good,Good,0
33127,Woocoo,33220,Fraser Coast,1,Good,Good,0
33128,Woodbine (Qld),34580,Lockyer Valley,1,Good,Good,0
33129,Woodbury (Qld),34530,Livingstone,1,Good,Good,0
33130,Woodend (Qld),33960,Ipswich,1,Good,Good,0
33131,Wooderson,33360,Gladstone,1,Good,Good,0
33132,Woodford (Qld),35010,Moreton Bay,1,Good,Good,0
33133,Woodgate,31820,Bundaberg,1,Good,Good,0
33134,Woodhill (Qld),34590,Logan,1,Good,Good,0
33135,Woodlands (Qld),34580,Lockyer Valley,1,Good,Good,0
33136,Woodleigh (Qld),36910,Toowoomba,1,Good,Good,0
33137,Woodmillar,35760,North Burnett,1,Good,Good,0
33138,Woodridge (Qld),34590,Logan,1,Good,Good,0
33139,Woodstock (Qld),37010,Townsville,1,Good,Good,0
33140,Woodwark,37340,Whitsunday,1,Good,Good,0
33141,Woody Point,35010,Moreton Bay,1,Good,Good,0
33142,Woolein,30370,Banana,1,Good,Good,0
33143,Woolgar,36300,Richmond,1,Good,Good,0
33144,Woolloongabba,31000,Brisbane,1,Good,Good,0
33145,Woolmar,36580,Somerset,1,Good,Good,0
33146,Woolmer,36910,Toowoomba,1,Good,Good,0
33147,Woolooga,33620,Gympie,1,Good,Good,0
33148,Woolooman,36510,Scenic Rim,1,Good,Good,0
33149,Wooloowin,31000,Brisbane,1,Good,Good,0
33150,Woolshed,33960,Ipswich,1,Good,Good,0
33151,Woombye,36720,Sunshine Coast,1,Good,Good,0
33152,Woondum,33620,Gympie,1,Good,Good,0
33153,Woongarra,31820,Bundaberg,1,Good,Good,0
33154,Woongoolba,33430,Gold Coast,1,Good,Good,0
33155,Woopen Creek,32080,Cairns,1,Good,Good,0
33156,Woorabinda,37550,Woorabinda,1,Good,Good,0
33157,Woorim,35010,Moreton Bay,1,Good,Good,0
33158,Wooroolin,36630,South Burnett,1,Good,Good,0
33159,Wooroona,32270,Central Highlands (Qld),1,Good,Good,0
33160,Wooroonden,36630,South Burnett,1,Good,Good,0
33161,Wooroonooran (Cairns - Qld),32080,Cairns,0.6428571,Good,Good,0
33161,Wooroonooran (Cairns - Qld),36820,Tablelands,0.3571429,Good,Good,0
33162,Wooroonooran (Cassowary Coast - Qld),32260,Cassowary Coast,1,Good,Good,0
33163,Wootha,36720,Sunshine Coast,1,Good,Good,0
33164,Woowoonga,35760,North Burnett,1,Good,Good,0
33165,Woree,32080,Cairns,1,Good,Good,0
33166,Worongary,33430,Gold Coast,1,Good,Good,0
33167,Wowan,30370,Banana,1,Good,Good,0
33168,Wrattens Forest,33620,Gympie,1,Good,Good,0
33169,Wrights Creek (Qld),32080,Cairns,1,Good,Good,0
33170,Wrotham,34880,Mareeba,1,Good,Good,0
33171,Wujal Wujal,37570,Wujal Wujal,1,Good,Good,0
33172,Wulguru,37010,Townsville,1,Good,Good,0
33173,Wulkuraka,33960,Ipswich,1,Good,Good,0
33174,Wunjunga,31900,Burdekin,1,Good,Good,0
33175,Wura,36370,Rockhampton,1,Good,Good,0
33176,Wurdong Heights,33360,Gladstone,1,Good,Good,0
33177,Wurtulla,36720,Sunshine Coast,1,Good,Good,0
33178,Wuruma Dam,35760,North Burnett,1,Good,Good,0
33179,Wutul,36910,Toowoomba,1,Good,Good,0
33180,Wyaga,33610,Goondiwindi,1,Good,Good,0
33181,Wyalla,36630,South Burnett,1,Good,Good,0
33182,Wyandra,35800,Paroo,1,Good,Good,0
33183,Wyaralong,36510,Scenic Rim,1,Good,Good,0
33184,Wyberba,36660,Southern Downs,1,Good,Good,0
33185,Wycarbah,36370,Rockhampton,1,Good,Good,0
33186,Wychie,37310,Western Downs,1,Good,Good,0
33187,Wycombe,34860,Maranoa,1,Good,Good,0
33188,Wynnum,31000,Brisbane,1,Good,Good,0
33189,Wynnum West,31000,Brisbane,1,Good,Good,0
33190,Wyreema,36910,Toowoomba,1,Good,Good,0
33191,Wyuna (Qld),32270,Central Highlands (Qld),1,Good,Good,0
33192,Yaamba,34530,Livingstone,1,Good,Good,0
33193,Yabulu,37010,Townsville,1,Good,Good,0
33194,Yagaburne,33610,Goondiwindi,1,Good,Good,0
33195,Yagoonya,32250,Carpentaria,1,Good,Good,0
33196,Yalangur,36910,Toowoomba,1,Good,Good,0
33197,Yalboroo,34770,Mackay,1,Good,Good,0
33198,Yamanto,33960,Ipswich,1,Good,Good,0
33199,Yandaran,31820,Bundaberg,1,Good,Good,0
33200,Yandarlo,30760,Blackall Tambo,1,Good,Good,0
33201,Yandilla,36910,Toowoomba,1,Good,Good,0
33202,Yandina,36720,Sunshine Coast,1,Good,Good,0
33203,Yandina Creek,36720,Sunshine Coast,1,Good,Good,0
33204,Yangan,36660,Southern Downs,1,Good,Good,0
33205,Yargullen,36910,Toowoomba,1,Good,Good,0
33206,Yaroomba,36720,Sunshine Coast,1,Good,Good,0
33207,Yarrabah,37600,Yarrabah,1,Good,Good,0
33208,Yarrabilba,34590,Logan,1,Good,Good,0
33209,Yarraden,32500,Cook,1,Good,Good,0
33210,Yarraman (Qld),36910,Toowoomba,1,Good,Good,0
33211,Yarranlea,36910,Toowoomba,1,Good,Good,0
33212,Yarrol,35760,North Burnett,1,Good,Good,0
33213,Yarwun,33360,Gladstone,1,Good,Good,0
33214,Yatala,33430,Gold Coast,1,Good,Good,0
33215,Yeerongpilly,31000,Brisbane,1,Good,Good,0
33216,Yelarbon,33610,Goondiwindi,1,Good,Good,0
33217,Yenda (Qld),35760,North Burnett,1,Good,Good,0
33218,Yengarie,33220,Fraser Coast,1,Good,Good,0
33219,Yeppoon,34530,Livingstone,1,Good,Good,0
33220,Yeronga,31000,Brisbane,1,Good,Good,0
33221,Yerra,33220,Fraser Coast,1,Good,Good,0
33222,Yimbun,36580,Somerset,1,Good,Good,0
33223,Yorkeys Knob,32080,Cairns,1,Good,Good,0
33224,Yowah,35800,Paroo,1,Good,Good,0
33225,Yugar,35010,Moreton Bay,1,Good,Good,0
33226,Yulabilla,37310,Western Downs,1,Good,Good,0
33227,Yuleba,34860,Maranoa,1,Good,Good,0
33228,Yuleba North,34860,Maranoa,1,Good,Good,0
33229,Yuleba South,34860,Maranoa,1,Good,Good,0
33230,Yungaburra,36820,Tablelands,1,Good,Good,0
33231,Yuruga,33800,Hinchinbrook,1,Good,Good,0
33232,Zillmere,31000,Brisbane,1,Good,Good,0
33233,Zilzie,34530,Livingstone,1,Good,Good,0
39494,No usual address (Qld),39499,No usual address (Qld),1,Good,Good,0
39797,Migratory - Offshore - Shipping (Qld),39799,Migratory - Offshore - Shipping (Qld),1,Good,Good,0
40001,Aberfoyle Park,45340,Onkaparinga,1,Good,Good,0
40002,Adelaide,40070,Adelaide,1,Good,Good,0
40003,Adelaide Airport,48410,West Torrens,1,Good,Good,0
40004,Agery,48830,Yorke Peninsula,1,Good,Good,0
40005,Alawoona,43790,Loxton Waikerie,1,Good,Good,0
40006,Albert Park (SA),41060,Charles Sturt,1,Good,Good,0
40007,Alberton (SA),45890,Port Adelaide Enfield,1,Good,Good,0
40008,Aldgate,40120,Adelaide Hills,1,Good,Good,0
40009,Aldinga,45340,Onkaparinga,1,Good,Good,0
40010,Aldinga Beach,45340,Onkaparinga,1,Good,Good,0
40011,Alford,40430,Barunga West,1,Good,Good,0
40012,Allenby Gardens,41060,Charles Sturt,1,Good,Good,0
40013,Allendale East,42250,Grant,1,Good,Good,0
40014,Allendale North,43650,Light,1,Good,Good,0
40015,Alma (SA),41140,Clare and Gilbert Valleys,0.2754274,Good,Good,0
40015,Alma (SA),48130,Wakefield,0.7245726,Good,Good,0
40016,Altona (SA),40310,Barossa,1,Good,Good,0
40017,Amata,40250,Anangu Pitjantjatjara Yunkunytjatjara,1,Good,Good,0
40018,American Beach,42750,Kangaroo Island,1,Good,Good,0
40019,American River,42750,Kangaroo Island,1,Good,Good,0
40020,Amyton,44830,Mount Remarkable,1,Good,Good,0
40021,Anama,41140,Clare and Gilbert Valleys,1,Good,Good,0
40022,Anangu Pitjantjatjara Yankunytjatjara,40250,Anangu Pitjantjatjara Yunkunytjatjara,0.9999522,Good,Good,0
40022,Anangu Pitjantjatjara Yankunytjatjara,49399,Unincorporated SA,4.78E-05,Good,Good,1
40023,Andamooka,49399,Unincorporated SA,1,Good,Good,0
40024,Andamooka Station,49399,Unincorporated SA,1,Good,Good,0
40025,Andrews,45120,Northern Areas,1,Good,Good,0
40026,Andrews Farm,45680,Playford,1,Good,Good,0
40027,Angas Plains,40220,Alexandrina,1,Good,Good,0
40028,Angas Valley,44210,Mid Murray,1,Good,Good,0
40029,Angaston,40310,Barossa,1,Good,Good,0
40030,Angle Park,45890,Port Adelaide Enfield,1,Good,Good,0
40031,Angle Vale,45680,Playford,1,Good,Good,0
40032,Anna Creek,49399,Unincorporated SA,1,Good,Good,0
40033,Annadale,44210,Mid Murray,1,Good,Good,0
40034,Antechamber Bay,42750,Kangaroo Island,1,Good,Good,0
40035,Apamurra,44210,Mid Murray,1,Good,Good,0
40036,Apoinga,42110,Goyder,1,Good,Good,0
40037,Appila,44830,Mount Remarkable,1,Good,Good,0
40038,Arcoona,49399,Unincorporated SA,1,Good,Good,0
40039,Ardrossan,48830,Yorke Peninsula,1,Good,Good,0
40040,Arkaroola,49399,Unincorporated SA,1,Good,Good,0
40041,Armagh,41140,Clare and Gilbert Valleys,1,Good,Good,0
40042,Arno Bay,41190,Cleve,1,Good,Good,0
40043,Arthurton,48830,Yorke Peninsula,1,Good,Good,0
40044,Ascot Park,44060,Marion,1,Good,Good,0
40045,Ashbourne (SA),40220,Alexandrina,1,Good,Good,0
40046,Ashford (SA),48410,West Torrens,1,Good,Good,0
40047,Ashton,40120,Adelaide Hills,1,Good,Good,0
40048,Ashville,47800,Coorong,1,Good,Good,0
40049,Athelstone,40910,Campbelltown (SA),1,Good,Good,0
40050,Athol Park,41060,Charles Sturt,1,Good,Good,0
40051,Auburn (SA),41140,Clare and Gilbert Valleys,1,Good,Good,0
40052,Auldana,40700,Burnside,1,Good,Good,0
40053,Australia Plains,42110,Goyder,1,Good,Good,0
40054,Avenue Range,43360,Kingston (SA),0.1121358,Good,Good,0
40054,Avenue Range,45090,Naracoorte Lucindale,0.8878642,Good,Good,0
40055,Avoca Dell,45040,Murray Bridge,1,Good,Good,0
40056,Avon (SA),48130,Wakefield,1,Good,Good,0
40057,Back Valley,48050,Victor Harbor,0.8785252,Good,Good,0
40057,Back Valley,48750,Yankalilla,0.1214748,Good,Good,0
40058,Bagot Well,43650,Light,1,Good,Good,0
40059,Baird Bay,47490,Streaky Bay,1,Good,Good,0
40060,Bakara,43080,Karoonda East Murray,1,Good,Good,0
40061,Bakara Well,43790,Loxton Waikerie,1,Good,Good,0
40062,Balaklava,48130,Wakefield,1,Good,Good,0
40063,Bald Hills (SA),48750,Yankalilla,1,Good,Good,0
40064,Baldina,42110,Goyder,1,Good,Good,0
40065,Balgowan (SA),48830,Yorke Peninsula,1,Good,Good,0
40066,Balhannah,40120,Adelaide Hills,1,Good,Good,0
40067,Ballast Head,42750,Kangaroo Island,1,Good,Good,0
40068,Bangham,47630,Tatiara,1,Good,Good,0
40069,Bangor (SA),44830,Mount Remarkable,1,Good,Good,0
40070,Banksia Park,47700,Tea Tree Gully,1,Good,Good,0
40071,Barabba,40150,Adelaide Plains,0.8332828,Good,Good,0
40071,Barabba,48130,Wakefield,0.1667172,Good,Good,0
40072,Barinia,41140,Clare and Gilbert Valleys,1,Good,Good,0
40073,Barmera,40520,Berri Barmera,1,Good,Good,0
40074,Barna,43220,Kimba,1,Good,Good,0
40075,Barndioota,41830,Flinders Ranges,1,Good,Good,0
40076,Baroota,44830,Mount Remarkable,1,Good,Good,0
40077,Barossa Goldfields,40310,Barossa,1,Good,Good,0
40078,Barunga Gap,48130,Wakefield,1,Good,Good,0
40079,Basket Range,40120,Adelaide Hills,1,Good,Good,0
40080,Baudin Beach,42750,Kangaroo Island,1,Good,Good,0
40081,Bay Of Shoals,42750,Kangaroo Island,1,Good,Good,0
40082,Beachport,48340,Wattle Range,1,Good,Good,0
40083,Beatty,44210,Mid Murray,1,Good,Good,0
40084,Beaufort (SA),48130,Wakefield,1,Good,Good,0
40085,Beaumont (SA),40700,Burnside,1,Good,Good,0
40086,Beaumonts,44210,Mid Murray,1,Good,Good,0
40087,Bedford Park,44060,Marion,0.0048047,Good,Good,1
40087,Bedford Park,44340,Mitcham,0.9951953,Good,Good,0
40088,Beetaloo Valley,45120,Northern Areas,1,Good,Good,0
40089,Belair,40120,Adelaide Hills,0.0010698,Good,Good,1
40089,Belair,44340,Mitcham,0.9989302,Good,Good,0
40090,Belalie East,45120,Northern Areas,1,Good,Good,0
40091,Belalie North,45120,Northern Areas,1,Good,Good,0
40092,Bellevue Heights,44340,Mitcham,1,Good,Good,0
40093,Beltana,49399,Unincorporated SA,1,Good,Good,0
40094,Beltana Station,49399,Unincorporated SA,1,Good,Good,0
40095,Belton,45400,Orroroo Carrieton,1,Good,Good,0
40096,Belvidere,40220,Alexandrina,1,Good,Good,0
40097,Benbournie,41140,Clare and Gilbert Valleys,1,Good,Good,0
40098,Berri,40520,Berri Barmera,1,Good,Good,0
40099,Bethany,40310,Barossa,1,Good,Good,0
40100,Bethel,43650,Light,1,Good,Good,0
40101,Beulah Park,40700,Burnside,1,Good,Good,0
40102,Beverley (SA),41060,Charles Sturt,1,Good,Good,0
40103,Bibaringa,45680,Playford,1,Good,Good,0
40104,Big Bend,44210,Mid Murray,1,Good,Good,0
40105,Biggs Flat,44550,Mount Barker,1,Good,Good,0
40106,Billiatt,43790,Loxton Waikerie,1,Good,Good,0
40107,Binnum,45090,Naracoorte Lucindale,1,Good,Good,0
40108,Birchmore,42750,Kangaroo Island,1,Good,Good,0
40109,Birdwood (SA),40120,Adelaide Hills,1,Good,Good,0
40110,Birkenhead,45890,Port Adelaide Enfield,1,Good,Good,0
40111,Black Forest,47980,Unley,1,Good,Good,0
40112,Black Hill (SA),44210,Mid Murray,1,Good,Good,0
40113,Black Point,48830,Yorke Peninsula,1,Good,Good,0
40114,Black Rock (SA),45400,Orroroo Carrieton,1,Good,Good,0
40115,Black Springs (SA),41140,Clare and Gilbert Valleys,1,Good,Good,0
40116,Blackfellows Caves,42250,Grant,1,Good,Good,0
40117,Blackfellows Creek,40220,Alexandrina,1,Good,Good,0
40118,Blackford,43360,Kingston (SA),1,Good,Good,0
40119,Blackwood (SA),44340,Mitcham,1,Good,Good,0
40120,Blair Athol (SA),45890,Port Adelaide Enfield,1,Good,Good,0
40121,Blakeview,45680,Playford,1,Good,Good,0
40122,Blakiston,44550,Mount Barker,1,Good,Good,0
40123,Blanche Harbor,46090,Port Augusta,1,Good,Good,0
40124,Blanchetown,44210,Mid Murray,1,Good,Good,0
40125,Bletchley,40220,Alexandrina,1,Good,Good,0
40126,Blewitt Springs,45340,Onkaparinga,1,Good,Good,0
40127,Blinman,49399,Unincorporated SA,1,Good,Good,0
40128,Bluff Beach,48830,Yorke Peninsula,1,Good,Good,0
40129,Blyth,48130,Wakefield,1,Good,Good,0
40130,Boatswain Point,46860,Robe,1,Good,Good,0
40131,Bockelberg,47490,Streaky Bay,1,Good,Good,0
40132,Boconnoc Park,41140,Clare and Gilbert Valleys,1,Good,Good,0
40133,Bolivar,47140,Salisbury,1,Good,Good,0
40134,Bolto,44210,Mid Murray,1,Good,Good,0
40135,Booborowie,42110,Goyder,1,Good,Good,0
40136,Bookpurnong,43790,Loxton Waikerie,1,Good,Good,0
40137,Bool Lagoon,45090,Naracoorte Lucindale,1,Good,Good,0
40138,Booleroo Centre,44830,Mount Remarkable,1,Good,Good,0
40139,Boolgun,43790,Loxton Waikerie,1,Good,Good,0
40140,Boonerdo,41190,Cleve,1,Good,Good,0
40141,Boors Plain,41560,Copper Coast,1,Good,Good,0
40142,Bordertown,47630,Tatiara,1,Good,Good,0
40143,Bordertown South,47630,Tatiara,1,Good,Good,0
40144,Borrika,43080,Karoonda East Murray,1,Good,Good,0
40145,Boston,43710,Lower Eyre Peninsula,1,Good,Good,0
40146,Bowden,41060,Charles Sturt,1,Good,Good,0
40147,Bower,42110,Goyder,1,Good,Good,0
40148,Bowhill,43080,Karoonda East Murray,0.6184144,Good,Good,0
40148,Bowhill,44210,Mid Murray,0.3815856,Good,Good,0
40149,Bowillia,48130,Wakefield,1,Good,Good,0
40150,Bowmans,48130,Wakefield,1,Good,Good,0
40151,Bradbury (SA),40120,Adelaide Hills,0.9999445,Good,Good,0
40151,Bradbury (SA),44550,Mount Barker,5.55E-05,Good,Good,1
40152,Brady Creek,42110,Goyder,1,Good,Good,0
40153,Brahma Lodge,47140,Salisbury,1,Good,Good,0
40154,Bramfield,41750,Elliston,1,Good,Good,0
40155,Bray,46860,Robe,1,Good,Good,0
40156,Brenda Park,44210,Mid Murray,1,Good,Good,0
40157,Brentwood (SA),48830,Yorke Peninsula,1,Good,Good,0
40158,Bridgewater (SA),40120,Adelaide Hills,1,Good,Good,0
40159,Bright (SA),42110,Goyder,1,Good,Good,0
40160,Brighton (SA),42600,Holdfast Bay,1,Good,Good,0
40161,Brimbago,47630,Tatiara,1,Good,Good,0
40162,Brinkley,45040,Murray Bridge,1,Good,Good,0
40163,Brinkworth,48130,Wakefield,1,Good,Good,0
40164,Broadview,45890,Port Adelaide Enfield,0.5705547,Good,Good,0
40164,Broadview,46510,Prospect,0.4294453,Good,Good,0
40165,Brompton,41060,Charles Sturt,1,Good,Good,0
40166,Brooker,47910,Tumby Bay,1,Good,Good,0
40167,Brooklyn Park,48410,West Torrens,1,Good,Good,0
40168,Broughton River Valley,45120,Northern Areas,1,Good,Good,0
40169,Brown Beach,42750,Kangaroo Island,1,Good,Good,0
40170,Brown Hill Creek,44340,Mitcham,1,Good,Good,0
40171,Brownlow,42110,Goyder,0.9997675,Good,Good,0
40171,Brownlow,44210,Mid Murray,0.0002325,Good,Good,1
40172,Brownlow Ki,42750,Kangaroo Island,1,Good,Good,0
40173,Bruce (SA),41830,Flinders Ranges,0.0005875,Good,Good,1
40173,Bruce (SA),44830,Mount Remarkable,0.9994125,Good,Good,0
40174,Brukunga,44550,Mount Barker,1,Good,Good,0
40175,Buchanan (SA),42110,Goyder,1,Good,Good,0
40176,Buchfelde,43650,Light,1,Good,Good,0
40177,Buckingham (SA),47630,Tatiara,1,Good,Good,0
40178,Buckland Park,45680,Playford,1,Good,Good,0
40179,Buckleboo,43220,Kimba,1,Good,Good,0
40180,Bugle Hut,43790,Loxton Waikerie,1,Good,Good,0
40181,Bugle Ranges,44550,Mount Barker,1,Good,Good,0
40182,Bull Creek (SA),40220,Alexandrina,0.3070514,Good,Good,0
40182,Bull Creek (SA),44550,Mount Barker,0.6929486,Good,Good,0
40183,Bumbunga,48130,Wakefield,1,Good,Good,0
40184,Bunbury (SA),47800,Coorong,1,Good,Good,0
40185,Bundaleer Gardens,45120,Northern Areas,1,Good,Good,0
40186,Bundaleer North,45120,Northern Areas,1,Good,Good,0
40187,Bundey,42110,Goyder,1,Good,Good,0
40188,Bungama,46450,Port Pirie,1,Good,Good,0
40189,Bungaree (SA),41140,Clare and Gilbert Valleys,1,Good,Good,0
40190,Burdett,44210,Mid Murray,0.0259018,Good,Good,0
40190,Burdett,45040,Murray Bridge,0.9740982,Good,Good,0
40191,Burnsfield,48130,Wakefield,1,Good,Good,0
40192,Burnside (SA),40700,Burnside,1,Good,Good,0
40193,Burra (SA),42110,Goyder,1,Good,Good,0
40194,Burra Eastern Districts,42110,Goyder,1,Good,Good,0
40195,Burrungule,42250,Grant,0.5945776,Good,Good,0
40195,Burrungule,48340,Wattle Range,0.4054224,Good,Good,0
40196,Burton (SA),47140,Salisbury,1,Good,Good,0
40197,Bute,40430,Barunga West,1,Good,Good,0
40198,Butler (SA),47910,Tumby Bay,1,Good,Good,0
40199,Cadell,44210,Mid Murray,1,Good,Good,0
40200,Cadgee (SA),45090,Naracoorte Lucindale,1,Good,Good,0
40201,Calca,47490,Streaky Bay,1,Good,Good,0
40202,Caliph,43790,Loxton Waikerie,1,Good,Good,0
40203,Callington,44550,Mount Barker,0.4766804,Good,Good,0
40203,Callington,45040,Murray Bridge,0.5233196,Good,Good,0
40204,Calomba,40150,Adelaide Plains,1,Good,Good,0
40205,Caloote,44210,Mid Murray,0.8602617,Good,Good,0
40205,Caloote,45040,Murray Bridge,0.1397383,Good,Good,0
40206,Calperum Station,49399,Unincorporated SA,1,Good,Good,0
40207,Caltowie,45120,Northern Areas,1,Good,Good,0
40208,Caltowie North,45120,Northern Areas,1,Good,Good,0
40209,Caltowie West,45120,Northern Areas,1,Good,Good,0
40210,Cambrai,44210,Mid Murray,1,Good,Good,0
40211,Camden Park (SA),48410,West Torrens,1,Good,Good,0
40212,Campbelltown (SA),40910,Campbelltown (SA),1,Good,Good,0
40213,Campoona,41190,Cleve,1,Good,Good,0
40214,Cannawigara,47630,Tatiara,1,Good,Good,0
40215,Canowie,42110,Goyder,1,Good,Good,0
40216,Canowie Belt,42110,Goyder,1,Good,Good,0
40217,Canunda,42250,Grant,0.0042493,Good,Good,1
40217,Canunda,48340,Wattle Range,0.9957507,Good,Good,0
40218,Cape Borda,42750,Kangaroo Island,1,Good,Good,0
40219,Cape Douglas,42250,Grant,1,Good,Good,0
40220,Cape Jaffa,43360,Kingston (SA),1,Good,Good,0
40221,Cape Jervis,48750,Yankalilla,1,Good,Good,0
40222,Caralue,43220,Kimba,1,Good,Good,0
40223,Carawa,41010,Ceduna,1,Good,Good,0
40224,Carcuma,47800,Coorong,1,Good,Good,0
40225,Carew,47630,Tatiara,1,Good,Good,0
40226,Carey Gully,40120,Adelaide Hills,1,Good,Good,0
40227,Caroline,42250,Grant,1,Good,Good,0
40228,Carpenter Rocks,42250,Grant,1,Good,Good,0
40229,Carrickalinga,48750,Yankalilla,1,Good,Good,0
40230,Carrieton,45400,Orroroo Carrieton,1,Good,Good,0
40231,Cassini,42750,Kangaroo Island,1,Good,Good,0
40232,Castambul,40120,Adelaide Hills,1,Good,Good,0
40233,Caurnamont,44210,Mid Murray,1,Good,Good,0
40234,Cavan (SA),47140,Salisbury,1,Good,Good,0
40235,Cavenagh,45540,Peterborough,1,Good,Good,0
40236,Caveton,42250,Grant,1,Good,Good,0
40237,Ceduna,41010,Ceduna,1,Good,Good,0
40238,Ceduna Waters,41010,Ceduna,0.9996238,Good,Good,0
40238,Ceduna Waters,49399,Unincorporated SA,0.0003762,Good,Good,1
40239,Chaffey,46670,Renmark Paringa,1,Good,Good,0
40240,Chain Of Ponds,40120,Adelaide Hills,1,Good,Good,0
40241,Chandada,47490,Streaky Bay,1,Good,Good,0
40242,Chandlers Hill,45340,Onkaparinga,1,Good,Good,0
40243,Chapel Hill (SA),44550,Mount Barker,1,Good,Good,0
40244,Chapman Bore,45040,Murray Bridge,1,Good,Good,0
40245,Charleston,40120,Adelaide Hills,1,Good,Good,0
40246,Charlton Gully,43710,Lower Eyre Peninsula,1,Good,Good,0
40247,Charra,41010,Ceduna,0.9923751,Good,Good,0
40247,Charra,49399,Unincorporated SA,0.0076249,Good,Good,1
40248,Cheltenham (SA),41060,Charles Sturt,1,Good,Good,0
40249,Cherry Gardens,45340,Onkaparinga,1,Good,Good,0
40250,Cherryville,40120,Adelaide Hills,1,Good,Good,0
40251,Chilpenunda,47490,Streaky Bay,1,Good,Good,0
40252,Chinaman Wells,48830,Yorke Peninsula,1,Good,Good,0
40253,Chinbingina,41010,Ceduna,1,Good,Good,0
40254,Chiton,40220,Alexandrina,1,Good,Good,0
40255,Chowilla,49399,Unincorporated SA,1,Good,Good,0
40256,Christie Downs,45340,Onkaparinga,1,Good,Good,0
40257,Christies Beach,45340,Onkaparinga,1,Good,Good,0
40258,Clapham,44340,Mitcham,1,Good,Good,0
40259,Clare (SA),41140,Clare and Gilbert Valleys,1,Good,Good,0
40260,Clarence Gardens,44340,Mitcham,1,Good,Good,0
40261,Clarence Park,47980,Unley,1,Good,Good,0
40262,Clarendon (SA),45340,Onkaparinga,1,Good,Good,0
40263,Clay Wells,46860,Robe,0.7271351,Good,Good,0
40263,Clay Wells,48340,Wattle Range,0.2728649,Good,Good,0
40264,Claypans,44210,Mid Murray,1,Good,Good,0
40265,Clayton Bay,40220,Alexandrina,1,Good,Good,0
40266,Clearview,45890,Port Adelaide Enfield,1,Good,Good,0
40267,Cleland,40120,Adelaide Hills,1,Good,Good,0
40268,Clements Gap,40430,Barunga West,0.5294002,Good,Good,0
40268,Clements Gap,46450,Port Pirie,0.4705998,Good,Good,0
40269,Cleve,41190,Cleve,1,Good,Good,0
40270,Clinton (SA),48830,Yorke Peninsula,1,Good,Good,0
40271,Clinton Centre,48830,Yorke Peninsula,1,Good,Good,0
40272,Clovelly Park,44060,Marion,1,Good,Good,0
40273,Cobdogla,40520,Berri Barmera,1,Good,Good,0
40274,Cocata,48640,Wudinna,1,Good,Good,0
40275,Cockaleechie,47910,Tumby Bay,1,Good,Good,0
40276,Cockatoo Valley,40310,Barossa,1,Good,Good,0
40277,Cockburn,49399,Unincorporated SA,1,Good,Good,0
40278,Coffin Bay,43710,Lower Eyre Peninsula,1,Good,Good,0
40279,Colebatch,47800,Coorong,1,Good,Good,0
40280,Coles,45090,Naracoorte Lucindale,1,Good,Good,0
40281,College Park,45290,Norwood Payneham and St Peters,1,Good,Good,0
40282,Colley,47490,Streaky Bay,1,Good,Good,0
40283,Collinsfield,46450,Port Pirie,1,Good,Good,0
40284,Collinsville (SA),42110,Goyder,1,Good,Good,0
40285,Collinswood,46510,Prospect,1,Good,Good,0
40286,Colonel Light Gardens,44340,Mitcham,1,Good,Good,0
40287,Colton,41750,Elliston,1,Good,Good,0
40288,Comaum,48340,Wattle Range,1,Good,Good,0
40289,Commissariat Point,46090,Port Augusta,1,Good,Good,0
40290,Commonwealth Hill,49399,Unincorporated SA,1,Good,Good,0
40291,Compton,42250,Grant,1,Good,Good,0
40292,Concordia,40310,Barossa,1,Good,Good,0
40293,Condowie,48130,Wakefield,1,Good,Good,0
40294,Conmurra,45090,Naracoorte Lucindale,1,Good,Good,0
40295,Coober Pedy,41330,Coober Pedy,0.9999809,Good,Good,0
40295,Coober Pedy,49399,Unincorporated SA,1.91E-05,Good,Good,1
40296,Coobowie,48830,Yorke Peninsula,1,Good,Good,0
40297,Cooke Plains,47800,Coorong,1,Good,Good,0
40298,Coolillie,41750,Elliston,1,Good,Good,0
40299,Cooltong,46670,Renmark Paringa,1,Good,Good,0
40300,Coomandook,47800,Coorong,1,Good,Good,0
40301,Coombe,47800,Coorong,1,Good,Good,0
40302,Coomooroo,44830,Mount Remarkable,0.000768,Good,Good,1
40302,Coomooroo,45400,Orroroo Carrieton,0.999232,Good,Good,0
40303,Coomunga,43710,Lower Eyre Peninsula,1,Good,Good,0
40304,Coonalpyn,47800,Coorong,1,Good,Good,0
40305,Coonamia,46450,Port Pirie,1,Good,Good,0
40306,Coonawarra (SA),48340,Wattle Range,1,Good,Good,0
40307,Coorabie,49399,Unincorporated SA,1,Good,Good,0
40308,Coorong,43360,Kingston (SA),0.0680672,Good,Good,0
40308,Coorong,47800,Coorong,0.9319328,Good,Good,0
40309,Cootra,43220,Kimba,1,Good,Good,0
40310,Copeville,43080,Karoonda East Murray,1,Good,Good,0
40311,Copley (SA),49399,Unincorporated SA,1,Good,Good,0
40312,Corny Point,48830,Yorke Peninsula,1,Good,Good,0
40313,Coromandel East,45340,Onkaparinga,1,Good,Good,0
40314,Coromandel Valley,44340,Mitcham,0.3023022,Good,Good,0
40314,Coromandel Valley,45340,Onkaparinga,0.6976978,Good,Good,0
40315,Cortlinye,43220,Kimba,1,Good,Good,0
40316,Corunna Station,49399,Unincorporated SA,1,Good,Good,0
40317,Coulta,43710,Lower Eyre Peninsula,1,Good,Good,0
40318,Cowandilla,48410,West Torrens,1,Good,Good,0
40319,Cowell,41960,Franklin Harbour,1,Good,Good,0
40320,Cowirra,44210,Mid Murray,1,Good,Good,0
40321,Cradock,41830,Flinders Ranges,0.8972585,Good,Good,0
40321,Cradock,45400,Orroroo Carrieton,0.1027415,Good,Good,0
40322,Crafers,40120,Adelaide Hills,1,Good,Good,0
40323,Crafers West,40120,Adelaide Hills,0.9389777,Good,Good,0
40323,Crafers West,44340,Mitcham,0.0610223,Good,Good,0
40324,Craigburn Farm,44340,Mitcham,1,Good,Good,0
40325,Craigmore,45680,Playford,1,Good,Good,0
40326,Crescent,46670,Renmark Paringa,1,Good,Good,0
40327,Cromer (SA),40120,Adelaide Hills,0.2476955,Good,Good,0
40327,Cromer (SA),40310,Barossa,0.7523045,Good,Good,0
40328,Cross Roads (SA),41560,Copper Coast,1,Good,Good,0
40329,Croydon (SA),41060,Charles Sturt,1,Good,Good,0
40330,Croydon Park (SA),45890,Port Adelaide Enfield,1,Good,Good,0
40331,Crystal Brook (SA),46450,Port Pirie,1,Good,Good,0
40332,Cudlee Creek,40120,Adelaide Hills,1,Good,Good,0
40333,Culburra,47800,Coorong,1,Good,Good,0
40334,Cultana,49399,Unincorporated SA,1,Good,Good,0
40335,Cumberland Park,44340,Mitcham,1,Good,Good,0
40336,Cummins,43710,Lower Eyre Peninsula,1,Good,Good,0
40337,Cungena,47490,Streaky Bay,1,Good,Good,0
40338,Cunliffe,41560,Copper Coast,1,Good,Good,0
40339,Cunningham (SA),48830,Yorke Peninsula,1,Good,Good,0
40340,Cunyarie,43220,Kimba,1,Good,Good,0
40341,Curramulka,48830,Yorke Peninsula,1,Good,Good,0
40342,Currency Creek,40220,Alexandrina,1,Good,Good,0
40343,Custon,47630,Tatiara,1,Good,Good,0
40344,Cuttlefish Bay,42750,Kangaroo Island,1,Good,Good,0
40345,Cygnet River,42750,Kangaroo Island,1,Good,Good,0
40346,D'Estrees Bay,42750,Kangaroo Island,1,Good,Good,0
40347,Dalkey,48130,Wakefield,1,Good,Good,0
40348,Danggali,49399,Unincorporated SA,1,Good,Good,0
40349,Darke Peak,41190,Cleve,1,Good,Good,0
40350,Darlington (SA),44060,Marion,0.4861826,Good,Good,0
40350,Darlington (SA),45340,Onkaparinga,0.5138174,Good,Good,0
40351,Davenport (SA),46090,Port Augusta,1,Good,Good,0
40352,Daveyston,43650,Light,1,Good,Good,0
40353,Davoren Park,45680,Playford,1,Good,Good,0
40354,Daw Park,44340,Mitcham,1,Good,Good,0
40355,Dawesley,44550,Mount Barker,1,Good,Good,0
40356,Dawson (SA),45540,Peterborough,1,Good,Good,0
40357,De Mole River,42750,Kangaroo Island,1,Good,Good,0
40358,Deep Creek (SA),42750,Kangaroo Island,0.0011082,Good,Good,1
40358,Deep Creek (SA),48750,Yankalilla,0.9988918,Good,Good,0
40359,Deepwater (SA),47800,Coorong,1,Good,Good,0
40360,Delamere (SA),48750,Yankalilla,1,Good,Good,0
40361,Denial Bay,41010,Ceduna,1,Good,Good,0
40362,Dernancourt,45890,Port Adelaide Enfield,0.0571886,Good,Good,0
40362,Dernancourt,47700,Tea Tree Gully,0.9428114,Good,Good,0
40363,Devlins Pound,43790,Loxton Waikerie,1,Good,Good,0
40364,Devon Park (SA),41060,Charles Sturt,0.226348,Good,Good,0
40364,Devon Park (SA),45890,Port Adelaide Enfield,0.773652,Good,Good,0
40365,Dingabledinga,40220,Alexandrina,1,Good,Good,0
40366,Direk,47140,Salisbury,1,Good,Good,0
40367,Dismal Swamp,42250,Grant,1,Good,Good,0
40368,Donovans,42250,Grant,1,Good,Good,0
40369,Dorset Vale,40120,Adelaide Hills,0.4285714,Good,Good,0
40369,Dorset Vale,44550,Mount Barker,0.5,Good,Good,0
40369,Dorset Vale,45340,Onkaparinga,0.0714286,Good,Good,0
40370,Douglas Point,48540,Whyalla,1,Good,Good,0
40371,Dover Gardens,44060,Marion,1,Good,Good,0
40372,Dowlingville,48830,Yorke Peninsula,1,Good,Good,0
40373,Dry Creek (SA),45890,Port Adelaide Enfield,0.9994834,Good,Good,0
40373,Dry Creek (SA),47140,Salisbury,0.0005166,Good,Good,1
40374,Dublin,40150,Adelaide Plains,1,Good,Good,0
40375,Duck Ponds,43710,Lower Eyre Peninsula,1,Good,Good,0
40376,Dudley East,42750,Kangaroo Island,1,Good,Good,0
40377,Dudley Park (SA),45890,Port Adelaide Enfield,1,Good,Good,0
40378,Dudley West,42750,Kangaroo Island,1,Good,Good,0
40379,Dulwich,40700,Burnside,1,Good,Good,0
40380,Duncan,42750,Kangaroo Island,1,Good,Good,0
40381,Dutton,42110,Goyder,0.1061122,Good,Good,0
40381,Dutton,44210,Mid Murray,0.8938878,Good,Good,0
40382,Dutton East,44210,Mid Murray,1,Good,Good,0
40383,East Moonta,41560,Copper Coast,1,Good,Good,0
40384,Eastwood (SA),40700,Burnside,1,Good,Good,0
40385,Eba,44210,Mid Murray,1,Good,Good,0
40386,Eba Anchorage,47490,Streaky Bay,1,Good,Good,0
40387,Ebenezer (SA),43650,Light,1,Good,Good,0
40388,Echunga,44550,Mount Barker,1,Good,Good,0
40389,Eden Hills,44340,Mitcham,1,Good,Good,0
40390,Eden Valley,40310,Barossa,0.9151523,Good,Good,0
40390,Eden Valley,44210,Mid Murray,0.0848477,Good,Good,0
40391,Edillilie,43710,Lower Eyre Peninsula,1,Good,Good,0
40392,Edinburgh,47140,Salisbury,1,Good,Good,0
40393,Edinburgh North,45680,Playford,1,Good,Good,0
40394,Edithburgh,48830,Yorke Peninsula,1,Good,Good,0
40395,Edwardstown,44060,Marion,1,Good,Good,0
40396,Eight Mile Creek (SA),42250,Grant,1,Good,Good,0
40397,Elizabeth,45680,Playford,1,Good,Good,0
40398,Elizabeth Downs,45680,Playford,1,Good,Good,0
40399,Elizabeth East,45680,Playford,1,Good,Good,0
40400,Elizabeth Grove,45680,Playford,1,Good,Good,0
40401,Elizabeth North,45680,Playford,1,Good,Good,0
40402,Elizabeth Park,45680,Playford,1,Good,Good,0
40403,Elizabeth South,45680,Playford,1,Good,Good,0
40404,Elizabeth Vale,45680,Playford,0.8995322,Good,Good,0
40404,Elizabeth Vale,47140,Salisbury,0.1004678,Good,Good,0
40405,Elliston,41750,Elliston,1,Good,Good,0
40406,Elwomple,47800,Coorong,1,Good,Good,0
40407,Emu Bay,42750,Kangaroo Island,1,Good,Good,0
40408,Emu Downs,42110,Goyder,1,Good,Good,0
40409,Emu Flat (SA),41140,Clare and Gilbert Valleys,1,Good,Good,0
40410,Encounter Bay,48050,Victor Harbor,1,Good,Good,0
40411,Enfield (SA),45890,Port Adelaide Enfield,1,Good,Good,0
40412,Erindale,40700,Burnside,1,Good,Good,0
40413,Erith,48130,Wakefield,1,Good,Good,0
40414,Erskine (SA),45400,Orroroo Carrieton,1,Good,Good,0
40415,Ethelton,45890,Port Adelaide Enfield,1,Good,Good,0
40416,Ettrick (SA),45040,Murray Bridge,1,Good,Good,0
40417,Eudunda,42110,Goyder,1,Good,Good,0
40418,Eurelia,45400,Orroroo Carrieton,1,Good,Good,0
40419,Euromina,45120,Northern Areas,1,Good,Good,0
40420,Evandale (SA),45290,Norwood Payneham and St Peters,1,Good,Good,0
40421,Evanston,42030,Gawler,1,Good,Good,0
40422,Evanston Gardens,42030,Gawler,1,Good,Good,0
40423,Evanston Park,42030,Gawler,0.9804286,Good,Good,0
40423,Evanston Park,45680,Playford,0.0195714,Good,Good,0
40424,Evanston South,42030,Gawler,1,Good,Good,0
40425,Everard Central,48130,Wakefield,1,Good,Good,0
40426,Everard Park,47980,Unley,1,Good,Good,0
40427,Exeter (SA),45890,Port Adelaide Enfield,1,Good,Good,0
40428,Eyre,45680,Playford,1,Good,Good,0
40429,Fairview Park,47700,Tea Tree Gully,1,Good,Good,0
40430,False Bay,49399,Unincorporated SA,1,Good,Good,0
40431,Farina,49399,Unincorporated SA,1,Good,Good,0
40432,Farrell Flat,41140,Clare and Gilbert Valleys,0.0718277,Good,Good,0
40432,Farrell Flat,42110,Goyder,0.9281723,Good,Good,0
40433,Felixstow,45290,Norwood Payneham and St Peters,1,Good,Good,0
40434,Ferryden Park,45890,Port Adelaide Enfield,1,Good,Good,0
40435,Field,47800,Coorong,1,Good,Good,0
40436,Findon,41060,Charles Sturt,1,Good,Good,0
40437,Finniss,40220,Alexandrina,1,Good,Good,0
40438,Firle,45290,Norwood Payneham and St Peters,1,Good,Good,0
40439,Fischer,40150,Adelaide Plains,1,Good,Good,0
40440,Fisher (SA),44210,Mid Murray,1,Good,Good,0
40441,Fisherman Bay,40430,Barunga West,1,Good,Good,0
40442,Fitzroy (SA),46510,Prospect,1,Good,Good,0
40443,Five Miles,44210,Mid Murray,1,Good,Good,0
40444,Flagstaff Hill,45340,Onkaparinga,1,Good,Good,0
40445,Flaxley,44550,Mount Barker,1,Good,Good,0
40446,Flaxman Valley,40310,Barossa,1,Good,Good,0
40447,Flinders Chase,42750,Kangaroo Island,1,Good,Good,0
40448,Flinders Park,41060,Charles Sturt,1,Good,Good,0
40449,Flinders Ranges,49399,Unincorporated SA,1,Good,Good,0
40450,Florina Station,49399,Unincorporated SA,1,Good,Good,0
40451,Fords,43650,Light,1,Good,Good,0
40452,Forest Range,40120,Adelaide Hills,1,Good,Good,0
40453,Forestville (SA),47980,Unley,1,Good,Good,0
40454,Forreston,40120,Adelaide Hills,1,Good,Good,0
40455,Forster (SA),44210,Mid Murray,1,Good,Good,0
40456,Foul Bay,48830,Yorke Peninsula,1,Good,Good,0
40457,Fountain,43710,Lower Eyre Peninsula,1,Good,Good,0
40458,Fox,45090,Naracoorte Lucindale,1,Good,Good,0
40459,Frahns,44210,Mid Murray,1,Good,Good,0
40460,Frances,45090,Naracoorte Lucindale,1,Good,Good,0
40461,Franklyn,42110,Goyder,1,Good,Good,0
40462,Frankton,42110,Goyder,0.8329634,Good,Good,0
40462,Frankton,44210,Mid Murray,0.1670366,Good,Good,0
40463,Frayville,44210,Mid Murray,1,Good,Good,0
40464,Freeling,43650,Light,1,Good,Good,0
40465,Frewville,40700,Burnside,1,Good,Good,0
40466,Frome Downs,49399,Unincorporated SA,1,Good,Good,0
40467,Fulham (SA),48410,West Torrens,1,Good,Good,0
40468,Fulham Gardens,41060,Charles Sturt,1,Good,Good,0
40469,Fullarton,47980,Unley,1,Good,Good,0
40470,Furner,48340,Wattle Range,1,Good,Good,0
40471,Galga,43080,Karoonda East Murray,0.9996003,Good,Good,0
40471,Galga,43790,Loxton Waikerie,0.0003997,Good,Good,1
40472,Gammon Ranges,49399,Unincorporated SA,1,Good,Good,0
40473,Garden Island (SA),49399,Unincorporated SA,1,Good,Good,0
40474,Gawler (SA),42030,Gawler,1,Good,Good,0
40475,Gawler Belt,43650,Light,1,Good,Good,0
40476,Gawler East,42030,Gawler,1,Good,Good,0
40477,Gawler Ranges,49399,Unincorporated SA,1,Good,Good,0
40478,Gawler River,43650,Light,1,Good,Good,0
40479,Gawler South,42030,Gawler,1,Good,Good,0
40480,Gawler West,42030,Gawler,1,Good,Good,0
40481,Gemmells,40220,Alexandrina,1,Good,Good,0
40482,Georgetown (SA),45120,Northern Areas,1,Good,Good,0
40483,Gepps Cross,45890,Port Adelaide Enfield,1,Good,Good,0
40484,Geranium,47290,Southern Mallee,1,Good,Good,0
40485,Geranium Plains,42110,Goyder,1,Good,Good,0
40486,Gerard,49399,Unincorporated SA,1,Good,Good,0
40487,German Creek,42250,Grant,1,Good,Good,0
40488,German Flat,48340,Wattle Range,1,Good,Good,0
40489,Germein Bay,44830,Mount Remarkable,0.9960317,Good,Good,0
40489,Germein Bay,46450,Port Pirie,0.0039683,Good,Good,1
40490,Gidgealpa,49399,Unincorporated SA,1,Good,Good,0
40491,Gifford Hill,45040,Murray Bridge,1,Good,Good,0
40492,Gilberton (SA),48260,Walkerville,1,Good,Good,0
40493,Giles Corner,41140,Clare and Gilbert Valleys,1,Good,Good,0
40494,Gillentown,41140,Clare and Gilbert Valleys,1,Good,Good,0
40495,Gilles Plains,45890,Port Adelaide Enfield,0.5995476,Good,Good,0
40495,Gilles Plains,47700,Tea Tree Gully,0.4004524,Good,Good,0
40496,Gillman,45890,Port Adelaide Enfield,1,Good,Good,0
40497,Gladstone (SA),45120,Northern Areas,1,Good,Good,0
40498,Glandore,44060,Marion,0.5699753,Good,Good,0
40498,Glandore,48410,West Torrens,0.4300247,Good,Good,0
40499,Glanville,45890,Port Adelaide Enfield,1,Good,Good,0
40500,Glen Osmond,40700,Burnside,1,Good,Good,0
40501,Glenalta,44340,Mitcham,1,Good,Good,0
40502,Glenburnie,42250,Grant,0.8414229,Good,Good,0
40502,Glenburnie,44620,Mount Gambier,0.1585771,Good,Good,0
40503,Glencoe (SA),48340,Wattle Range,1,Good,Good,0
40504,Glendambo,49399,Unincorporated SA,1,Good,Good,0
40505,Glenelg (SA),42600,Holdfast Bay,1,Good,Good,0
40506,Glenelg East,42600,Holdfast Bay,1,Good,Good,0
40507,Glenelg North,42600,Holdfast Bay,0.8269261,Good,Good,0
40507,Glenelg North,48410,West Torrens,0.1730739,Good,Good,0
40508,Glenelg South,42600,Holdfast Bay,1,Good,Good,0
40509,Glengowrie,44060,Marion,1,Good,Good,0
40510,Glenroy (SA),48340,Wattle Range,1,Good,Good,0
40511,Glenside,40700,Burnside,1,Good,Good,0
40512,Glenunga,40700,Burnside,1,Good,Good,0
40513,Globe Derby Park,47140,Salisbury,1,Good,Good,0
40514,Glossop,40520,Berri Barmera,1,Good,Good,0
40515,Glynde,45290,Norwood Payneham and St Peters,1,Good,Good,0
40516,Golden Grove,47700,Tea Tree Gully,1,Good,Good,0
40517,Golden Heights,43790,Loxton Waikerie,1,Good,Good,0
40518,Gomersal,43650,Light,1,Good,Good,0
40519,Good Hope Landing,43790,Loxton Waikerie,1,Good,Good,0
40520,Goodwood (SA),47980,Unley,1,Good,Good,0
40521,Goolwa,40220,Alexandrina,1,Good,Good,0
40522,Goolwa Beach,40220,Alexandrina,1,Good,Good,0
40523,Goolwa North,40220,Alexandrina,1,Good,Good,0
40524,Goolwa South,40220,Alexandrina,1,Good,Good,0
40525,Gosse,42750,Kangaroo Island,1,Good,Good,0
40526,Gould Creek,45680,Playford,0.5021542,Good,Good,0
40526,Gould Creek,47700,Tea Tree Gully,0.4978458,Good,Good,0
40527,Goyder,48130,Wakefield,1,Good,Good,0
40528,Grace Plains,40150,Adelaide Plains,0.90154,Good,Good,0
40528,Grace Plains,48130,Wakefield,0.09846,Good,Good,0
40529,Grampus,49399,Unincorporated SA,1,Good,Good,0
40530,Grange (SA),41060,Charles Sturt,1,Good,Good,0
40531,Green Fields,47140,Salisbury,1,Good,Good,0
40532,Green Hills Range,44550,Mount Barker,1,Good,Good,0
40533,Green Patch,43710,Lower Eyre Peninsula,1,Good,Good,0
40534,Greenacres,45890,Port Adelaide Enfield,1,Good,Good,0
40535,Greenhill (SA),40120,Adelaide Hills,1,Good,Good,0
40536,Greenock,43650,Light,1,Good,Good,0
40537,Greenways,46860,Robe,1,Good,Good,0
40538,Greenwith,47700,Tea Tree Gully,1,Good,Good,0
40539,Gulfview Heights,47140,Salisbury,0.9882896,Good,Good,0
40539,Gulfview Heights,47700,Tea Tree Gully,0.0117104,Good,Good,0
40540,Gulnare,45120,Northern Areas,1,Good,Good,0
40541,Gum Creek,42110,Goyder,1,Good,Good,0
40542,Gumeracha,40120,Adelaide Hills,1,Good,Good,0
40543,Gurra Gurra,46670,Renmark Paringa,1,Good,Good,0
40544,Hackham,45340,Onkaparinga,1,Good,Good,0
40545,Hackham West,45340,Onkaparinga,1,Good,Good,0
40546,Hacklins Corner,45120,Northern Areas,1,Good,Good,0
40547,Hackney,45290,Norwood Payneham and St Peters,1,Good,Good,0
40548,Hahndorf,44550,Mount Barker,1,Good,Good,0
40549,Haines,42750,Kangaroo Island,1,Good,Good,0
40550,Halbury,41140,Clare and Gilbert Valleys,0.0683315,Good,Good,0
40550,Halbury,48130,Wakefield,0.9316685,Good,Good,0
40551,Halidon,43080,Karoonda East Murray,1,Good,Good,0
40552,Hallelujah Hills,42110,Goyder,1,Good,Good,0
40553,Hallett,42110,Goyder,1,Good,Good,0
40554,Hallett Cove,44060,Marion,1,Good,Good,0
40555,Hambidge,41190,Cleve,0.5,Good,Good,0
40555,Hambidge,41750,Elliston,0.5,Good,Good,0
40556,Hamilton (SA),43650,Light,1,Good,Good,0
40557,Hamley,41560,Copper Coast,1,Good,Good,0
40558,Hamley Bridge,43650,Light,0.0225144,Good,Good,0
40558,Hamley Bridge,48130,Wakefield,0.9774856,Good,Good,0
40559,Hammond,44830,Mount Remarkable,1,Good,Good,0
40560,Hampden (SA),42110,Goyder,1,Good,Good,0
40561,Hampstead Gardens,45890,Port Adelaide Enfield,1,Good,Good,0
40562,Hansborough,42110,Goyder,0.7058016,Good,Good,0
40562,Hansborough,43650,Light,0.2941984,Good,Good,0
40563,Hanson,42110,Goyder,1,Good,Good,0
40564,Happy Valley (SA),45340,Onkaparinga,1,Good,Good,0
40565,Hardwicke Bay,48830,Yorke Peninsula,1,Good,Good,0
40566,Hardy,45540,Peterborough,1,Good,Good,0
40567,Harrogate,44550,Mount Barker,1,Good,Good,0
40568,Hart (SA),48130,Wakefield,1,Good,Good,0
40569,Hartley (SA),40220,Alexandrina,1,Good,Good,0
40570,Haslam,47490,Streaky Bay,1,Good,Good,0
40571,Hatherleigh,48340,Wattle Range,1,Good,Good,0
40572,Hawker (SA),41830,Flinders Ranges,1,Good,Good,0
40573,Hawson,43710,Lower Eyre Peninsula,1,Good,Good,0
40574,Hawthorn (SA),44340,Mitcham,1,Good,Good,0
40575,Hawthorndene,44340,Mitcham,1,Good,Good,0
40576,Hay Flat,48750,Yankalilla,1,Good,Good,0
40577,Hay Valley,44550,Mount Barker,1,Good,Good,0
40578,Hayborough,48050,Victor Harbor,1,Good,Good,0
40579,Hazelwood Park,40700,Burnside,1,Good,Good,0
40580,Heathfield,40120,Adelaide Hills,1,Good,Good,0
40581,Heathpool,45290,Norwood Payneham and St Peters,1,Good,Good,0
40582,Hectorville,40910,Campbelltown (SA),1,Good,Good,0
40583,Hendon (SA),41060,Charles Sturt,1,Good,Good,0
40584,Henley Beach,41060,Charles Sturt,1,Good,Good,0
40585,Henley Beach South,41060,Charles Sturt,1,Good,Good,0
40586,Hewett,43650,Light,1,Good,Good,0
40587,Highbury (SA),47700,Tea Tree Gully,1,Good,Good,0
40588,Highgate (SA),47980,Unley,1,Good,Good,0
40589,Highland Valley,40220,Alexandrina,1,Good,Good,0
40590,Hill River (SA),41140,Clare and Gilbert Valleys,1,Good,Good,0
40591,Hillbank,45680,Playford,1,Good,Good,0
40592,Hillcrest (SA),45890,Port Adelaide Enfield,1,Good,Good,0
40593,Hillier,42030,Gawler,0.9366383,Good,Good,0
40593,Hillier,45680,Playford,0.0633617,Good,Good,0
40594,Hilltown,41140,Clare and Gilbert Valleys,1,Good,Good,0
40595,Hilton (SA),48410,West Torrens,1,Good,Good,0
40596,Hincks,41190,Cleve,0.5,Good,Good,0
40596,Hincks,47910,Tumby Bay,0.5,Good,Good,0
40597,Hindmarsh (SA),41060,Charles Sturt,1,Good,Good,0
40598,Hindmarsh Island,40220,Alexandrina,1,Good,Good,0
40599,Hindmarsh Tiers,48050,Victor Harbor,1,Good,Good,0
40600,Hindmarsh Valley,48050,Victor Harbor,1,Good,Good,0
40601,Holden Hill,45890,Port Adelaide Enfield,0.1861617,Good,Good,0
40601,Holden Hill,47700,Tea Tree Gully,0.8138383,Good,Good,0
40602,Holder (SA),43790,Loxton Waikerie,1,Good,Good,0
40603,Holder Siding,43790,Loxton Waikerie,1,Good,Good,0
40604,Honiton,48830,Yorke Peninsula,1,Good,Good,0
40605,Hope Forest,40220,Alexandrina,1,Good,Good,0
40606,Hope Gap,48130,Wakefield,1,Good,Good,0
40607,Hope Valley (SA),47700,Tea Tree Gully,1,Good,Good,0
40608,Hornsdale,45120,Northern Areas,1,Good,Good,0
40609,Horsnell Gully,40120,Adelaide Hills,1,Good,Good,0
40610,Hoskin Corner,48130,Wakefield,1,Good,Good,0
40611,Houghton,40120,Adelaide Hills,0.8225973,Good,Good,0
40611,Houghton,47700,Tea Tree Gully,0.1774027,Good,Good,0
40612,Hove,42600,Holdfast Bay,1,Good,Good,0
40613,Hoyleton,41140,Clare and Gilbert Valleys,8.06E-05,Good,Good,1
40613,Hoyleton,48130,Wakefield,0.9999194,Good,Good,0
40614,Huddleston,45120,Northern Areas,1,Good,Good,0
40615,Humbug Scrub,40120,Adelaide Hills,0.4373695,Good,Good,0
40615,Humbug Scrub,45680,Playford,0.5626305,Good,Good,0
40616,Huntfield Heights,45340,Onkaparinga,1,Good,Good,0
40617,Hyde Park (SA),47980,Unley,1,Good,Good,0
40618,Hynam,45090,Naracoorte Lucindale,1,Good,Good,0
40619,Ingle Farm,47140,Salisbury,1,Good,Good,0
40620,Inglewood (SA),40120,Adelaide Hills,1,Good,Good,0
40621,Ingomar,49399,Unincorporated SA,1,Good,Good,0
40622,Inkerman (SA),48130,Wakefield,1,Good,Good,0
40623,Inkster,47490,Streaky Bay,1,Good,Good,0
40624,Inman Valley,48050,Victor Harbor,0.4581052,Good,Good,0
40624,Inman Valley,48750,Yankalilla,0.5418948,Good,Good,0
40625,Innamincka,49399,Unincorporated SA,1,Good,Good,0
40626,Inneston,48830,Yorke Peninsula,1,Good,Good,0
40627,Iron Knob,49399,Unincorporated SA,1,Good,Good,0
40628,Ironbank,40120,Adelaide Hills,0.631102,Good,Good,0
40628,Ironbank,45340,Onkaparinga,0.368898,Good,Good,0
40629,Ironstone,42750,Kangaroo Island,1,Good,Good,0
40630,Island Beach,42750,Kangaroo Island,1,Good,Good,0
40631,Island Lagoon,49399,Unincorporated SA,1,Good,Good,0
40632,Iwantja,40250,Anangu Pitjantjatjara Yunkunytjatjara,1,Good,Good,0
40633,Jabuk,47290,Southern Mallee,0.1357167,Good,Good,0
40633,Jabuk,47800,Coorong,0.8642833,Good,Good,0
40634,James Well,48830,Yorke Peninsula,1,Good,Good,0
40635,Jamestown,45120,Northern Areas,1,Good,Good,0
40636,Jamieson (SA),41190,Cleve,1,Good,Good,0
40637,Jericho (SA),41560,Copper Coast,1,Good,Good,0
40638,Jerusalem,41560,Copper Coast,1,Good,Good,0
40639,Jervois,45040,Murray Bridge,1,Good,Good,0
40640,Joanna,45090,Naracoorte Lucindale,1,Good,Good,0
40641,Johnburgh,45400,Orroroo Carrieton,1,Good,Good,0
40642,Joslin,45290,Norwood Payneham and St Peters,1,Good,Good,0
40643,Julanka Holdings,44210,Mid Murray,1,Good,Good,0
40644,Julia,42110,Goyder,1,Good,Good,0
40645,Jupiter Creek,44550,Mount Barker,1,Good,Good,0
40646,Kadina,41560,Copper Coast,1,Good,Good,0
40647,Kainton,48830,Yorke Peninsula,1,Good,Good,0
40648,Kalamurina,49399,Unincorporated SA,1,Good,Good,0
40649,Kalanbi,41010,Ceduna,1,Good,Good,0
40650,Kalangadoo,48340,Wattle Range,1,Good,Good,0
40651,Kalbeeba,40310,Barossa,1,Good,Good,0
40652,Kaldoonera,47490,Streaky Bay,1,Good,Good,0
40653,Kalka,40250,Anangu Pitjantjatjara Yunkunytjatjara,1,Good,Good,0
40654,Kallora,48130,Wakefield,1,Good,Good,0
40655,Kaltjiti,40250,Anangu Pitjantjatjara Yunkunytjatjara,1,Good,Good,0
40656,Kangarilla,44550,Mount Barker,0.055192,Good,Good,0
40656,Kangarilla,45340,Onkaparinga,0.944808,Good,Good,0
40657,Kangaroo Flat (SA),43650,Light,1,Good,Good,0
40658,Kangaroo Head,42750,Kangaroo Island,1,Good,Good,0
40659,Kangaroo Inn,48340,Wattle Range,1,Good,Good,0
40660,Kanmantoo,44550,Mount Barker,1,Good,Good,0
40661,Kanni,43790,Loxton Waikerie,1,Good,Good,0
40662,Kanpi,40250,Anangu Pitjantjatjara Yunkunytjatjara,1,Good,Good,0
40663,Kanyaka,41830,Flinders Ranges,1,Good,Good,0
40664,Kapinnie,43710,Lower Eyre Peninsula,1,Good,Good,0
40665,Kappawanta,41750,Elliston,1,Good,Good,0
40666,Kapunda,43650,Light,1,Good,Good,0
40667,Karatta,42750,Kangaroo Island,1,Good,Good,0
40668,Karcultaby,47490,Streaky Bay,0.6391218,Good,Good,0
40668,Karcultaby,48640,Wudinna,0.3608782,Good,Good,0
40669,Karkoo,43710,Lower Eyre Peninsula,1,Good,Good,0
40670,Karoonda,43080,Karoonda East Murray,1,Good,Good,0
40671,Karte,47290,Southern Mallee,1,Good,Good,0
40672,Katarapko,40520,Berri Barmera,1,Good,Good,0
40673,Keilira,43360,Kingston (SA),1,Good,Good,0
40674,Keith,47630,Tatiara,1,Good,Good,0
40675,Kellidie Bay,43710,Lower Eyre Peninsula,1,Good,Good,0
40676,Kelly,43220,Kimba,1,Good,Good,0
40677,Kensington (SA),45290,Norwood Payneham and St Peters,1,Good,Good,0
40678,Kensington Gardens,40700,Burnside,1,Good,Good,0
40679,Kensington Park,40700,Burnside,1,Good,Good,0
40680,Kent Town,45290,Norwood Payneham and St Peters,1,Good,Good,0
40681,Kenton Valley,40120,Adelaide Hills,1,Good,Good,0
40682,Kepa,45040,Murray Bridge,1,Good,Good,0
40683,Keppoch,45090,Naracoorte Lucindale,1,Good,Good,0
40684,Kersbrook,40120,Adelaide Hills,1,Good,Good,0
40685,Keswick,47980,Unley,1.35E-05,Good,Good,1
40685,Keswick,48410,West Torrens,0.9999865,Good,Good,0
40686,Keswick Terminal,48410,West Torrens,1,Good,Good,0
40687,Keyneton,44210,Mid Murray,1,Good,Good,0
40688,Ki Ki,47800,Coorong,1,Good,Good,0
40689,Kiana,43710,Lower Eyre Peninsula,1,Good,Good,0
40690,Kidman Park,41060,Charles Sturt,1,Good,Good,0
40691,Kielpa,41190,Cleve,1,Good,Good,0
40692,Kilburn,45890,Port Adelaide Enfield,1,Good,Good,0
40693,Kilkenny,41060,Charles Sturt,1,Good,Good,0
40694,Kimba,43220,Kimba,1,Good,Good,0
40695,Kingoonya,49399,Unincorporated SA,1,Good,Good,0
40696,Kings Park (SA),47980,Unley,1,Good,Good,0
40697,Kingscote,42750,Kangaroo Island,1,Good,Good,0
40698,Kingsford (SA),43650,Light,1,Good,Good,0
40699,Kingston On Murray,43790,Loxton Waikerie,1,Good,Good,0
40700,Kingston Park,42600,Holdfast Bay,1,Good,Good,0
40701,Kingston Se,43360,Kingston (SA),1,Good,Good,0
40702,Kingswood (SA),44340,Mitcham,1,Good,Good,0
40703,Klemzig,45890,Port Adelaide Enfield,1,Good,Good,0
40704,Kohinoor,42750,Kangaroo Island,1,Good,Good,0
40705,Kondoolka,49399,Unincorporated SA,1,Good,Good,0
40706,Kongal,47630,Tatiara,1,Good,Good,0
40707,Kongorong,42250,Grant,1,Good,Good,0
40708,Koolgera,47490,Streaky Bay,1,Good,Good,0
40709,Koolunga,46450,Port Pirie,1,Good,Good,0
40710,Koolywurtie,48830,Yorke Peninsula,1,Good,Good,0
40711,Koonamore,49399,Unincorporated SA,1,Good,Good,0
40712,Koongawa,43220,Kimba,0.122603,Good,Good,0
40712,Koongawa,48640,Wudinna,0.877397,Good,Good,0
40713,Koonibba,41010,Ceduna,1,Good,Good,0
40714,Koonoona,42110,Goyder,1,Good,Good,0
40715,Koonunga,43650,Light,1,Good,Good,0
40716,Koorine,48340,Wattle Range,1,Good,Good,0
40717,Kooroona,41560,Copper Coast,1,Good,Good,0
40718,Koppamurra,45090,Naracoorte Lucindale,1,Good,Good,0
40719,Koppio,47910,Tumby Bay,1,Good,Good,0
40720,Korunye,40150,Adelaide Plains,1,Good,Good,0
40721,Kringin,43790,Loxton Waikerie,1,Good,Good,0
40722,Krondorf,40310,Barossa,1,Good,Good,0
40723,Krongart,48340,Wattle Range,1,Good,Good,0
40724,Kudla,42030,Gawler,1,Good,Good,0
40725,Kuitpo,40220,Alexandrina,0.5169049,Good,Good,0
40725,Kuitpo,44550,Mount Barker,0.2125676,Good,Good,0
40725,Kuitpo,45340,Onkaparinga,0.2705274,Good,Good,0
40726,Kuitpo Colony,40220,Alexandrina,1,Good,Good,0
40727,Kulpara,40430,Barunga West,1,Good,Good,0
40728,Kurralta Park,48410,West Torrens,1,Good,Good,0
40729,Kyancutta,48640,Wudinna,1,Good,Good,0
40730,Kybunga,48130,Wakefield,1,Good,Good,0
40731,Kybybolite,45090,Naracoorte Lucindale,1,Good,Good,0
40732,Kyeema,40220,Alexandrina,1,Good,Good,0
40733,Laffer,47630,Tatiara,1,Good,Good,0
40734,Lake Albert (SA),47800,Coorong,0.4666667,Good,Good,0
40734,Lake Albert (SA),49399,Unincorporated SA,0.5333333,Good,Good,0
40735,Lake Alexandrina,40220,Alexandrina,0.1111111,Good,Good,0
40735,Lake Alexandrina,45040,Murray Bridge,0.5555556,Good,Good,0
40735,Lake Alexandrina,47800,Coorong,0.3333333,Good,Good,0
40736,Lake Carlet,44210,Mid Murray,1,Good,Good,0
40737,Lake Everard,49399,Unincorporated SA,1,Good,Good,0
40738,Lake Eyre,49399,Unincorporated SA,1,Good,Good,0
40739,Lake Frome,49399,Unincorporated SA,1,Good,Good,0
40740,Lake Gairdner,49399,Unincorporated SA,1,Good,Good,0
40741,Lake Gilles,43220,Kimba,0.5,Good,Good,0
40741,Lake Gilles,49399,Unincorporated SA,0.5,Good,Good,0
40742,Lake Macfarlane,49399,Unincorporated SA,1,Good,Good,0
40743,Lake Plains,40220,Alexandrina,1,Good,Good,0
40744,Lake Torrens,49399,Unincorporated SA,1,Good,Good,0
40745,Lake View,48130,Wakefield,1,Good,Good,0
40746,Lameroo,47290,Southern Mallee,1,Good,Good,0
40747,Langhorne Creek,40220,Alexandrina,1,Good,Good,0
40748,Langs Landing,44210,Mid Murray,1,Good,Good,0
40749,Largs Bay,45890,Port Adelaide Enfield,1,Good,Good,0
40750,Largs North,45890,Port Adelaide Enfield,1,Good,Good,0
40751,Laura (SA),45120,Northern Areas,1,Good,Good,0
40752,Laura Bay,41010,Ceduna,0.9991687,Good,Good,0
40752,Laura Bay,49399,Unincorporated SA,0.0008313,Good,Good,1
40753,Leabrook,40700,Burnside,1,Good,Good,0
40754,Leasingham,41140,Clare and Gilbert Valleys,1,Good,Good,0
40755,Leawood Gardens,40700,Burnside,0.3148834,Good,Good,0
40755,Leawood Gardens,44340,Mitcham,0.6851166,Good,Good,0
40756,Leigh Creek (SA),49399,Unincorporated SA,1,Good,Good,0
40757,Leigh Creek Station,49399,Unincorporated SA,1,Good,Good,0
40758,Leighton,42110,Goyder,1,Good,Good,0
40759,Lenswood,40120,Adelaide Hills,1,Good,Good,0
40760,Lewiston,40150,Adelaide Plains,1,Good,Good,0
40761,Light Pass,40310,Barossa,1,Good,Good,0
40762,Lightsview,45890,Port Adelaide Enfield,1,Good,Good,0
40763,Lincoln National Park,43710,Lower Eyre Peninsula,0.8275862,Good,Good,0
40763,Lincoln National Park,49399,Unincorporated SA,0.1724138,Good,Good,0
40764,Linden Park,40700,Burnside,1,Good,Good,0
40765,Lindley,44210,Mid Murray,1,Good,Good,0
40766,Lindon,49399,Unincorporated SA,1,Good,Good,0
40767,Linwood,43650,Light,1,Good,Good,0
40768,Lipson,47910,Tumby Bay,1,Good,Good,0
40769,Little Douglas,43710,Lower Eyre Peninsula,1,Good,Good,0
40770,Littlehampton,44550,Mount Barker,1,Good,Good,0
40771,Lobethal,40120,Adelaide Hills,1,Good,Good,0
40772,Lochaber,45090,Naracoorte Lucindale,1,Good,Good,0
40773,Lochiel (SA),48130,Wakefield,1,Good,Good,0
40774,Lock,41750,Elliston,1,Good,Good,0
40775,Lockleys,48410,West Torrens,1,Good,Good,0
40776,Long Flat (SA),45040,Murray Bridge,1,Good,Good,0
40777,Long Plains,40150,Adelaide Plains,0.6963584,Good,Good,0
40777,Long Plains,48130,Wakefield,0.3036416,Good,Good,0
40778,Longwood (SA),40120,Adelaide Hills,1,Good,Good,0
40779,Lonsdale,44060,Marion,0.0010947,Good,Good,1
40779,Lonsdale,45340,Onkaparinga,0.9989053,Good,Good,0
40780,Louth Bay,43710,Lower Eyre Peninsula,1,Good,Good,0
40781,Loveday,40520,Berri Barmera,1,Good,Good,0
40782,Lowan Vale,47630,Tatiara,1,Good,Good,0
40783,Lowbank,43790,Loxton Waikerie,1,Good,Good,0
40784,Lower Broughton,46450,Port Pirie,1,Good,Good,0
40785,Lower Hermitage,40120,Adelaide Hills,1,Good,Good,0
40786,Lower Inman Valley,48050,Victor Harbor,1,Good,Good,0
40787,Lower Light,40150,Adelaide Plains,1,Good,Good,0
40788,Lower Mitcham,44340,Mitcham,1,Good,Good,0
40789,Loxton,43790,Loxton Waikerie,1,Good,Good,0
40790,Loxton North,43790,Loxton Waikerie,1,Good,Good,0
40791,Lucindale,45090,Naracoorte Lucindale,1,Good,Good,0
40792,Lucky Bay,41960,Franklin Harbour,1,Good,Good,0
40793,Lyndhurst (SA),49399,Unincorporated SA,1,Good,Good,0
40794,Lyndoch,40310,Barossa,0.977704,Good,Good,0
40794,Lyndoch,43650,Light,0.022296,Good,Good,0
40795,Lynton,44340,Mitcham,1,Good,Good,0
40796,Lyrup,46670,Renmark Paringa,1,Good,Good,0
40797,Maaoupe,48340,Wattle Range,1,Good,Good,0
40798,Mabel Creek,49399,Unincorporated SA,1,Good,Good,0
40799,Macclesfield (SA),40220,Alexandrina,0.0300046,Good,Good,0
40799,Macclesfield (SA),44550,Mount Barker,0.9699954,Good,Good,0
40800,Macdonald Park,45680,Playford,1,Good,Good,0
40801,Macgillivray,42750,Kangaroo Island,1,Good,Good,0
40802,Macumba,49399,Unincorporated SA,1,Good,Good,0
40803,Magarey,48340,Wattle Range,1,Good,Good,0
40804,Magdala,43650,Light,1,Good,Good,0
40805,Maggea,43790,Loxton Waikerie,1,Good,Good,0
40806,Magill,40700,Burnside,0.2657402,Good,Good,0
40806,Magill,40910,Campbelltown (SA),0.7342598,Good,Good,0
40807,Mahanewo,49399,Unincorporated SA,1,Good,Good,0
40808,Maitland (SA),48830,Yorke Peninsula,1,Good,Good,0
40809,Makin,47630,Tatiara,1,Good,Good,0
40810,Malinong,47800,Coorong,1,Good,Good,0
40811,Mallala,40150,Adelaide Plains,1,Good,Good,0
40812,Malpas,43790,Loxton Waikerie,1,Good,Good,0
40813,Maltee,41010,Ceduna,1,Good,Good,0
40814,Malvern (SA),47980,Unley,1,Good,Good,0
40815,Mambray Creek,44830,Mount Remarkable,1,Good,Good,0
40816,Mangalo,41190,Cleve,1,Good,Good,0
40817,Manna Hill,49399,Unincorporated SA,1,Good,Good,0
40818,Mannanarie,45120,Northern Areas,1,Good,Good,0
40819,Manningham,45890,Port Adelaide Enfield,1,Good,Good,0
40820,Mannum,44210,Mid Murray,1,Good,Good,0
40821,Manoora (SA),41140,Clare and Gilbert Valleys,1,Good,Good,0
40822,Mansfield Park,45890,Port Adelaide Enfield,1,Good,Good,0
40823,Mantung,43080,Karoonda East Murray,0.5651607,Good,Good,0
40823,Mantung,43790,Loxton Waikerie,0.4348393,Good,Good,0
40824,Marama,43080,Karoonda East Murray,1,Good,Good,0
40825,Marananga,43650,Light,1,Good,Good,0
40826,Marble Hill,40120,Adelaide Hills,1,Good,Good,0
40827,Marcollat,43360,Kingston (SA),1,Good,Good,0
40828,Marden,45290,Norwood Payneham and St Peters,1,Good,Good,0
40829,Marino,44060,Marion,1,Good,Good,0
40830,Marion,44060,Marion,1,Good,Good,0
40831,Marion Bay (SA),48830,Yorke Peninsula,1,Good,Good,0
40832,Markaranka,43790,Loxton Waikerie,1,Good,Good,0
40833,Marks Landing,44210,Mid Murray,1,Good,Good,0
40834,Marla,49399,Unincorporated SA,1,Good,Good,0
40835,Marleston,48410,West Torrens,1,Good,Good,0
40836,Marola,48130,Wakefield,1,Good,Good,0
40837,Marrabel,41140,Clare and Gilbert Valleys,1,Good,Good,0
40838,Marree,49399,Unincorporated SA,1,Good,Good,0
40839,Marryatville,45290,Norwood Payneham and St Peters,1,Good,Good,0
40840,Maryvale (SA),47490,Streaky Bay,1,Good,Good,0
40841,Maslin Beach,45340,Onkaparinga,1,Good,Good,0
40842,Matta Flat,41560,Copper Coast,1,Good,Good,0
40843,Maude (SA),44210,Mid Murray,1,Good,Good,0
40844,Mawson Lakes,47140,Salisbury,1,Good,Good,0
40845,Mayfield (SA),45120,Northern Areas,1,Good,Good,0
40846,Maylands (SA),45290,Norwood Payneham and St Peters,1,Good,Good,0
40847,McBean Pound,44210,Mid Murray,1,Good,Good,0
40848,McCallum,47630,Tatiara,1,Good,Good,0
40849,McCracken,48050,Victor Harbor,1,Good,Good,0
40850,McHarg Creek,40220,Alexandrina,1,Good,Good,0
40851,McLaren Flat,45340,Onkaparinga,1,Good,Good,0
40852,McLaren Vale,45340,Onkaparinga,1,Good,Good,0
40853,Meadows,44550,Mount Barker,1,Good,Good,0
40854,Medindie,48260,Walkerville,1,Good,Good,0
40855,Medindie Gardens,46510,Prospect,1,Good,Good,0
40856,Melrose (SA),44830,Mount Remarkable,1,Good,Good,0
40857,Melrose Park (SA),44340,Mitcham,1,Good,Good,0
40858,Melton (SA),40430,Barunga West,1,Good,Good,0
40859,Meningie,47800,Coorong,1,Good,Good,0
40860,Meningie East,47800,Coorong,1,Good,Good,0
40861,Meningie West,47800,Coorong,1,Good,Good,0
40862,Menzies (SA),42750,Kangaroo Island,1,Good,Good,0
40863,Mercunda,43080,Karoonda East Murray,0.9987531,Good,Good,0
40863,Mercunda,43790,Loxton Waikerie,0.0012469,Good,Good,1
40864,Merghiny,41010,Ceduna,1,Good,Good,0
40865,Meribah,43790,Loxton Waikerie,1,Good,Good,0
40866,Merriton,46450,Port Pirie,1,Good,Good,0
40867,Middle Beach,40150,Adelaide Plains,1,Good,Good,0
40868,Middle River,42750,Kangaroo Island,1,Good,Good,0
40869,Middleback Range,49399,Unincorporated SA,1,Good,Good,0
40870,Middleton (SA),40220,Alexandrina,1,Good,Good,0
40871,Midgee (SA),41960,Franklin Harbour,1,Good,Good,0
40872,Mil-Lel,42250,Grant,1,Good,Good,0
40873,Milang,40220,Alexandrina,1,Good,Good,0
40874,Mile End,48410,West Torrens,1,Good,Good,0
40875,Mile End South,48410,West Torrens,1,Good,Good,0
40876,Milendella,44210,Mid Murray,1,Good,Good,0
40877,Millbrook (SA),40120,Adelaide Hills,1,Good,Good,0
40878,Millicent,48340,Wattle Range,1,Good,Good,0
40879,Millswood,47980,Unley,1,Good,Good,0
40880,Miltalie,41960,Franklin Harbour,1,Good,Good,0
40881,Mimili,40250,Anangu Pitjantjatjara Yunkunytjatjara,1,Good,Good,0
40882,Minbrie,41960,Franklin Harbour,1,Good,Good,0
40883,Minburra,45400,Orroroo Carrieton,1,Good,Good,0
40884,Mindarie (SA),43080,Karoonda East Murray,1,Good,Good,0
40885,Mingbool,42250,Grant,1,Good,Good,0
40886,Minlaton,48830,Yorke Peninsula,1,Good,Good,0
40887,Minnipa,48640,Wudinna,1,Good,Good,0
40888,Mintaro,41140,Clare and Gilbert Valleys,1,Good,Good,0
40889,Minvalara,45540,Peterborough,1,Good,Good,0
40890,Miranda (SA),46090,Port Augusta,1,Good,Good,0
40891,Mitcham (SA),44340,Mitcham,1,Good,Good,0
40892,Mitchell (SA),43710,Lower Eyre Peninsula,1,Good,Good,0
40893,Mitchell Park (SA),44060,Marion,1,Good,Good,0
40894,Mitchellville,41960,Franklin Harbour,1,Good,Good,0
40895,Moana,45340,Onkaparinga,1,Good,Good,0
40896,Mobilong,45040,Murray Bridge,1,Good,Good,0
40897,Moculta,40310,Barossa,1,Good,Good,0
40898,Modbury,47700,Tea Tree Gully,1,Good,Good,0
40899,Modbury Heights,47700,Tea Tree Gully,1,Good,Good,0
40900,Modbury North,47700,Tea Tree Gully,1,Good,Good,0
40901,Moerlong,48340,Wattle Range,1,Good,Good,0
40902,Monarto,45040,Murray Bridge,1,Good,Good,0
40903,Monarto South,45040,Murray Bridge,1,Good,Good,0
40904,Monash (SA),40520,Berri Barmera,0.9972935,Good,Good,0
40904,Monash (SA),49399,Unincorporated SA,0.0027065,Good,Good,1
40905,Monbulla,48340,Wattle Range,1,Good,Good,0
40906,Mongolata,42110,Goyder,1,Good,Good,0
40907,Montacute,40120,Adelaide Hills,1,Good,Good,0
40908,Montarra,40220,Alexandrina,1,Good,Good,0
40909,Monteith,45040,Murray Bridge,1,Good,Good,0
40910,Moockra,41830,Flinders Ranges,0.5712251,Good,Good,0
40910,Moockra,44830,Mount Remarkable,0.4287749,Good,Good,0
40911,Moody,47910,Tumby Bay,1,Good,Good,0
40912,Mooleulooloo,49399,Unincorporated SA,1,Good,Good,0
40913,Moonaree,49399,Unincorporated SA,1,Good,Good,0
40914,Moonta,41560,Copper Coast,1,Good,Good,0
40915,Moonta Bay,41560,Copper Coast,1,Good,Good,0
40916,Moonta Mines,41560,Copper Coast,1,Good,Good,0
40917,Moorak,42250,Grant,1,Good,Good,0
40918,Moorlands,47800,Coorong,1,Good,Good,0
40919,Moorook,43790,Loxton Waikerie,1,Good,Good,0
40920,Moorook South,43790,Loxton Waikerie,1,Good,Good,0
40921,Moppa,43650,Light,1,Good,Good,0
40922,Morchard,44830,Mount Remarkable,0.0005258,Good,Good,1
40922,Morchard,45400,Orroroo Carrieton,0.9994742,Good,Good,0
40923,Morgan,44210,Mid Murray,1,Good,Good,0
40924,Morn Hill,43650,Light,1,Good,Good,0
40925,Morphett Vale,45340,Onkaparinga,1,Good,Good,0
40926,Morphetts Flat,44210,Mid Murray,1,Good,Good,0
40927,Morphettville,44060,Marion,1,Good,Good,0
40928,Mortana,47490,Streaky Bay,1,Good,Good,0
40929,Moseley,43220,Kimba,1,Good,Good,0
40930,Mosquito Hill,40220,Alexandrina,1,Good,Good,0
40931,Motpena,49399,Unincorporated SA,1,Good,Good,0
40932,Mount Barker (SA),44550,Mount Barker,1,Good,Good,0
40933,Mount Barker Junction,44550,Mount Barker,1,Good,Good,0
40934,Mount Barker Springs,44550,Mount Barker,1,Good,Good,0
40935,Mount Barker Summit,44550,Mount Barker,1,Good,Good,0
40936,Mount Benson,46860,Robe,1,Good,Good,0
40937,Mount Bryan,42110,Goyder,1,Good,Good,0
40938,Mount Bryan East,42110,Goyder,1,Good,Good,0
40939,Mount Burr,48340,Wattle Range,1,Good,Good,0
40940,Mount Charles,47630,Tatiara,1,Good,Good,0
40941,Mount Compass,40220,Alexandrina,0.9867377,Good,Good,0
40941,Mount Compass,48750,Yankalilla,0.0132623,Good,Good,0
40942,Mount Cooper (SA),47490,Streaky Bay,1,Good,Good,0
40943,Mount Crawford,40120,Adelaide Hills,7.24E-05,Good,Good,1
40943,Mount Crawford,40310,Barossa,0.9999276,Good,Good,0
40944,Mount Damper,41750,Elliston,0.2106232,Good,Good,0
40944,Mount Damper,48640,Wudinna,0.7893768,Good,Good,0
40945,Mount Drummond,43710,Lower Eyre Peninsula,1,Good,Good,0
40946,Mount Dutton Bay,43710,Lower Eyre Peninsula,1,Good,Good,0
40947,Mount Gambier,44620,Mount Gambier,1,Good,Good,0
40948,Mount George (SA),40120,Adelaide Hills,1,Good,Good,0
40949,Mount Hope (SA),43710,Lower Eyre Peninsula,1,Good,Good,0
40950,Mount Ive,49399,Unincorporated SA,1,Good,Good,0
40951,Mount Jagged,40220,Alexandrina,0.6961969,Good,Good,0
40951,Mount Jagged,48050,Victor Harbor,0.3038031,Good,Good,0
40952,Mount Joy,41750,Elliston,1,Good,Good,0
40953,Mount Light,45090,Naracoorte Lucindale,1,Good,Good,0
40954,Mount Magnificent,40220,Alexandrina,1,Good,Good,0
40955,Mount Mary,44210,Mid Murray,1,Good,Good,0
40956,Mount Mcintyre,48340,Wattle Range,1,Good,Good,0
40957,Mount Mckenzie,40310,Barossa,1,Good,Good,0
40958,Mount Observation (SA),40220,Alexandrina,1,Good,Good,0
40959,Mount Osmond,40700,Burnside,1,Good,Good,0
40960,Mount Pleasant (SA),40310,Barossa,0.9330195,Good,Good,0
40960,Mount Pleasant (SA),44210,Mid Murray,0.0669805,Good,Good,0
40961,Mount Schank,42250,Grant,1,Good,Good,0
40962,Mount Serle,49399,Unincorporated SA,1,Good,Good,0
40963,Mount Templeton,48130,Wakefield,1,Good,Good,0
40964,Mount Torrens,40120,Adelaide Hills,0.9110989,Good,Good,0
40964,Mount Torrens,44210,Mid Murray,0.0797391,Good,Good,0
40964,Mount Torrens,44550,Mount Barker,0.009162,Good,Good,1
40965,Mount Wedge,41750,Elliston,1,Good,Good,0
40966,Mount Willoughby,49399,Unincorporated SA,1,Good,Good,0
40967,Moyhall,45090,Naracoorte Lucindale,1,Good,Good,0
40968,Mudamuckla,41010,Ceduna,1,Good,Good,0
40969,Mulgundawa,45040,Murray Bridge,1,Good,Good,0
40970,Mullaquana,48540,Whyalla,0.9999634,Good,Good,0
40970,Mullaquana,49399,Unincorporated SA,3.66E-05,Good,Good,1
40971,Muloorina,49399,Unincorporated SA,1,Good,Good,0
40972,Mundallio,46090,Port Augusta,1,Good,Good,0
40973,Mundic Creek,46670,Renmark Paringa,1,Good,Good,0
40974,Mundoo Island,40220,Alexandrina,1,Good,Good,0
40975,Mundoora,40430,Barunga West,0.5629119,Good,Good,0
40975,Mundoora,46450,Port Pirie,0.2000296,Good,Good,0
40975,Mundoora,48130,Wakefield,0.2370584,Good,Good,0
40976,Mundulla,47630,Tatiara,1,Good,Good,0
40977,Mundulla West,47630,Tatiara,1,Good,Good,0
40978,Mungeranie,49399,Unincorporated SA,1,Good,Good,0
40979,Munno Para,45680,Playford,1,Good,Good,0
40980,Munno Para Downs,45680,Playford,1,Good,Good,0
40981,Munno Para West,45680,Playford,1,Good,Good,0
40982,Murbko,43790,Loxton Waikerie,0.35992,Good,Good,0
40982,Murbko,44210,Mid Murray,0.64008,Good,Good,0
40983,Murdinga,41750,Elliston,1,Good,Good,0
40984,Murlong,41190,Cleve,1,Good,Good,0
40985,Murputja - Nyapari,40250,Anangu Pitjantjatjara Yunkunytjatjara,1,Good,Good,0
40986,Murrawong,45040,Murray Bridge,1,Good,Good,0
40987,Murray Bridge,45040,Murray Bridge,1,Good,Good,0
40988,Murray Bridge East,45040,Murray Bridge,1,Good,Good,0
40989,Murray Bridge North,45040,Murray Bridge,1,Good,Good,0
40990,Murray Bridge South,45040,Murray Bridge,1,Good,Good,0
40991,Murray Town,44830,Mount Remarkable,1,Good,Good,0
40992,Murtho,46670,Renmark Paringa,1,Good,Good,0
40993,Muston,42750,Kangaroo Island,1,Good,Good,0
40994,Mutooroo,49399,Unincorporated SA,1,Good,Good,0
40995,Mylor,40120,Adelaide Hills,0.8230998,Good,Good,0
40995,Mylor,44550,Mount Barker,0.1769002,Good,Good,0
40996,Mypolonga,45040,Murray Bridge,1,Good,Good,0
40997,Myponga,48750,Yankalilla,1,Good,Good,0
40998,Myponga Beach,48750,Yankalilla,1,Good,Good,0
40999,Myrtle Bank (SA),47980,Unley,1,Good,Good,0
41000,Nackara,45540,Peterborough,1,Good,Good,0
41001,Nadia,41010,Ceduna,1,Good,Good,0
41002,Naidia,43790,Loxton Waikerie,1,Good,Good,0
41003,Nailsworth,46510,Prospect,1,Good,Good,0
41004,Nain,43650,Light,1,Good,Good,0
41005,Nairne,44550,Mount Barker,1,Good,Good,0
41006,Nalyappa,48830,Yorke Peninsula,1,Good,Good,0
41007,Nangkita,40220,Alexandrina,1,Good,Good,0
41008,Nangwarry,48340,Wattle Range,1,Good,Good,0
41009,Nantawarra,48130,Wakefield,1,Good,Good,0
41010,Napperby,46450,Port Pirie,1,Good,Good,0
41011,Naracoorte,45090,Naracoorte Lucindale,1,Good,Good,0
41012,Narridy,45120,Northern Areas,1,Good,Good,0
41013,Narrung (SA),47800,Coorong,1,Good,Good,0
41014,Naturi,45040,Murray Bridge,0.2402078,Good,Good,0
41014,Naturi,47800,Coorong,0.7597922,Good,Good,0
41015,Neales Flat,42110,Goyder,1,Good,Good,0
41016,Nectar Brook,44830,Mount Remarkable,1,Good,Good,0
41017,Nelshaby,46450,Port Pirie,1,Good,Good,0
41018,Nene Valley,42250,Grant,1,Good,Good,0
41019,Nepabunna,49399,Unincorporated SA,1,Good,Good,0
41020,Nepean Bay,42750,Kangaroo Island,1,Good,Good,0
41021,Netherby (SA),44340,Mitcham,1,Good,Good,0
41022,Netherton,47800,Coorong,1,Good,Good,0
41023,Netley,48410,West Torrens,1,Good,Good,0
41024,New Port,45890,Port Adelaide Enfield,1,Good,Good,0
41025,New Residence,43790,Loxton Waikerie,1,Good,Good,0
41026,New Town (SA),41560,Copper Coast,1,Good,Good,0
41027,New Well,43790,Loxton Waikerie,1,Good,Good,0
41028,Newland,42750,Kangaroo Island,1,Good,Good,0
41029,Newton,40910,Campbelltown (SA),1,Good,Good,0
41030,Ngapala,42110,Goyder,1,Good,Good,0
41031,Ngarkat,47290,Southern Mallee,0.00978,Good,Good,1
41031,Ngarkat,47630,Tatiara,0.9853301,Good,Good,0
41031,Ngarkat,47800,Coorong,0.00489,Good,Good,1
41032,Nildottie,44210,Mid Murray,1,Good,Good,0
41033,Ninnes,40430,Barunga West,1,Good,Good,0
41034,Noarlunga Centre,45340,Onkaparinga,1,Good,Good,0
41035,Noarlunga Downs,45340,Onkaparinga,1,Good,Good,0
41036,Nora Creina,46860,Robe,0.4768464,Good,Good,0
41036,Nora Creina,48340,Wattle Range,0.5231536,Good,Good,0
41037,Normanville (SA),48750,Yankalilla,1,Good,Good,0
41038,North Adelaide,40070,Adelaide,1,Good,Good,0
41039,North Beach (SA),41560,Copper Coast,1,Good,Good,0
41040,North Booborowie,42110,Goyder,1,Good,Good,0
41041,North Brighton,42600,Holdfast Bay,1,Good,Good,0
41042,North Cape,42750,Kangaroo Island,1,Good,Good,0
41043,North Haven (SA),45890,Port Adelaide Enfield,1,Good,Good,0
41044,North Moonta,41560,Copper Coast,1,Good,Good,0
41045,North Plympton,48410,West Torrens,1,Good,Good,0
41046,North Shields,43710,Lower Eyre Peninsula,1,Good,Good,0
41047,North West Bend,44210,Mid Murray,1,Good,Good,0
41048,North Yelta,41560,Copper Coast,1,Good,Good,0
41049,Northern Heights,45040,Murray Bridge,1,Good,Good,0
41050,Northfield,45890,Port Adelaide Enfield,1,Good,Good,0
41051,Northgate (SA),45890,Port Adelaide Enfield,1,Good,Good,0
41052,Norton Summit,40120,Adelaide Hills,1,Good,Good,0
41053,Norwood (SA),45290,Norwood Payneham and St Peters,1,Good,Good,0
41054,Notts Well,43790,Loxton Waikerie,1,Good,Good,0
41055,Novar Gardens,48410,West Torrens,1,Good,Good,0
41056,Nullarbor,44000,Maralinga Tjarutja,0.0004345,Good,Good,1
41056,Nullarbor,49399,Unincorporated SA,0.9995655,Good,Good,0
41057,Nunjikompita,41010,Ceduna,1,Good,Good,0
41058,Nuriootpa,40310,Barossa,0.9509978,Good,Good,0
41058,Nuriootpa,43650,Light,0.0490022,Good,Good,0
41059,Nurom,46450,Port Pirie,1,Good,Good,0
41060,Nurragi,40220,Alexandrina,1,Good,Good,0
41061,O'Halloran Hill,44060,Marion,0.1318752,Good,Good,0
41061,O'Halloran Hill,45340,Onkaparinga,0.8681248,Good,Good,0
41062,O'Sullivan Beach,45340,Onkaparinga,1,Good,Good,0
41063,Oak Valley (SA),44000,Maralinga Tjarutja,1,Good,Good,0
41064,Oakbank,40120,Adelaide Hills,1,Good,Good,0
41065,Oakden,45890,Port Adelaide Enfield,1,Good,Good,0
41066,Oakden Hills,49399,Unincorporated SA,1,Good,Good,0
41067,Oaklands Park,44060,Marion,1,Good,Good,0
41068,Ob Flat,42250,Grant,0.820872,Good,Good,0
41068,Ob Flat,44620,Mount Gambier,0.179128,Good,Good,0
41069,Olary,49399,Unincorporated SA,1,Good,Good,0
41070,Old Calperum,46670,Renmark Paringa,1,Good,Good,0
41071,Old Noarlunga,45340,Onkaparinga,1,Good,Good,0
41072,Old Reynella,45340,Onkaparinga,1,Good,Good,0
41073,Old Teal Flat,44210,Mid Murray,1,Good,Good,0
41074,Olympic Dam,46970,Roxby Downs,0.9999675,Good,Good,0
41074,Olympic Dam,49399,Unincorporated SA,3.25E-05,Good,Good,1
41075,One Tree Hill,45680,Playford,1,Good,Good,0
41076,Onkaparinga Hills,45340,Onkaparinga,1,Good,Good,0
41077,Oodla Wirra,45540,Peterborough,1,Good,Good,0
41078,Oodnadatta,49399,Unincorporated SA,1,Good,Good,0
41079,Orroroo,45400,Orroroo Carrieton,1,Good,Good,0
41080,Osborne (SA),45890,Port Adelaide Enfield,1,Good,Good,0
41081,Ottoway,45890,Port Adelaide Enfield,1,Good,Good,0
41082,Outer Harbor,45890,Port Adelaide Enfield,1,Good,Good,0
41083,Overland Corner,40520,Berri Barmera,0.8690106,Good,Good,0
41083,Overland Corner,49399,Unincorporated SA,0.1309894,Good,Good,0
41084,Ovingham,41060,Charles Sturt,0.6892082,Good,Good,0
41084,Ovingham,46510,Prospect,0.3107918,Good,Good,0
41085,Owen,48130,Wakefield,1,Good,Good,0
41086,Padthaway,47630,Tatiara,1,Good,Good,0
41087,Paechtown,44550,Mount Barker,1,Good,Good,0
41088,Pages Flat,40220,Alexandrina,1,Good,Good,0
41089,Paisley,43790,Loxton Waikerie,1,Good,Good,0
41090,Palkagee,41750,Elliston,1,Good,Good,0
41091,Pallamana,45040,Murray Bridge,1,Good,Good,0
41092,Palmer (SA),44210,Mid Murray,1,Good,Good,0
41093,Pandurra,49399,Unincorporated SA,1,Good,Good,0
41094,Panitya (SA),43220,Kimba,1,Good,Good,0
41095,Panorama,44340,Mitcham,1,Good,Good,0
41096,Para Hills,47140,Salisbury,1,Good,Good,0
41097,Para Hills West,47140,Salisbury,1,Good,Good,0
41098,Para Vista,47140,Salisbury,1,Good,Good,0
41099,Parachilna,49399,Unincorporated SA,1,Good,Good,0
41100,Paracombe,40120,Adelaide Hills,0.9300564,Good,Good,0
41100,Paracombe,47700,Tea Tree Gully,0.0699436,Good,Good,0
41101,Paradise (SA),40910,Campbelltown (SA),1,Good,Good,0
41102,Parafield,47140,Salisbury,1,Good,Good,0
41103,Parafield Gardens,47140,Salisbury,1,Good,Good,0
41104,Parakylia,49399,Unincorporated SA,1,Good,Good,0
41105,Paralowie,47140,Salisbury,1,Good,Good,0
41106,Paramatta,41560,Copper Coast,1,Good,Good,0
41107,Paratoo,45540,Peterborough,1,Good,Good,0
41108,Parawa,48750,Yankalilla,1,Good,Good,0
41109,Parham,40150,Adelaide Plains,1,Good,Good,0
41110,Parilla,47290,Southern Mallee,1,Good,Good,0
41111,Paringa,46670,Renmark Paringa,1,Good,Good,0
41112,Paris Creek,40220,Alexandrina,0.5169066,Good,Good,0
41112,Paris Creek,44550,Mount Barker,0.4830934,Good,Good,0
41113,Park Holme,44060,Marion,1,Good,Good,0
41114,Parkside (SA),47980,Unley,1,Good,Good,0
41115,Parnaroo,45540,Peterborough,1,Good,Good,0
41116,Parndana,42750,Kangaroo Island,1,Good,Good,0
41117,Parrakie,47290,Southern Mallee,1,Good,Good,0
41118,Parsons Beach,48830,Yorke Peninsula,1,Good,Good,0
41119,Paruna,43790,Loxton Waikerie,1,Good,Good,0
41120,Pasadena,44340,Mitcham,1,Good,Good,0
41121,Paskeville,40430,Barunga West,0.1224587,Good,Good,0
41121,Paskeville,41560,Copper Coast,0.8775413,Good,Good,0
41122,Pata,43790,Loxton Waikerie,1,Good,Good,0
41123,Payneham,45290,Norwood Payneham and St Peters,1,Good,Good,0
41124,Payneham South,45290,Norwood Payneham and St Peters,1,Good,Good,0
41125,Peake,47800,Coorong,1,Good,Good,0
41126,Pearlah,43710,Lower Eyre Peninsula,1,Good,Good,0
41127,Peebinga,43790,Loxton Waikerie,1,Good,Good,0
41128,Peep Hill,42110,Goyder,1,Good,Good,0
41129,Pekina,45400,Orroroo Carrieton,1,Good,Good,0
41130,Pelican Lagoon,42750,Kangaroo Island,1,Good,Good,0
41131,Pelican Point (SA),42250,Grant,1,Good,Good,0
41132,Pellaring Flat,44210,Mid Murray,1,Good,Good,0
41133,Penfield,45680,Playford,1,Good,Good,0
41134,Penfield Gardens,45680,Playford,1,Good,Good,0
41135,Penneshaw,42750,Kangaroo Island,1,Good,Good,0
41136,Pennington,41060,Charles Sturt,1,Good,Good,0
41137,Penola,48340,Wattle Range,1,Good,Good,0
41138,Penong,49399,Unincorporated SA,1,Good,Good,0
41139,Penrice,40310,Barossa,1,Good,Good,0
41140,Penwortham,41140,Clare and Gilbert Valleys,1,Good,Good,0
41141,Perlubie,47490,Streaky Bay,1,Good,Good,0
41142,Perponda,43080,Karoonda East Murray,1,Good,Good,0
41143,Peterborough (SA),45540,Peterborough,1,Good,Good,0
41144,Peterhead,45890,Port Adelaide Enfield,1,Good,Good,0
41145,Petersville,48830,Yorke Peninsula,1,Good,Good,0
41146,Petherick,47630,Tatiara,1,Good,Good,0
41147,Petina,47490,Streaky Bay,1,Good,Good,0
41148,Petwood,44550,Mount Barker,1,Good,Good,0
41149,Pewsey Vale,40310,Barossa,1,Good,Good,0
41150,Piccadilly (SA),40120,Adelaide Hills,1,Good,Good,0
41151,Piednippie,47490,Streaky Bay,1,Good,Good,0
41152,Pike River,46670,Renmark Paringa,1,Good,Good,0
41153,Pimba,49399,Unincorporated SA,1,Good,Good,0
41154,Pimbaacla,41010,Ceduna,1,Good,Good,0
41155,Pine Creek (SA),42110,Goyder,1,Good,Good,0
41156,Pine Creek Station,49399,Unincorporated SA,1,Good,Good,0
41157,Pine Hill,47630,Tatiara,1,Good,Good,0
41158,Pine Point,48830,Yorke Peninsula,1,Good,Good,0
41159,Pinery,48130,Wakefield,1,Good,Good,0
41160,Pinkawillinie,43220,Kimba,0.999804,Good,Good,0
41160,Pinkawillinie,49399,Unincorporated SA,0.000196,Good,Good,1
41161,Pinkerton Plains,43650,Light,1,Good,Good,0
41162,Pinks Beach,43360,Kingston (SA),1,Good,Good,0
41163,Pinnaroo,47290,Southern Mallee,1,Good,Good,0
41164,Pipalyatjara,40250,Anangu Pitjantjatjara Yunkunytjatjara,1,Good,Good,0
41165,Pirie East,46450,Port Pirie,1,Good,Good,0
41166,Pleasant Park,42250,Grant,1,Good,Good,0
41167,Plympton,48410,West Torrens,1,Good,Good,0
41168,Plympton Park,44060,Marion,1,Good,Good,0
41169,Point Boston,43710,Lower Eyre Peninsula,0.9998414,Good,Good,0
41169,Point Boston,49399,Unincorporated SA,0.0001586,Good,Good,1
41170,Point Lowly,48540,Whyalla,1,Good,Good,0
41171,Point Pass,42110,Goyder,1,Good,Good,0
41172,Point Pearce,48830,Yorke Peninsula,0.9997243,Good,Good,0
41172,Point Pearce,49399,Unincorporated SA,0.0002757,Good,Good,1
41173,Point Souttar,48830,Yorke Peninsula,1,Good,Good,0
41174,Point Sturt,40220,Alexandrina,1,Good,Good,0
41175,Point Turton,48830,Yorke Peninsula,1,Good,Good,0
41176,Polda,41750,Elliston,1,Good,Good,0
41177,Polish Hill River,41140,Clare and Gilbert Valleys,1,Good,Good,0
41178,Poltalloch,47800,Coorong,1,Good,Good,0
41179,Pompoota,44210,Mid Murray,1,Good,Good,0
41180,Ponde,44210,Mid Murray,1,Good,Good,0
41181,Poochera,47490,Streaky Bay,1,Good,Good,0
41182,Pooginagoric,47630,Tatiara,1,Good,Good,0
41183,Pooginook,43790,Loxton Waikerie,1,Good,Good,0
41184,Poonindie,43710,Lower Eyre Peninsula,1,Good,Good,0
41185,Pooraka,47140,Salisbury,1,Good,Good,0
41186,Porky Flat,42750,Kangaroo Island,1,Good,Good,0
41187,Port Adelaide,45890,Port Adelaide Enfield,1,Good,Good,0
41188,Port Arthur (SA),48830,Yorke Peninsula,1,Good,Good,0
41189,Port Augusta,46090,Port Augusta,1,Good,Good,0
41190,Port Augusta West,46090,Port Augusta,1,Good,Good,0
41191,Port Bonython,48540,Whyalla,1,Good,Good,0
41192,Port Broughton,40430,Barunga West,1,Good,Good,0
41193,Port Davis,46450,Port Pirie,1,Good,Good,0
41194,Port Elliot,40220,Alexandrina,1,Good,Good,0
41195,Port Gawler,40150,Adelaide Plains,1,Good,Good,0
41196,Port Germein,44830,Mount Remarkable,1,Good,Good,0
41197,Port Gibbon,41960,Franklin Harbour,1,Good,Good,0
41198,Port Hughes,41560,Copper Coast,1,Good,Good,0
41199,Port Julia,48830,Yorke Peninsula,1,Good,Good,0
41200,Port Kenny,41750,Elliston,0.9998414,Good,Good,0
41200,Port Kenny,47490,Streaky Bay,0.0001586,Good,Good,1
41201,Port Lincoln,43710,Lower Eyre Peninsula,0.0034577,Good,Good,1
41201,Port Lincoln,46300,Port Lincoln,0.9965416,Good,Good,0
41201,Port Lincoln,49399,Unincorporated SA,7.00E-07,Good,Good,1
41202,Port Macdonnell,42250,Grant,1,Good,Good,0
41203,Port Mannum,44210,Mid Murray,1,Good,Good,0
41204,Port Moorowie,48830,Yorke Peninsula,1,Good,Good,0
41205,Port Neill,47910,Tumby Bay,1,Good,Good,0
41206,Port Noarlunga,45340,Onkaparinga,1,Good,Good,0
41207,Port Noarlunga South,45340,Onkaparinga,1,Good,Good,0
41208,Port Paterson,46090,Port Augusta,1,Good,Good,0
41209,Port Pirie,46450,Port Pirie,1,Good,Good,0
41210,Port Pirie South,46450,Port Pirie,1,Good,Good,0
41211,Port Pirie West,46450,Port Pirie,1,Good,Good,0
41212,Port Rickaby,48830,Yorke Peninsula,1,Good,Good,0
41213,Port Victoria,48830,Yorke Peninsula,1,Good,Good,0
41214,Port Vincent,48830,Yorke Peninsula,1,Good,Good,0
41215,Port Wakefield,48130,Wakefield,1,Good,Good,0
41216,Port Willunga,45340,Onkaparinga,1,Good,Good,0
41217,Porter Lagoon,42110,Goyder,1,Good,Good,0
41218,Price,48830,Yorke Peninsula,1,Good,Good,0
41219,Proof Range,48130,Wakefield,1,Good,Good,0
41220,Prospect (SA),46510,Prospect,1,Good,Good,0
41221,Prospect Hill,40220,Alexandrina,0.189689,Good,Good,0
41221,Prospect Hill,44550,Mount Barker,0.810311,Good,Good,0
41222,Pukatja,40250,Anangu Pitjantjatjara Yunkunytjatjara,1,Good,Good,0
41223,Puntabie,41010,Ceduna,1,Good,Good,0
41224,Punthari,44210,Mid Murray,1,Good,Good,0
41225,Punyelroo,44210,Mid Murray,1,Good,Good,0
41226,Pureba,41010,Ceduna,0.5,Good,Good,0
41226,Pureba,49399,Unincorporated SA,0.5,Good,Good,0
41227,Purnong,44210,Mid Murray,1,Good,Good,0
41228,Pyap,43790,Loxton Waikerie,1,Good,Good,0
41229,Pyap West,43790,Loxton Waikerie,1,Good,Good,0
41230,Pygery,48640,Wudinna,1,Good,Good,0
41231,Qualco,43790,Loxton Waikerie,1,Good,Good,0
41232,Queenstown (SA),45890,Port Adelaide Enfield,1,Good,Good,0
41233,Quorn,41830,Flinders Ranges,1,Good,Good,0
41234,Racecourse Bay,42250,Grant,1,Good,Good,0
41235,Ramco,43790,Loxton Waikerie,1,Good,Good,0
41236,Ramco Heights,43790,Loxton Waikerie,1,Good,Good,0
41237,Ramsay (SA),48830,Yorke Peninsula,1,Good,Good,0
41238,Rapid Bay,48750,Yankalilla,1,Good,Good,0
41239,Red Creek,40220,Alexandrina,1,Good,Good,0
41240,Redbanks,40150,Adelaide Plains,1,Good,Good,0
41241,Redhill,46450,Port Pirie,1,Good,Good,0
41242,Redwood Park,47700,Tea Tree Gully,1,Good,Good,0
41243,Reedy Creek (SA),43360,Kingston (SA),0.956891,Good,Good,0
41243,Reedy Creek (SA),46860,Robe,0.043109,Good,Good,0
41244,Reeves Plains,40150,Adelaide Plains,0.7423875,Good,Good,0
41244,Reeves Plains,43650,Light,0.2576125,Good,Good,0
41245,Regency Park,45890,Port Adelaide Enfield,1,Good,Good,0
41246,Reid (SA),42030,Gawler,1,Good,Good,0
41247,Rendelsham,48340,Wattle Range,1,Good,Good,0
41248,Renmark,46670,Renmark Paringa,1,Good,Good,0
41249,Renmark North,46670,Renmark Paringa,0.9615294,Good,Good,0
41249,Renmark North,49399,Unincorporated SA,0.0384706,Good,Good,0
41250,Renmark South,46670,Renmark Paringa,1,Good,Good,0
41251,Renmark West,46670,Renmark Paringa,1,Good,Good,0
41252,Renown Park,41060,Charles Sturt,1,Good,Good,0
41253,Reynella,44060,Marion,2.10E-06,Good,Good,1
41253,Reynella,45340,Onkaparinga,0.9999979,Good,Good,0
41254,Reynella East,45340,Onkaparinga,1,Good,Good,0
41255,Rhynie,41140,Clare and Gilbert Valleys,1,Good,Good,0
41256,Richmond (SA),48410,West Torrens,1,Good,Good,0
41257,Ridgehaven,47700,Tea Tree Gully,1,Good,Good,0
41258,Ridleyton,41060,Charles Sturt,1,Good,Good,0
41259,Risdon Park,46450,Port Pirie,1,Good,Good,0
41260,Risdon Park South,46450,Port Pirie,1,Good,Good,0
41261,Riverglades,45040,Murray Bridge,1,Good,Good,0
41262,Riverglen,45040,Murray Bridge,1,Good,Good,0
41263,Riverton (SA),41140,Clare and Gilbert Valleys,1,Good,Good,0
41264,Robe,46860,Robe,1,Good,Good,0
41265,Robertstown,42110,Goyder,1,Good,Good,0
41266,Rochester (SA),48130,Wakefield,1,Good,Good,0
41267,Rockleigh,44210,Mid Murray,0.1449014,Good,Good,0
41267,Rockleigh,45040,Murray Bridge,0.8550986,Good,Good,0
41268,Rocky Camp,48340,Wattle Range,1,Good,Good,0
41269,Rocky Gully (SA),45040,Murray Bridge,1,Good,Good,0
41270,Rocky Plain (SA),42110,Goyder,1,Good,Good,0
41271,Rocky Point (SA),44210,Mid Murray,1,Good,Good,0
41272,Rogues Point,48830,Yorke Peninsula,1,Good,Good,0
41273,Rose Park,40700,Burnside,1,Good,Good,0
41274,Rosedale (SA),40310,Barossa,0.5875895,Good,Good,0
41274,Rosedale (SA),43650,Light,0.4124105,Good,Good,0
41275,Rosetown,43360,Kingston (SA),1,Good,Good,0
41276,Rosewater,45890,Port Adelaide Enfield,1,Good,Good,0
41277,Roseworthy,43650,Light,1,Good,Good,0
41278,Rosslyn Park,40700,Burnside,1,Good,Good,0
41279,Rostrevor,40120,Adelaide Hills,0.04413,Good,Good,0
41279,Rostrevor,40910,Campbelltown (SA),0.95587,Good,Good,0
41280,Rowland Flat,40310,Barossa,0.9999083,Good,Good,0
41280,Rowland Flat,43650,Light,9.17E-05,Good,Good,1
41281,Roxby Downs,46970,Roxby Downs,1,Good,Good,0
41282,Royal Park,41060,Charles Sturt,1,Good,Good,0
41283,Royston Park,45290,Norwood Payneham and St Peters,1,Good,Good,0
41284,Rudall,41190,Cleve,1,Good,Good,0
41285,SA Remainder,44000,Maralinga Tjarutja,1,Good,Good,0
41286,Saddleworth,41140,Clare and Gilbert Valleys,1,Good,Good,0
41287,Saints,48130,Wakefield,1,Good,Good,0
41288,Salisbury (SA),47140,Salisbury,1,Good,Good,0
41289,Salisbury Downs,47140,Salisbury,1,Good,Good,0
41290,Salisbury East,47140,Salisbury,0.9999968,Good,Good,0
41290,Salisbury East,47700,Tea Tree Gully,3.20E-06,Good,Good,1
41291,Salisbury Heights,47140,Salisbury,1,Good,Good,0
41292,Salisbury North,47140,Salisbury,1,Good,Good,0
41293,Salisbury Park,47140,Salisbury,1,Good,Good,0
41294,Salisbury Plain,47140,Salisbury,1,Good,Good,0
41295,Salisbury South,47140,Salisbury,1,Good,Good,0
41296,Salt Creek,47800,Coorong,1,Good,Good,0
41297,Salter Springs,41140,Clare and Gilbert Valleys,0.2951491,Good,Good,0
41297,Salter Springs,48130,Wakefield,0.7048509,Good,Good,0
41298,Saltia,41830,Flinders Ranges,0.9995243,Good,Good,0
41298,Saltia,46090,Port Augusta,0.0004757,Good,Good,1
41299,Sampson Flat,45680,Playford,1,Good,Good,0
41300,Sandalwood,43080,Karoonda East Murray,1,Good,Good,0
41301,Sandergrove,40220,Alexandrina,1,Good,Good,0
41302,Sanderston,44210,Mid Murray,1,Good,Good,0
41303,Sandilands (SA),48830,Yorke Peninsula,1,Good,Good,0
41304,Sandleton,44210,Mid Murray,1,Good,Good,0
41305,Sandy Creek (SA),40310,Barossa,1,Good,Good,0
41306,Sandy Grove,43360,Kingston (SA),1,Good,Good,0
41307,Sapphiretown,42750,Kangaroo Island,1,Good,Good,0
41308,Sceale Bay,47490,Streaky Bay,1,Good,Good,0
41309,Schell Well,43790,Loxton Waikerie,1,Good,Good,0
41310,Scott Creek,40120,Adelaide Hills,1,Good,Good,0
41311,Seacliff,42600,Holdfast Bay,1,Good,Good,0
41312,Seacliff Park,42600,Holdfast Bay,0.607311,Good,Good,0
41312,Seacliff Park,44060,Marion,0.392689,Good,Good,0
41313,Seacombe Gardens,44060,Marion,1,Good,Good,0
41314,Seacombe Heights,44060,Marion,1,Good,Good,0
41315,Seaford (SA),45340,Onkaparinga,1,Good,Good,0
41316,Seaford Heights,45340,Onkaparinga,1,Good,Good,0
41317,Seaford Meadows,45340,Onkaparinga,1,Good,Good,0
41318,Seaford Rise,45340,Onkaparinga,1,Good,Good,0
41319,Seal Bay,42750,Kangaroo Island,1,Good,Good,0
41320,Seaton (SA),41060,Charles Sturt,1,Good,Good,0
41321,Seaview Downs,44060,Marion,1,Good,Good,0
41322,Sebastopol (SA),48340,Wattle Range,1,Good,Good,0
41323,Second Valley,48750,Yankalilla,1,Good,Good,0
41324,Sedan,44210,Mid Murray,1,Good,Good,0
41325,Seddon (SA),42750,Kangaroo Island,1,Good,Good,0
41326,Sefton Park,45890,Port Adelaide Enfield,0.6137455,Good,Good,0
41326,Sefton Park,46510,Prospect,0.3862545,Good,Good,0
41327,Sellicks Beach,45340,Onkaparinga,1,Good,Good,0
41328,Sellicks Hill,45340,Onkaparinga,0.9278479,Good,Good,0
41328,Sellicks Hill,48750,Yankalilla,0.0721521,Good,Good,0
41329,Semaphore,45890,Port Adelaide Enfield,1,Good,Good,0
41330,Semaphore Park,41060,Charles Sturt,1,Good,Good,0
41331,Semaphore South,45890,Port Adelaide Enfield,1,Good,Good,0
41332,Senior,47630,Tatiara,1,Good,Good,0
41333,Seppeltsfield,43650,Light,1,Good,Good,0
41334,Sevenhill,41140,Clare and Gilbert Valleys,1,Good,Good,0
41335,Shaugh,47630,Tatiara,1,Good,Good,0
41336,Shea-Oak Log,43650,Light,1,Good,Good,0
41337,Sheaoak Flat,48830,Yorke Peninsula,1,Good,Good,0
41338,Sheidow Park,44060,Marion,1,Good,Good,0
41339,Sheringa,41750,Elliston,1,Good,Good,0
41340,Sherlock (SA),47800,Coorong,1,Good,Good,0
41341,Sherwood (SA),47630,Tatiara,1,Good,Good,0
41342,Short,48340,Wattle Range,1,Good,Good,0
41343,Silverton (SA),48750,Yankalilla,1,Good,Good,0
41344,Skye (SA),40700,Burnside,1,Good,Good,0
41345,Sleaford,43710,Lower Eyre Peninsula,1,Good,Good,0
41346,Smithfield (SA),45680,Playford,1,Good,Good,0
41347,Smithfield Plains,45680,Playford,1,Good,Good,0
41348,Smoky Bay,41010,Ceduna,0.9994254,Good,Good,0
41348,Smoky Bay,49399,Unincorporated SA,0.0005746,Good,Good,1
41349,Snowtown,48130,Wakefield,1,Good,Good,0
41350,Solomon,43220,Kimba,1,Good,Good,0
41351,Solomontown,46450,Port Pirie,1,Good,Good,0
41352,Somerton Park,42600,Holdfast Bay,1,Good,Good,0
41353,South Brighton,42600,Holdfast Bay,1,Good,Good,0
41354,South Hummocks,40430,Barunga West,0.5999201,Good,Good,0
41354,South Hummocks,48130,Wakefield,0.4000799,Good,Good,0
41355,South Kilkerran,48830,Yorke Peninsula,1,Good,Good,0
41356,South Plympton,44060,Marion,1,Good,Good,0
41357,Southend,48340,Wattle Range,1,Good,Good,0
41358,Spalding (SA),45120,Northern Areas,1,Good,Good,0
41359,Spectacle Lake,49399,Unincorporated SA,1,Good,Good,0
41360,Spence (SA),45090,Naracoorte Lucindale,1,Good,Good,0
41361,Spring Farm (SA),41140,Clare and Gilbert Valleys,1,Good,Good,0
41362,Spring Gully (SA),41140,Clare and Gilbert Valleys,1,Good,Good,0
41363,Springfield (SA),44340,Mitcham,1,Good,Good,0
41364,Springton,40310,Barossa,0.9615299,Good,Good,0
41364,Springton,44210,Mid Murray,0.0384701,Good,Good,0
41365,Square Mile,42250,Grant,1,Good,Good,0
41366,St Agnes (SA),47700,Tea Tree Gully,1,Good,Good,0
41367,St Clair (SA),41060,Charles Sturt,1,Good,Good,0
41368,St Georges,40700,Burnside,1,Good,Good,0
41369,St Ives (SA),44550,Mount Barker,1,Good,Good,0
41370,St Johns,43650,Light,1,Good,Good,0
41371,St Kilda (SA),47140,Salisbury,1,Good,Good,0
41372,St Kitts,43650,Light,1,Good,Good,0
41373,St Marys (SA),44340,Mitcham,1,Good,Good,0
41374,St Morris,45290,Norwood Payneham and St Peters,1,Good,Good,0
41375,St Peters (SA),45290,Norwood Payneham and St Peters,1,Good,Good,0
41376,Stanley (SA),41140,Clare and Gilbert Valleys,1,Good,Good,0
41377,Stanley Flat,41140,Clare and Gilbert Valleys,1,Good,Good,0
41378,Stansbury,48830,Yorke Peninsula,1,Good,Good,0
41379,Steelton,41140,Clare and Gilbert Valleys,1,Good,Good,0
41380,Steinfeld,42110,Goyder,0.1252342,Good,Good,0
41380,Steinfeld,44210,Mid Murray,0.8747658,Good,Good,0
41381,Stephenston,41830,Flinders Ranges,1,Good,Good,0
41382,Stepney,45290,Norwood Payneham and St Peters,1,Good,Good,0
41383,Stewart Range,45090,Naracoorte Lucindale,1,Good,Good,0
41384,Stirling (SA),40120,Adelaide Hills,1,Good,Good,0
41385,Stirling North,46090,Port Augusta,1,Good,Good,0
41386,Stockport,41140,Clare and Gilbert Valleys,1,Good,Good,0
41387,Stockwell,40310,Barossa,1,Good,Good,0
41388,Stockyard Creek (SA),48130,Wakefield,1,Good,Good,0
41389,Stockyard Plain,43790,Loxton Waikerie,1,Good,Good,0
41390,Stokes Bay,42750,Kangaroo Island,1,Good,Good,0
41391,Stone Hut,44830,Mount Remarkable,0.0003701,Good,Good,1
41391,Stone Hut,45120,Northern Areas,0.9996299,Good,Good,0
41392,Stone Well,43650,Light,1,Good,Good,0
41393,Stonyfell,40700,Burnside,1,Good,Good,0
41394,Stow,48130,Wakefield,1,Good,Good,0
41395,Strathalbyn (SA),40220,Alexandrina,1,Good,Good,0
41396,Streaky Bay,47490,Streaky Bay,1,Good,Good,0
41397,Struan,45090,Naracoorte Lucindale,1,Good,Good,0
41398,Stuart (SA),44210,Mid Murray,1,Good,Good,0
41399,Stuarts Creek,49399,Unincorporated SA,1,Good,Good,0
41400,Stun'Sail Boom,42750,Kangaroo Island,1,Good,Good,0
41401,Sturt (SA),44060,Marion,1,Good,Good,0
41402,Sturt Vale,49399,Unincorporated SA,1,Good,Good,0
41403,Sultana Point,48830,Yorke Peninsula,1,Good,Good,0
41404,Summertown,40120,Adelaide Hills,1,Good,Good,0
41405,Sunlands,43790,Loxton Waikerie,1,Good,Good,0
41406,Sunnybrae,45540,Peterborough,1,Good,Good,0
41407,Sunnydale,44210,Mid Murray,1,Good,Good,0
41408,Sunnyside (SA),45040,Murray Bridge,1,Good,Good,0
41409,Sunnyvale,48830,Yorke Peninsula,1,Good,Good,0
41410,Surrey Downs,47700,Tea Tree Gully,1,Good,Good,0
41411,Sutherlands,42110,Goyder,1,Good,Good,0
41412,Suttontown,42250,Grant,0.5970757,Good,Good,0
41412,Suttontown,44620,Mount Gambier,0.4029243,Good,Good,0
41413,Swan Reach (SA),44210,Mid Murray,1,Good,Good,0
41414,Swanport,45040,Murray Bridge,1,Good,Good,0
41415,Swede Flat,47630,Tatiara,1,Good,Good,0
41416,Tailem Bend,47800,Coorong,1,Good,Good,0
41417,Taldra,43790,Loxton Waikerie,1,Good,Good,0
41418,Talia,41750,Elliston,1,Good,Good,0
41419,Tantanoola,42250,Grant,0.0242982,Good,Good,0
41419,Tantanoola,48340,Wattle Range,0.9757018,Good,Good,0
41420,Tanunda,40310,Barossa,0.9908698,Good,Good,0
41420,Tanunda,43650,Light,0.0091302,Good,Good,1
41421,Taperoo,45890,Port Adelaide Enfield,1,Good,Good,0
41422,Taplan,43790,Loxton Waikerie,1,Good,Good,0
41423,Taratap,43360,Kingston (SA),1,Good,Good,0
41424,Tarcoola,49399,Unincorporated SA,1,Good,Good,0
41425,Tarcowie,45120,Northern Areas,0.756618,Good,Good,0
41425,Tarcowie,45400,Orroroo Carrieton,0.243382,Good,Good,0
41426,Tarlee,41140,Clare and Gilbert Valleys,1,Good,Good,0
41427,Tarnma,41140,Clare and Gilbert Valleys,1,Good,Good,0
41428,Tarpeena,42250,Grant,1,Good,Good,0
41429,Tatachilla,45340,Onkaparinga,1,Good,Good,0
41430,Taunton (SA),40310,Barossa,1,Good,Good,0
41431,Taylorville,43790,Loxton Waikerie,0.9426805,Good,Good,0
41431,Taylorville,44210,Mid Murray,0.0573195,Good,Good,0
41432,Tea Tree Gully,47700,Tea Tree Gully,1,Good,Good,0
41433,Teal Flat,44210,Mid Murray,1,Good,Good,0
41434,Telowie,44830,Mount Remarkable,1,Good,Good,0
41435,Templers,43650,Light,1,Good,Good,0
41436,Tennyson (SA),41060,Charles Sturt,1,Good,Good,0
41437,Tepko,44210,Mid Murray,1,Good,Good,0
41438,Teringie,40120,Adelaide Hills,1,Good,Good,0
41439,Terowie,42110,Goyder,1,Good,Good,0
41440,The Gap (SA),45090,Naracoorte Lucindale,1,Good,Good,0
41441,The Pines (SA),48830,Yorke Peninsula,1,Good,Good,0
41442,The Range (SA),40220,Alexandrina,0.3497117,Good,Good,0
41442,The Range (SA),45340,Onkaparinga,0.6502883,Good,Good,0
41443,Thebarton,48410,West Torrens,1,Good,Good,0
41444,Thevenard,41010,Ceduna,1,Good,Good,0
41445,Thomas Plain,40430,Barunga West,1,Good,Good,0
41446,Thompson Beach,40150,Adelaide Plains,1,Good,Good,0
41447,Thorngate,46510,Prospect,1,Good,Good,0
41448,Thornlea,48340,Wattle Range,1,Good,Good,0
41449,Thrington,41560,Copper Coast,1,Good,Good,0
41450,Tiatukia,43710,Lower Eyre Peninsula,1,Good,Good,0
41451,Tickera,40430,Barunga West,0.9292639,Good,Good,0
41451,Tickera,41560,Copper Coast,0.0707361,Good,Good,0
41452,Tiddy Widdy Beach,48830,Yorke Peninsula,1,Good,Good,0
41453,Tieyon,49399,Unincorporated SA,1,Good,Good,0
41454,Tilley Swamp,43360,Kingston (SA),1,Good,Good,0
41455,Tintinara,47800,Coorong,1,Good,Good,0
41456,Tolderol,40220,Alexandrina,1,Good,Good,0
41457,Tonsley,44060,Marion,1,Good,Good,0
41458,Tooligie,41750,Elliston,1,Good,Good,0
41459,Tooperang,40220,Alexandrina,1,Good,Good,0
41460,Toora (SA),45040,Murray Bridge,1,Good,Good,0
41461,Toorak Gardens,40700,Burnside,1,Good,Good,0
41462,Tootenilla,43710,Lower Eyre Peninsula,1,Good,Good,0
41463,Torrens Island,49399,Unincorporated SA,1,Good,Good,0
41464,Torrens Park,44340,Mitcham,1,Good,Good,0
41465,Torrens Vale,48750,Yankalilla,1,Good,Good,0
41466,Torrensville,48410,West Torrens,1,Good,Good,0
41467,Tothill Belt,41140,Clare and Gilbert Valleys,1,Good,Good,0
41468,Tothill Creek,41140,Clare and Gilbert Valleys,1,Good,Good,0
41469,Totness,44550,Mount Barker,1,Good,Good,0
41470,Towitta,44210,Mid Murray,1,Good,Good,0
41471,Tranmere (SA),40910,Campbelltown (SA),1,Good,Good,0
41472,Trinity Gardens,45290,Norwood Payneham and St Peters,1,Good,Good,0
41473,Trott Park,44060,Marion,1,Good,Good,0
41474,Truro,43650,Light,0.0473594,Good,Good,0
41474,Truro,44210,Mid Murray,0.9526406,Good,Good,0
41475,Tulka,43710,Lower Eyre Peninsula,1,Good,Good,0
41476,Tumby Bay,43710,Lower Eyre Peninsula,8.92E-05,Good,Good,1
41476,Tumby Bay,47910,Tumby Bay,0.9998941,Good,Good,0
41476,Tumby Bay,49399,Unincorporated SA,1.67E-05,Good,Good,1
41477,Tungkillo,44210,Mid Murray,1,Good,Good,0
41478,Tunkalilla,48750,Yankalilla,1,Good,Good,0
41479,Tusmore,40700,Burnside,1,Good,Good,0
41480,Two Wells,40150,Adelaide Plains,1,Good,Good,0
41481,Tyringa,47490,Streaky Bay,1,Good,Good,0
41482,Ucolta,45540,Peterborough,1,Good,Good,0
41483,Uley,43710,Lower Eyre Peninsula,1,Good,Good,0
41484,Uleybury,45680,Playford,1,Good,Good,0
41485,Ulooloo,42110,Goyder,1,Good,Good,0
41486,Ulyerra,41750,Elliston,1,Good,Good,0
41487,Undalya,41140,Clare and Gilbert Valleys,1,Good,Good,0
41488,Underdale,48410,West Torrens,1,Good,Good,0
41489,Ungarra,47910,Tumby Bay,1,Good,Good,0
41490,Unley,47980,Unley,1,Good,Good,0
41491,Unley Park,47980,Unley,1,Good,Good,0
41492,Uno,49399,Unincorporated SA,1,Good,Good,0
41493,Upper Hermitage,40120,Adelaide Hills,0.4248984,Good,Good,0
41493,Upper Hermitage,47700,Tea Tree Gully,0.5751016,Good,Good,0
41494,Upper Sturt,40120,Adelaide Hills,0.8260144,Good,Good,0
41494,Upper Sturt,44340,Mitcham,0.1739856,Good,Good,0
41495,Uraidla,40120,Adelaide Hills,1,Good,Good,0
41496,Urania,48830,Yorke Peninsula,1,Good,Good,0
41497,Urrbrae,44340,Mitcham,1,Good,Good,0
41498,Uworra,41010,Ceduna,1,Good,Good,0
41499,Vale Park,48260,Walkerville,1,Good,Good,0
41500,Valley View,45890,Port Adelaide Enfield,0.3249817,Good,Good,0
41500,Valley View,47140,Salisbury,0.463465,Good,Good,0
41500,Valley View,47700,Tea Tree Gully,0.2115533,Good,Good,0
41501,Veitch,43790,Loxton Waikerie,1,Good,Good,0
41502,Venus Bay (SA),41750,Elliston,0.9996233,Good,Good,0
41502,Venus Bay (SA),47490,Streaky Bay,0.0003767,Good,Good,1
41503,Verdun,40120,Adelaide Hills,0.8070075,Good,Good,0
41503,Verdun,44550,Mount Barker,0.1929925,Good,Good,0
41504,Verran,41190,Cleve,1,Good,Good,0
41505,Victor Harbor,48050,Victor Harbor,1,Good,Good,0
41506,Vine Vale,40310,Barossa,1,Good,Good,0
41507,Virginia (SA),45680,Playford,1,Good,Good,0
41508,Vista,47700,Tea Tree Gully,1,Good,Good,0
41509,Vivonne Bay,42750,Kangaroo Island,1,Good,Good,0
41510,Waddikee,41190,Cleve,0.6537279,Good,Good,0
41510,Waddikee,43220,Kimba,0.3462721,Good,Good,0
41511,Waikerie,43790,Loxton Waikerie,1,Good,Good,0
41512,Waitpinga,48050,Victor Harbor,0.9656792,Good,Good,0
41512,Waitpinga,48750,Yankalilla,0.0343208,Good,Good,0
41513,Walker Flat,44210,Mid Murray,1,Good,Good,0
41514,Walkerville (SA),48260,Walkerville,1,Good,Good,0
41515,Walkley Heights,45890,Port Adelaide Enfield,0.1133491,Good,Good,0
41515,Walkley Heights,47140,Salisbury,0.8866509,Good,Good,0
41516,Wall Flat,44210,Mid Murray,0.9192196,Good,Good,0
41516,Wall Flat,45040,Murray Bridge,0.0807804,Good,Good,0
41517,Wallala,47490,Streaky Bay,1,Good,Good,0
41518,Wallaroo (SA),41560,Copper Coast,1,Good,Good,0
41519,Wallaroo Mines,41560,Copper Coast,1,Good,Good,0
41520,Wallaroo Plain,41560,Copper Coast,1,Good,Good,0
41521,Walloway,45400,Orroroo Carrieton,1,Good,Good,0
41522,Waltowa,47800,Coorong,1,Good,Good,0
41523,Wami Kata,46090,Port Augusta,1,Good,Good,0
41524,Wanbi,43080,Karoonda East Murray,1,Good,Good,0
41525,Wandana (SA),41010,Ceduna,1,Good,Good,0
41526,Wandearah East,46450,Port Pirie,1,Good,Good,0
41527,Wandearah West,46450,Port Pirie,1,Good,Good,0
41528,Wandilo,42250,Grant,1,Good,Good,0
41529,Wangary,43710,Lower Eyre Peninsula,1,Good,Good,0
41530,Wangolina,43360,Kingston (SA),1,Good,Good,0
41531,Wanilla,43710,Lower Eyre Peninsula,1,Good,Good,0
41532,Wappilka,43790,Loxton Waikerie,1,Good,Good,0
41533,Warburto,41560,Copper Coast,1,Good,Good,0
41534,Ward Belt,43650,Light,1,Good,Good,0
41535,Ward Hill,40430,Barunga West,1,Good,Good,0
41536,Warnertown,46450,Port Pirie,1,Good,Good,0
41537,Warnes,49399,Unincorporated SA,1,Good,Good,0
41538,Warooka,48830,Yorke Peninsula,1,Good,Good,0
41539,Warradale,44060,Marion,1,Good,Good,0
41540,Warramboo,48640,Wudinna,1,Good,Good,0
41541,Washpool (SA),45120,Northern Areas,1,Good,Good,0
41542,Wasleys,43650,Light,1,Good,Good,0
41543,Watarru,40250,Anangu Pitjantjatjara Yunkunytjatjara,1,Good,Good,0
41544,Watchman,48130,Wakefield,1,Good,Good,0
41545,Waterfall Gully,40700,Burnside,1,Good,Good,0
41546,Waterloo (SA),41140,Clare and Gilbert Valleys,1,Good,Good,0
41547,Waterloo Corner,45680,Playford,0.8441036,Good,Good,0
41547,Waterloo Corner,47140,Salisbury,0.1558964,Good,Good,0
41548,Watervale,41140,Clare and Gilbert Valleys,1,Good,Good,0
41549,Watraba,41010,Ceduna,1,Good,Good,0
41550,Wattle Flat (SA),48750,Yankalilla,1,Good,Good,0
41551,Wattle Park,40700,Burnside,1,Good,Good,0
41552,Wattle Range,48340,Wattle Range,1,Good,Good,0
41553,Wattle Range East,48340,Wattle Range,1,Good,Good,0
41554,Wauraltee,48830,Yorke Peninsula,1,Good,Good,0
41555,Wayville,47980,Unley,1,Good,Good,0
41556,Webb Beach,40150,Adelaide Plains,1,Good,Good,0
41557,Wedge Island (SA),49399,Unincorporated SA,1,Good,Good,0
41558,Weeroona Island,44830,Mount Remarkable,1,Good,Good,0
41559,Weetulta,48830,Yorke Peninsula,1,Good,Good,0
41560,Welland,41060,Charles Sturt,1,Good,Good,0
41561,Wellington (SA),45040,Murray Bridge,1,Good,Good,0
41562,Wellington East,47800,Coorong,1,Good,Good,0
41563,Wepar,42250,Grant,0.361761,Good,Good,0
41563,Wepar,48340,Wattle Range,0.638239,Good,Good,0
41564,West Beach (SA),41060,Charles Sturt,0.6056271,Good,Good,0
41564,West Beach (SA),48410,West Torrens,0.3943729,Good,Good,0
41565,West Bundaleer,45120,Northern Areas,1,Good,Good,0
41566,West Croydon,41060,Charles Sturt,1,Good,Good,0
41567,West Hindmarsh,41060,Charles Sturt,1,Good,Good,0
41568,West Lakes,41060,Charles Sturt,1,Good,Good,0
41569,West Lakes Shore,41060,Charles Sturt,1,Good,Good,0
41570,West Range,43360,Kingston (SA),1,Good,Good,0
41571,West Richmond,48410,West Torrens,1,Good,Good,0
41572,Westall,47490,Streaky Bay,1,Good,Good,0
41573,Westbourne Park,44340,Mitcham,1,Good,Good,0
41574,Western Flat,47630,Tatiara,1,Good,Good,0
41575,Western River,42750,Kangaroo Island,1,Good,Good,0
41576,Wharminda,41190,Cleve,1,Good,Good,0
41577,White Hill,45040,Murray Bridge,1,Good,Good,0
41578,White Hut,48830,Yorke Peninsula,1,Good,Good,0
41579,White Sands,45040,Murray Bridge,1,Good,Good,0
41580,White Well Corner,41010,Ceduna,1,Good,Good,0
41581,Whites Flat,43710,Lower Eyre Peninsula,1,Good,Good,0
41582,Whites River,43710,Lower Eyre Peninsula,1,Good,Good,0
41583,Whites Valley,45340,Onkaparinga,1,Good,Good,0
41584,Whitwarta,48130,Wakefield,1,Good,Good,0
41585,Whyalla,48540,Whyalla,1,Good,Good,0
41586,Whyalla Barson,48540,Whyalla,0.6,Good,Good,0
41586,Whyalla Barson,49399,Unincorporated SA,0.4,Good,Good,0
41587,Whyalla Jenkins,48540,Whyalla,1,Good,Good,0
41588,Whyalla Norrie,48540,Whyalla,1,Good,Good,0
41589,Whyalla Playford,48540,Whyalla,1,Good,Good,0
41590,Whyalla Stuart,48540,Whyalla,1,Good,Good,0
41591,Whyte Yarcowie,42110,Goyder,1,Good,Good,0
41592,Wigley Flat,43790,Loxton Waikerie,1,Good,Good,0
41593,Wilcherry,43220,Kimba,1,Good,Good,0
41594,Wild Dog Valley (SA),45090,Naracoorte Lucindale,1,Good,Good,0
41595,Wild Horse Plains,40150,Adelaide Plains,0.7302639,Good,Good,0
41595,Wild Horse Plains,48130,Wakefield,0.2697361,Good,Good,0
41596,Wilgena,49399,Unincorporated SA,1,Good,Good,0
41597,Willalo,42110,Goyder,1,Good,Good,0
41598,Willalooka,47630,Tatiara,1,Good,Good,0
41599,Willamulka,41560,Copper Coast,1,Good,Good,0
41600,Willaston,42030,Gawler,1,Good,Good,0
41601,William Creek,49399,Unincorporated SA,1,Good,Good,0
41602,Williamstown (SA),40310,Barossa,1,Good,Good,0
41603,Willippa,49399,Unincorporated SA,1,Good,Good,0
41604,Willochra,41830,Flinders Ranges,1,Good,Good,0
41605,Willoughby (SA),42750,Kangaroo Island,1,Good,Good,0
41606,Willow Creek,48750,Yankalilla,1,Good,Good,0
41607,Willow Springs,49399,Unincorporated SA,1,Good,Good,0
41608,Willowie,44830,Mount Remarkable,1,Good,Good,0
41609,Willson River,42750,Kangaroo Island,1,Good,Good,0
41610,Willunga,45340,Onkaparinga,1,Good,Good,0
41611,Willunga Hill,40220,Alexandrina,1,Good,Good,0
41612,Willunga South,45340,Onkaparinga,1,Good,Good,0
41613,Willyaroo,40220,Alexandrina,1,Good,Good,0
41614,Wilmington,41830,Flinders Ranges,0.0045869,Good,Good,1
41614,Wilmington,44830,Mount Remarkable,0.9954131,Good,Good,0
41615,Windsor (SA),40150,Adelaide Plains,1,Good,Good,0
41616,Windsor Gardens,45890,Port Adelaide Enfield,1,Good,Good,0
41617,Wingfield,45890,Port Adelaide Enfield,1,Good,Good,0
41618,Winkie,40520,Berri Barmera,1,Good,Good,0
41619,Winninowie,44830,Mount Remarkable,0.5,Good,Good,0
41619,Winninowie,46090,Port Augusta,0.5,Good,Good,0
41620,Winulta,48830,Yorke Peninsula,1,Good,Good,0
41621,Wirrabara,44830,Mount Remarkable,1,Good,Good,0
41622,Wirraminna,49399,Unincorporated SA,1,Good,Good,0
41623,Wirrega,47630,Tatiara,1,Good,Good,0
41624,Wirrina Cove,48750,Yankalilla,1,Good,Good,0
41625,Wirrulla,47490,Streaky Bay,1,Good,Good,0
41626,Wisanger,42750,Kangaroo Island,1,Good,Good,0
41627,Wistow,44550,Mount Barker,1,Good,Good,0
41628,Witera,47490,Streaky Bay,1,Good,Good,0
41629,Wokurna,40430,Barunga West,0.6720747,Good,Good,0
41629,Wokurna,48130,Wakefield,0.3279253,Good,Good,0
41630,Wolseley,47630,Tatiara,1,Good,Good,0
41631,Wombats Rest,44210,Mid Murray,1,Good,Good,0
41632,Wongulla,44210,Mid Murray,1,Good,Good,0
41633,Wongyarra,44830,Mount Remarkable,1,Good,Good,0
41634,Wonna,42110,Goyder,1,Good,Good,0
41635,Wonuarra,46670,Renmark Paringa,1,Good,Good,0
41636,Woodchester,40220,Alexandrina,1,Good,Good,0
41637,Woodcroft (SA),45340,Onkaparinga,1,Good,Good,0
41638,Woodforde,40120,Adelaide Hills,1,Good,Good,0
41639,Woodlane,45040,Murray Bridge,1,Good,Good,0
41640,Woodleigh (SA),43790,Loxton Waikerie,1,Good,Good,0
41641,Woods Point (SA),45040,Murray Bridge,1,Good,Good,0
41642,Woodside (SA),40120,Adelaide Hills,1,Good,Good,0
41643,Woodville (SA),41060,Charles Sturt,1,Good,Good,0
41644,Woodville Gardens,45890,Port Adelaide Enfield,1,Good,Good,0
41645,Woodville North,41060,Charles Sturt,1,Good,Good,0
41646,Woodville Park,41060,Charles Sturt,1,Good,Good,0
41647,Woodville South,41060,Charles Sturt,1,Good,Good,0
41648,Woodville West,41060,Charles Sturt,1,Good,Good,0
41649,Wool Bay,48830,Yorke Peninsula,1,Good,Good,0
41650,Woolpunda,43790,Loxton Waikerie,1,Good,Good,0
41651,Woolshed Flat (SA),41140,Clare and Gilbert Valleys,1,Good,Good,0
41652,Woolsheds,43650,Light,1,Good,Good,0
41653,Woolumbool,45090,Naracoorte Lucindale,1,Good,Good,0
41654,Woolundunga,44830,Mount Remarkable,0.999688,Good,Good,0
41654,Woolundunga,46090,Port Augusta,0.000312,Good,Good,1
41655,Woomera,49399,Unincorporated SA,1,Good,Good,0
41656,Worlds End (SA),42110,Goyder,1,Good,Good,0
41657,Worrolong,42250,Grant,0.3369119,Good,Good,0
41657,Worrolong,44620,Mount Gambier,0.6630881,Good,Good,0
41658,Wrattonbully,45090,Naracoorte Lucindale,1,Good,Good,0
41659,Wudinna,48640,Wudinna,1,Good,Good,0
41660,Wunkar,43790,Loxton Waikerie,1,Good,Good,0
41661,Wye,42250,Grant,1,Good,Good,0
41662,Wynarka,43080,Karoonda East Murray,1,Good,Good,0
41663,Wynn Vale,47700,Tea Tree Gully,1,Good,Good,0
41664,Wyomi,43360,Kingston (SA),1,Good,Good,0
41665,Yacka,45120,Northern Areas,1,Good,Good,0
41666,Yadlamalka,49399,Unincorporated SA,1,Good,Good,0
41667,Yahl,42250,Grant,1,Good,Good,0
41668,Yalanda,43220,Kimba,1,Good,Good,0
41669,Yalata,49399,Unincorporated SA,1,Good,Good,0
41670,Yallunda Flat,47910,Tumby Bay,1,Good,Good,0
41671,Yalpara,45400,Orroroo Carrieton,1,Good,Good,0
41672,Yamba (SA),46670,Renmark Paringa,1,Good,Good,0
41673,Yanerbie,47490,Streaky Bay,1,Good,Good,0
41674,Yaninee,48640,Wudinna,1,Good,Good,0
41675,Yankalilla,48750,Yankalilla,1,Good,Good,0
41676,Yantanabie,47490,Streaky Bay,1,Good,Good,0
41677,Yanyarrie,45400,Orroroo Carrieton,1,Good,Good,0
41678,Yardea,49399,Unincorporated SA,1,Good,Good,0
41679,Yarrah,41830,Flinders Ranges,0.8615226,Good,Good,0
41679,Yarrah,49399,Unincorporated SA,0.1384774,Good,Good,0
41680,Yatala Vale,47700,Tea Tree Gully,1,Good,Good,0
41681,Yatina,45120,Northern Areas,0.5710889,Good,Good,0
41681,Yatina,45400,Orroroo Carrieton,0.4289111,Good,Good,0
41682,Yattalunga (SA),45680,Playford,1,Good,Good,0
41683,Yeelanna,43710,Lower Eyre Peninsula,1,Good,Good,0
41684,Yellabinna,49399,Unincorporated SA,1,Good,Good,0
41685,Yelta (SA),41560,Copper Coast,1,Good,Good,0
41686,Yinkanie,43790,Loxton Waikerie,1,Good,Good,0
41687,Yongala,45540,Peterborough,1,Good,Good,0
41688,Yorke Valley,48830,Yorke Peninsula,1,Good,Good,0
41689,Yorketown,48830,Yorke Peninsula,1,Good,Good,0
41690,Younghusband,44210,Mid Murray,1,Good,Good,0
41691,Younghusband Holdings,44210,Mid Murray,1,Good,Good,0
41692,Yumali,47800,Coorong,1,Good,Good,0
41693,Yumbarra,49399,Unincorporated SA,1,Good,Good,0
41694,Yundi,40220,Alexandrina,1,Good,Good,0
41695,Yunta,49399,Unincorporated SA,1,Good,Good,0
41696,Zadows Landing,44210,Mid Murray,1,Good,Good,0
49494,No usual address (SA),49499,No usual address (SA),1,Good,Good,0
49797,Migratory - Offshore - Shipping (SA),49799,Migratory - Offshore - Shipping (SA),1,Good,Good,0
50001,Abba River,51260,Busselton,1,Good,Good,0
50002,Abbey,51260,Busselton,1,Good,Good,0
50003,Acton Park (WA),51260,Busselton,1,Good,Good,0
50004,Adamsvale,52100,Corrigin,1,Good,Good,0
50005,Ajana,56790,Northampton,1,Good,Good,0
50006,Albany,50080,Albany,1,Good,Good,0
50007,Aldersyde,50910,Brookton,1,Good,Good,0
50008,Alexander Heights,58760,Wanneroo,1,Good,Good,0
50009,Alexandra Bridge,50280,Augusta Margaret River,1,Good,Good,0
50010,Alfred Cove,55320,Melville,1,Good,Good,0
50011,Alkimos,58760,Wanneroo,1,Good,Good,0
50012,Allanooka,54060,Irwin,1,Good,Good,0
50013,Allanson,51890,Collie,1,Good,Good,0
50014,Alma (WA),56790,Northampton,1,Good,Good,0
50015,Ambania,53800,Greater Geraldton,1,Good,Good,0
50016,Ambergate,51260,Busselton,1,Good,Good,0
50017,Amelup,53640,Gnowangerup,1,Good,Good,0
50018,Angelo River,55250,Meekatharra,1,Good,Good,0
50019,Anketell,54830,Kwinana,1,Good,Good,0
50020,Anniebrook,51260,Busselton,1,Good,Good,0
50021,Antonymyre,54310,Karratha,1,Good,Good,0
50022,Applecross,55320,Melville,1,Good,Good,0
50023,Ardath,51120,Bruce Rock,1,Good,Good,0
50024,Ardross,55320,Melville,1,Good,Good,0
50025,Argyle (WA),52870,Donnybrook-Balingup,1,Good,Good,0
50026,Armadale (WA),50210,Armadale,1,Good,Good,0
50027,Arrino,58260,Three Springs,1,Good,Good,0
50028,Arrowsmith,54060,Irwin,1,Good,Good,0
50029,Arrowsmith East,58260,Three Springs,1,Good,Good,0
50030,Arthur River (WA),58890,West Arthur,1,Good,Good,0
50031,Ascot (WA),50490,Belmont,1,Good,Good,0
50032,Ashby (WA),58760,Wanneroo,1,Good,Good,0
50033,Ashendon,50210,Armadale,1,Good,Good,0
50034,Ashfield (WA),50350,Bassendean,1,Good,Good,0
50035,Attadale,55320,Melville,1,Good,Good,0
50036,Atwell,51820,Cockburn,1,Good,Good,0
50037,Aubin Grove,51820,Cockburn,1,Good,Good,0
50038,Augusta,50280,Augusta Margaret River,1,Good,Good,0
50039,Australind,52660,Dardanup,8.70E-06,Good,Good,1
50039,Australind,53990,Harvey,0.9999913,Good,Good,0
50040,Aveley,58050,Swan,1,Good,Good,0
50041,Avon Valley National Park,58050,Swan,1,Good,Good,0
50042,Baandee,54410,Kellerberrin,1,Good,Good,0
50043,Babakin,51120,Bruce Rock,1,Good,Good,0
50044,Babbage Island,51540,Carnarvon,1,Good,Good,0
50045,Badgebup,54340,Katanning,1,Good,Good,0
50046,Badgerin Rock,54690,Koorda,1,Good,Good,0
50047,Badgin,59370,York,1,Good,Good,0
50048,Badgingarra,52590,Dandaragan,1,Good,Good,0
50049,Badjaling,57350,Quairading,1,Good,Good,0
50050,Bailup,56090,Mundaring,1,Good,Good,0
50051,Bakers Hill,56730,Northam,1,Good,Good,0
50052,Balbarrup,55180,Manjimup,1,Good,Good,0
50053,Balcatta,57910,Stirling,1,Good,Good,0
50054,Baldivis,57490,Rockingham,1,Good,Good,0
50055,Balga,57910,Stirling,0.9999993,Good,Good,0
50055,Balga,58760,Wanneroo,7.00E-07,Good,Good,1
50056,Balingup,52870,Donnybrook-Balingup,1,Good,Good,0
50057,Balkuling,57350,Quairading,1,Good,Good,0
50058,Balla Balla,54310,Karratha,0.9975278,Good,Good,0
50058,Balla Balla,57280,Port Hedland,0.0024722,Good,Good,1
50059,Balladong,59370,York,1,Good,Good,0
50060,Balladonia,53080,Dundas,1,Good,Good,0
50061,Ballajura,58050,Swan,1,Good,Good,0
50062,Ballaying,58610,Wagin,1,Good,Good,0
50063,Ballidu,59310,Wongan-Ballidu,1,Good,Good,0
50064,Bally Bally,50560,Beverley,1,Good,Good,0
50065,Bambun,53570,Gingin,1,Good,Good,0
50066,Bandy Creek,53290,Esperance,1,Good,Good,0
50067,Bandya,54970,Laverton,1,Good,Good,0
50068,Banjup,51820,Cockburn,1,Good,Good,0
50069,Banksia Grove,58760,Wanneroo,1,Good,Good,0
50070,Banksiadale,56230,Murray,1,Good,Good,0
50071,Bannister (WA),50630,Boddington,0.8471682,Good,Good,0
50071,Bannister (WA),58680,Wandering,0.1528318,Good,Good,0
50072,Barbalin,55950,Mukinbudin,1,Good,Good,0
50073,Barberton,55600,Moora,1,Good,Good,0
50074,Barrabup,56300,Nannup,1,Good,Good,0
50075,Barragup,56230,Murray,1,Good,Good,0
50076,Barrow Island,50250,Ashburton,0.9939665,Good,Good,0
50076,Barrow Island,54310,Karratha,0.0060335,Good,Good,1
50077,Baskerville,58050,Swan,1,Good,Good,0
50078,Bassendean (WA),50350,Bassendean,1,Good,Good,0
50079,Bateman,55320,Melville,1,Good,Good,0
50080,Baudin,50280,Augusta Margaret River,1,Good,Good,0
50081,Baynton (WA),54310,Karratha,1,Good,Good,0
50082,Bayonet Head,50080,Albany,1,Good,Good,0
50083,Bayswater (WA),50420,Bayswater,1,Good,Good,0
50084,Beachlands,53800,Greater Geraldton,1,Good,Good,0
50085,Beacon,55880,Mount Marshall,1,Good,Good,0
50086,Beaconsfield (WA),53430,Fremantle,1,Good,Good,0
50087,Beadell,54970,Laverton,1,Good,Good,0
50088,Beaufort River,59320,Woodanilling,1,Good,Good,0
50089,Beaumont (WA),53290,Esperance,1,Good,Good,0
50090,Beckenham,53780,Gosnells,1,Good,Good,0
50091,Bedford,50420,Bayswater,1,Good,Good,0
50092,Bedfordale,50210,Armadale,1,Good,Good,0
50093,Beechboro,58050,Swan,1,Good,Good,0
50094,Beechina,56090,Mundaring,1,Good,Good,0
50095,Beedelup,55180,Manjimup,1,Good,Good,0
50096,Beela,53990,Harvey,1,Good,Good,0
50097,Beelerup,52870,Donnybrook-Balingup,1,Good,Good,0
50098,Beeliar,51820,Cockburn,1,Good,Good,0
50099,Beenong,54900,Lake Grace,1,Good,Good,0
50100,Beermullah,53570,Gingin,1,Good,Good,0
50101,Bejoording,58330,Toodyay,1,Good,Good,0
50102,Beldon,54170,Joondalup,1,Good,Good,0
50103,Belhus,58050,Swan,1,Good,Good,0
50104,Bellevue (WA),56090,Mundaring,0.4028779,Good,Good,0
50104,Bellevue (WA),58050,Swan,0.5971221,Good,Good,0
50105,Belmont (WA),50490,Belmont,1,Good,Good,0
50106,Bencubbin,55880,Mount Marshall,1,Good,Good,0
50107,Benger,53990,Harvey,1,Good,Good,0
50108,Benjaberring,59330,Wyalkatchem,1,Good,Good,0
50109,Benjinup,50770,Boyup Brook,1,Good,Good,0
50110,Bennett Springs,58050,Swan,1,Good,Good,0
50111,Bentley (WA),51330,Canning,0.8130585,Acceptable,Good,0
50111,Bentley (WA),58510,Victoria Park,0.1869415,Good,Good,0
50112,Beresford,53800,Greater Geraldton,1,Good,Good,0
50113,Berkshire Valley,55600,Moora,1,Good,Good,0
50114,Bernier Island,51540,Carnarvon,1,Good,Good,0
50115,Bertram,54830,Kwinana,1,Good,Good,0
50116,Beverley (WA),50560,Beverley,1,Good,Good,0
50117,Bibra Lake,51820,Cockburn,1,Good,Good,0
50118,Bickley,54200,Kalamunda,1,Good,Good,0
50119,Bicton,55320,Melville,1,Good,Good,0
50120,Biddelia,56300,Nannup,1,Good,Good,0
50121,Big Grove,50080,Albany,1,Good,Good,0
50122,Bilbarin,52100,Corrigin,1,Good,Good,0
50123,Bilingurr,50980,Broome,1,Good,Good,0
50124,Bimbijy,55880,Mount Marshall,1,Good,Good,0
50125,Bindi Bindi,55600,Moora,1,Good,Good,0
50126,Bindoon,51680,Chittering,1,Good,Good,0
50127,Bindoon Training Area,58330,Toodyay,1,Good,Good,0
50128,Binduli,54280,Kalgoorlie-Boulder,1,Good,Good,0
50129,Binningup,53990,Harvey,1,Good,Good,0
50130,Binnu,56790,Northampton,1,Good,Good,0
50131,Birchmont,56230,Murray,1,Good,Good,0
50132,Bluff Point,53800,Greater Geraldton,1,Good,Good,0
50133,Blythewood,56230,Murray,1,Good,Good,0
50134,Boallia,51260,Busselton,1,Good,Good,0
50135,Bobalong,51080,Broomehill-Tambellup,1,Good,Good,0
50136,Bodallin,59360,Yilgarn,1,Good,Good,0
50137,Boddington,50630,Boddington,1,Good,Good,0
50138,Boilup,54550,Kojonup,1,Good,Good,0
50139,Bokal,58890,West Arthur,1,Good,Good,0
50140,Bolgart,58540,Victoria Plains,1,Good,Good,0
50141,Bonnie Rock,55950,Mukinbudin,1,Good,Good,0
50142,Bonniefield,54060,Irwin,1,Good,Good,0
50143,Boodarie,57280,Port Hedland,1,Good,Good,0
50144,Boodarockin,59030,Westonia,1,Good,Good,0
50145,Bookara,54060,Irwin,1,Good,Good,0
50146,Boonanarring,53570,Gingin,1,Good,Good,0
50147,Boorabbin,51960,Coolgardie,1,Good,Good,0
50148,Booragoon,55320,Melville,1,Good,Good,0
50149,Booralaming,54690,Koorda,1,Good,Good,0
50150,Boorara,54280,Kalgoorlie-Boulder,1,Good,Good,0
50151,Boorara Brook,55180,Manjimup,1,Good,Good,0
50152,Bootenal,53800,Greater Geraldton,1,Good,Good,0
50153,Boothendarra,52590,Dandaragan,1,Good,Good,0
50154,Boranup,50280,Augusta Margaret River,1,Good,Good,0
50155,Borden,53640,Gnowangerup,1,Good,Good,0
50156,Borderdale,51080,Broomehill-Tambellup,1,Good,Good,0
50157,Bornholm,50080,Albany,1,Good,Good,0
50158,Boscabel,54550,Kojonup,1,Good,Good,0
50159,Boulder,54280,Kalgoorlie-Boulder,1,Good,Good,0
50160,Boundain,56460,Narrogin,1,Good,Good,0
50161,Bouvard,55110,Mandurah,1,Good,Good,0
50162,Bovell,51260,Busselton,1,Good,Good,0
50163,Bow Bridge,52730,Denmark,1,Good,Good,0
50164,Bowelling,58890,West Arthur,1,Good,Good,0
50165,Bowes,56790,Northampton,1,Good,Good,0
50166,Bowgada,57000,Perenjori,1,Good,Good,0
50167,Boxwood Hill,54130,Jerramungup,1,Good,Good,0
50168,Boya,56090,Mundaring,1,Good,Good,0
50169,Boyanup,51400,Capel,1,Good,Good,0
50170,Boyatup,53290,Esperance,1,Good,Good,0
50171,Boyerine,59320,Woodanilling,1,Good,Good,0
50172,Boyup Brook,50770,Boyup Brook,1,Good,Good,0
50173,Brabham,58050,Swan,1,Good,Good,0
50174,Bramley,50280,Augusta Margaret River,1,Good,Good,0
50175,Brazier,52870,Donnybrook-Balingup,1,Good,Good,0
50176,Breera,53570,Gingin,1,Good,Good,0
50177,Bremer Bay,54130,Jerramungup,1,Good,Good,0
50178,Brentwood (WA),55320,Melville,1,Good,Good,0
50179,Breton Bay,53570,Gingin,1,Good,Good,0
50180,Bridgetown,50840,Bridgetown-Greenbushes,1,Good,Good,0
50181,Brigadoon,58050,Swan,1,Good,Good,0
50182,Bringo,53800,Greater Geraldton,1,Good,Good,0
50183,Broadwater (WA),51260,Busselton,1,Good,Good,0
50184,Broadwood,54280,Kalgoorlie-Boulder,1,Good,Good,0
50185,Brockman,51540,Carnarvon,1,Good,Good,0
50186,Broke (WA),55180,Manjimup,1,Good,Good,0
50187,Brookdale (WA),50210,Armadale,1,Good,Good,0
50188,Brookhampton,52870,Donnybrook-Balingup,1,Good,Good,0
50189,Brookton,50910,Brookton,1,Good,Good,0
50190,Broome,50980,Broome,1,Good,Good,0
50191,Broomehill East,51080,Broomehill-Tambellup,1,Good,Good,0
50192,Broomehill Village,51080,Broomehill-Tambellup,1,Good,Good,0
50193,Broomehill West,51080,Broomehill-Tambellup,1,Good,Good,0
50194,Brown Hill (WA),54280,Kalgoorlie-Boulder,1,Good,Good,0
50195,Brown Range,51540,Carnarvon,1,Good,Good,0
50196,Bruce Rock,51120,Bruce Rock,1,Good,Good,0
50197,Brunswick (WA),53990,Harvey,1,Good,Good,0
50198,Buckingham (WA),51890,Collie,1,Good,Good,0
50199,Buckland (WA),56730,Northam,1,Good,Good,0
50200,Bulgarra,54310,Karratha,1,Good,Good,0
50201,Bull Creek (WA),55320,Melville,1,Good,Good,0
50202,Bullabulling,51960,Coolgardie,1,Good,Good,0
50203,Bullaring,52100,Corrigin,1,Good,Good,0
50204,Buller,51610,Chapman Valley,1,Good,Good,0
50205,Bullfinch,59360,Yilgarn,1,Good,Good,0
50206,Bullock Hills,53010,Dumbleyung,1,Good,Good,0
50207,Bullsbrook,58050,Swan,1,Good,Good,0
50208,Bulong,54280,Kalgoorlie-Boulder,1,Good,Good,0
50209,Bulyee,52100,Corrigin,1,Good,Good,0
50210,Bunbury (WA),51190,Bunbury,1,Good,Good,0
50211,Bundanoon (WA),55530,Mingenew,1,Good,Good,0
50212,Buniche,54900,Lake Grace,1,Good,Good,0
50213,Bunjil,57000,Perenjori,1,Good,Good,0
50214,Buntine,52520,Dalwallinu,1,Good,Good,0
50215,Burakin,59310,Wongan-Ballidu,1,Good,Good,0
50216,Buraminya,53290,Esperance,1,Good,Good,0
50217,Burekup,52660,Dardanup,1,Good,Good,0
50218,Burges,59370,York,1,Good,Good,0
50219,Burlong,56730,Northam,1,Good,Good,0
50220,Burma Road,53800,Greater Geraldton,1,Good,Good,0
50221,Burns Beach,54170,Joondalup,1,Good,Good,0
50222,Burnside (WA),50280,Augusta Margaret River,1,Good,Good,0
50223,Burracoppin,55460,Merredin,1,Good,Good,0
50224,Burran Rock,56860,Nungarin,1,Good,Good,0
50225,Burrup,54310,Karratha,1,Good,Good,0
50226,Burswood,58510,Victoria Park,1,Good,Good,0
50227,Bushmead,58050,Swan,1,Good,Good,0
50228,Busselton,51260,Busselton,1,Good,Good,0
50229,Butler (WA),58760,Wanneroo,1,Good,Good,0
50230,Byford,57700,Serpentine-Jarrahdale,1,Good,Good,0
50231,Cable Beach,50980,Broome,1,Good,Good,0
50232,Cadoux,59310,Wongan-Ballidu,1,Good,Good,0
50233,Caiguna,53080,Dundas,1,Good,Good,0
50234,Calingiri,58540,Victoria Plains,1,Good,Good,0
50235,Calista,54830,Kwinana,1,Good,Good,0
50236,Caljie,59370,York,1,Good,Good,0
50237,Callcup,55180,Manjimup,1,Good,Good,0
50238,Camballin,52800,Derby-West Kimberley,1,Good,Good,0
50239,Cambridge Gulf,59340,Wyndham-East Kimberley,1,Good,Good,0
50240,Camillo,50210,Armadale,1,Good,Good,0
50241,Cancanning,58610,Wagin,1,Good,Good,0
50242,Cane,50250,Ashburton,1,Good,Good,0
50243,Canna,55670,Morawa,1,Good,Good,0
50244,Canning Mills,54200,Kalamunda,1,Good,Good,0
50245,Canning Vale,51330,Canning,0.2924081,Acceptable,Good,0
50245,Canning Vale,53780,Gosnells,0.7075919,Good,Good,0
50246,Cannington,51330,Canning,1,Acceptable,Good,0
50247,Cape Arid,53290,Esperance,1,Good,Good,0
50248,Cape Burney,53800,Greater Geraldton,1,Good,Good,0
50249,Cape Le Grand,53290,Esperance,1,Good,Good,0
50250,Cape Range National Park,53360,Exmouth,1,Good,Good,0
50251,Capel,51400,Capel,1,Good,Good,0
50252,Capel River,51400,Capel,1,Good,Good,0
50253,Capricorn,55250,Meekatharra,1,Good,Good,0
50254,Caraban,53570,Gingin,1,Good,Good,0
50255,Carabooda,58760,Wanneroo,1,Good,Good,0
50256,Carani,58540,Victoria Plains,1,Good,Good,0
50257,Carbla,57770,Shark Bay,1,Good,Good,0
50258,Carbunup River,51260,Busselton,1,Good,Good,0
50259,Cardiff (WA),51890,Collie,1,Good,Good,0
50260,Cardup,57700,Serpentine-Jarrahdale,1,Good,Good,0
50261,Carey Park,51190,Bunbury,1,Good,Good,0
50262,Carine,57910,Stirling,1,Good,Good,0
50263,Carlisle,58510,Victoria Park,1,Good,Good,0
50264,Carlotta,56300,Nannup,1,Good,Good,0
50265,Carmel,54200,Kalamunda,1,Good,Good,0
50266,Carnamah,51470,Carnamah,1,Good,Good,0
50267,Carnarvon,51540,Carnarvon,1,Good,Good,0
50268,Carrabin,59030,Westonia,1,Good,Good,0
50269,Carramar (WA),58760,Wanneroo,1,Good,Good,0
50270,Carrolup,54340,Katanning,1,Good,Good,0
50271,Cartmeticup,59320,Woodanilling,1,Good,Good,0
50272,Cascade (WA),53290,Esperance,1,Good,Good,0
50273,Castletown,53290,Esperance,1,Good,Good,0
50274,Casuarina (WA),54830,Kwinana,1,Good,Good,0
50275,Cataby,52590,Dandaragan,1,Good,Good,0
50276,Catterick,50840,Bridgetown-Greenbushes,1,Good,Good,0
50277,Caversham,58050,Swan,1,Good,Good,0
50278,Centennial Park (WA),50080,Albany,1,Good,Good,0
50279,Cervantes,52590,Dandaragan,1,Good,Good,0
50280,Chadwick,53290,Esperance,1,Good,Good,0
50281,Champion Lakes,50210,Armadale,1,Good,Good,0
50282,Chandler (WA),56860,Nungarin,1,Good,Good,0
50283,Changerup,54550,Kojonup,1,Good,Good,0
50284,Channybearup,55180,Manjimup,1,Good,Good,0
50285,Chapman Hill,51260,Busselton,1,Good,Good,0
50286,Charley Creek,52870,Donnybrook-Balingup,1,Good,Good,0
50287,Cherry Tree Pool,54550,Kojonup,1,Good,Good,0
50288,Cheynes,50080,Albany,1,Good,Good,0
50289,Chichester (WA),50250,Ashburton,1,Good,Good,0
50290,Chidlow,56090,Mundaring,1,Good,Good,0
50291,Chittering,51680,Chittering,1,Good,Good,0
50292,Chowerup,50770,Boyup Brook,1,Good,Good,0
50293,Churchlands,57910,Stirling,1,Good,Good,0
50294,City Beach,51310,Cambridge,1,Acceptable,Good,0
50295,Clackline,56730,Northam,1,Good,Good,0
50296,Claremont (WA),51750,Claremont,0.9634878,Acceptable,Good,0
50296,Claremont (WA),52170,Cottesloe,0.0239818,Good,Good,0
50296,Claremont (WA),56580,Nedlands,0.0125304,Acceptable,Good,0
50297,Clarkson,58760,Wanneroo,1,Good,Good,0
50298,Cleary,55880,Mount Marshall,1,Good,Good,0
50299,Cleaverville,54310,Karratha,1,Good,Good,0
50300,Clifton (WA),55110,Mandurah,0.6666667,Good,Good,0
50300,Clifton (WA),58820,Waroona,0.3333333,Good,Good,0
50301,Cloverdale,50490,Belmont,1,Good,Good,0
50302,Coblinine,54340,Katanning,1,Good,Good,0
50303,Coburn,57770,Shark Bay,1,Good,Good,0
50304,Cockburn Central,51820,Cockburn,1,Good,Good,0
50305,Cocklebiddy,53080,Dundas,1,Good,Good,0
50306,Codjatotine,58680,Wandering,1,Good,Good,0
50307,Cold Harbour,59370,York,1,Good,Good,0
50308,Collanilling,58610,Wagin,1,Good,Good,0
50309,College Grove,51190,Bunbury,1,Good,Good,0
50310,Collie (WA),51890,Collie,1,Good,Good,0
50311,Collie Burn,51890,Collie,1,Good,Good,0
50312,Collingwood Heights,50080,Albany,1,Good,Good,0
50313,Collingwood Park (WA),50080,Albany,1,Good,Good,0
50314,Collins,55180,Manjimup,1,Good,Good,0
50315,Commodine,52310,Cuballing,1,Good,Good,0
50316,Como (WA),57840,South Perth,1,Good,Good,0
50317,Condingup,53290,Esperance,1,Good,Good,0
50318,Connolly,54170,Joondalup,1,Good,Good,0
50319,Contine,52310,Cuballing,1,Good,Good,0
50320,Coodanup,55110,Mandurah,1,Good,Good,0
50321,Coogee (WA),51820,Cockburn,1,Good,Good,0
50322,Cookernup,53990,Harvey,1,Good,Good,0
50323,Cooladar Hill,55810,Mount Magnet,1,Good,Good,0
50324,Coolbellup,51820,Cockburn,1,Good,Good,0
50325,Coolbinia,57910,Stirling,0.9554025,Good,Good,0
50325,Coolbinia,58570,Vincent,0.0445975,Acceptable,Good,0
50326,Coolcalalaya,56790,Northampton,1,Good,Good,0
50327,Coolgardie (WA),51960,Coolgardie,1,Good,Good,0
50328,Cooljarloo,52590,Dandaragan,1,Good,Good,0
50329,Cooloongup,57490,Rockingham,1,Good,Good,0
50330,Coolup,56230,Murray,1,Good,Good,0
50331,Coomalbidgup,53290,Esperance,1,Good,Good,0
50332,Coomberdale,55600,Moora,1,Good,Good,0
50333,Coonabidgee,53570,Gingin,1,Good,Good,0
50334,Coondle,58330,Toodyay,1,Good,Good,0
50335,Coorow,52030,Coorow,1,Good,Good,0
50336,Cooya Pooya,54310,Karratha,1,Good,Good,0
50337,Copley (WA),56730,Northam,1,Good,Good,0
50338,Coral Bay,51540,Carnarvon,1,Good,Good,0
50339,Corinthia,59360,Yilgarn,1,Good,Good,0
50340,Corrigin,52100,Corrigin,1,Good,Good,0
50341,Cosmo Newbery,54970,Laverton,1,Good,Good,0
50342,Cossack (WA),54310,Karratha,1,Good,Good,0
50343,Cottesloe,52170,Cottesloe,1,Good,Good,0
50344,Courtenay,50280,Augusta Margaret River,1,Good,Good,0
50345,Cowalellup,53640,Gnowangerup,1,Good,Good,0
50346,Cowalla,53570,Gingin,1,Good,Good,0
50347,Cowaramup,50280,Augusta Margaret River,1,Good,Good,0
50348,Cowcowing,59330,Wyalkatchem,1,Good,Good,0
50349,Coyrecup,54340,Katanning,1,Good,Good,0
50350,Craigie (WA),54170,Joondalup,1,Good,Good,0
50351,Cramphorne,56370,Narembeen,1,Good,Good,0
50352,Cranbrook (WA),52240,Cranbrook,1,Good,Good,0
50353,Crawley,57080,Perth,1,Acceptable,Good,0
50354,Crooked Brook,52660,Dardanup,1,Good,Good,0
50355,Crossman,50630,Boddington,1,Good,Good,0
50356,Crowea,55180,Manjimup,1,Good,Good,0
50357,Cuballing,52310,Cuballing,1,Good,Good,0
50358,Cubbine,57350,Quairading,1,Good,Good,0
50359,Cue,52380,Cue,1,Good,Good,0
50360,Culham,58330,Toodyay,1,Good,Good,0
50361,Cullacabardee,58050,Swan,1,Good,Good,0
50362,Cullalla,53570,Gingin,1,Good,Good,0
50363,Cundeelee,54280,Kalgoorlie-Boulder,1,Good,Good,0
50364,Cunderdin,52450,Cunderdin,1,Good,Good,0
50365,Cundinup,52870,Donnybrook-Balingup,0.1720749,Good,Good,0
50365,Cundinup,56300,Nannup,0.8279251,Good,Good,0
50366,Cunjardine,53710,Goomalling,1,Good,Good,0
50367,Currambine,54170,Joondalup,1,Good,Good,0
50368,Cuthbert,50080,Albany,1,Good,Good,0
50369,Daadenning Creek,54410,Kellerberrin,1,Good,Good,0
50370,Daggar Hills,55810,Mount Magnet,1,Good,Good,0
50371,Daglish,57980,Subiaco,1,Good,Good,0
50372,Dale,50560,Beverley,1,Good,Good,0
50373,Daliak,59370,York,1,Good,Good,0
50374,Dalkeith,56580,Nedlands,1,Acceptable,Good,0
50375,Dalwallinu,52520,Dalwallinu,1,Good,Good,0
50376,Dalyellup,51400,Capel,1,Good,Good,0
50377,Dalyup,53290,Esperance,1,Good,Good,0
50378,Dampier,54310,Karratha,1,Good,Good,0
50379,Dampier Archipelago,54310,Karratha,1,Good,Good,0
50380,Dampier Peninsula,50980,Broome,0.9999904,Good,Good,0
50380,Dampier Peninsula,52800,Derby-West Kimberley,9.60E-06,Good,Good,1
50381,Dandanning,55950,Mukinbudin,1,Good,Good,0
50382,Dandaragan,52590,Dandaragan,1,Good,Good,0
50383,Dangin,57350,Quairading,1,Good,Good,0
50384,Darch,58760,Wanneroo,1,Good,Good,0
50385,Dardadine,59170,Williams,1,Good,Good,0
50386,Dardanup,52660,Dardanup,1,Good,Good,0
50387,Dardanup West,52660,Dardanup,1,Good,Good,0
50388,Darkan,58890,West Arthur,1,Good,Good,0
50389,Darling Downs,57700,Serpentine-Jarrahdale,1,Good,Good,0
50390,Darlington (WA),56090,Mundaring,1,Good,Good,0
50391,Darradup,56300,Nannup,1,Good,Good,0
50392,Dartmoor (WA),51610,Chapman Valley,1,Good,Good,0
50393,Dartnall,51080,Broomehill-Tambellup,1,Good,Good,0
50394,Datatine,53010,Dumbleyung,1,Good,Good,0
50395,Davenport (WA),51190,Bunbury,1,Good,Good,0
50396,Dawesville,55110,Mandurah,1,Good,Good,0
50397,Dayton,58050,Swan,1,Good,Good,0
50398,De Grey,57280,Port Hedland,1,Good,Good,0
50399,Deanmill,55180,Manjimup,1,Good,Good,0
50400,Deepdale,53800,Greater Geraldton,1,Good,Good,0
50401,Deepdene (WA),50280,Augusta Margaret River,1,Good,Good,0
50402,Denbarker,57210,Plantagenet,1,Good,Good,0
50403,Denham,57770,Shark Bay,1,Good,Good,0
50404,Denmark,52730,Denmark,1,Good,Good,0
50405,Derby (WA),52800,Derby-West Kimberley,1,Good,Good,0
50406,Devils Creek,53800,Greater Geraldton,1,Good,Good,0
50407,Dewars Pool,58330,Toodyay,1,Good,Good,0
50408,Diamond Tree,55180,Manjimup,1,Good,Good,0
50409,Dianella,50420,Bayswater,0.003722,Good,Good,1
50409,Dianella,57910,Stirling,0.996278,Good,Good,0
50410,Dindiloa,51610,Chapman Valley,1,Good,Good,0
50411,Dingup,55180,Manjimup,1,Good,Good,0
50412,Dinninup,50770,Boyup Brook,1,Good,Good,0
50413,Dirk Hartog Island,57770,Shark Bay,1,Good,Good,0
50414,Dixvale,55180,Manjimup,1,Good,Good,0
50415,Djugun,50980,Broome,1,Good,Good,0
50416,Dongara,54060,Irwin,1,Good,Good,0
50417,Dongolocking,53010,Dumbleyung,1,Good,Good,0
50418,Donnelly River,56300,Nannup,1,Good,Good,0
50419,Donnybrook (WA),52870,Donnybrook-Balingup,1,Good,Good,0
50420,Doodenanning,57350,Quairading,1,Good,Good,0
50421,Doodlakine,54410,Kellerberrin,1,Good,Good,0
50422,Dorre Island,51540,Carnarvon,1,Good,Good,0
50423,Doubleview,57910,Stirling,1,Good,Good,0
50424,Dowerin,52940,Dowerin,1,Good,Good,0
50425,Drome,50080,Albany,1,Good,Good,0
50426,Drummond Cove,53800,Greater Geraldton,1,Good,Good,0
50427,Dryandra,52310,Cuballing,1,Good,Good,0
50428,Drysdale River,59340,Wyndham-East Kimberley,1,Good,Good,0
50429,Dudawa,58260,Three Springs,1,Good,Good,0
50430,Dudinin,54760,Kulin,1,Good,Good,0
50431,Dudley Park (WA),55110,Mandurah,1,Good,Good,0
50432,Dukin,54690,Koorda,1,Good,Good,0
50433,Dulbelling,57350,Quairading,1,Good,Good,0
50434,Dulyalbin,59360,Yilgarn,1,Good,Good,0
50435,Dumbarton,58330,Toodyay,1,Good,Good,0
50436,Dumberning,56460,Narrogin,1,Good,Good,0
50437,Dumbleyung,53010,Dumbleyung,1,Good,Good,0
50438,Duncraig,54170,Joondalup,1,Good,Good,0
50439,Dundas (WA),53080,Dundas,1,Good,Good,0
50440,Dunn Rock,54900,Lake Grace,1,Good,Good,0
50441,Dunsborough,51260,Busselton,1,Good,Good,0
50442,Durack (WA),52800,Derby-West Kimberley,6.09E-05,Good,Good,1
50442,Durack (WA),53920,Halls Creek,0.0001219,Good,Good,1
50442,Durack (WA),59340,Wyndham-East Kimberley,0.9998172,Good,Good,0
50443,Duranillin,58890,West Arthur,1,Good,Good,0
50444,Durawah,51610,Chapman Valley,1,Good,Good,0
50445,Dwarda,58680,Wandering,1,Good,Good,0
50446,Dwellingup,56230,Murray,1,Good,Good,0
50447,Eagle Bay,51260,Busselton,1,Good,Good,0
50448,East Augusta,50280,Augusta Margaret River,1,Good,Good,0
50449,East Ballidu,59310,Wongan-Ballidu,1,Good,Good,0
50450,East Beverley,50560,Beverley,1,Good,Good,0
50451,East Bowes,56790,Northampton,1,Good,Good,0
50452,East Bunbury,51190,Bunbury,1,Good,Good,0
50453,East Cannington,51330,Canning,1,Acceptable,Good,0
50454,East Carnarvon,51540,Carnarvon,1,Good,Good,0
50455,East Chapman,53800,Greater Geraldton,1,Good,Good,0
50456,East Damboring,52520,Dalwallinu,1,Good,Good,0
50457,East Fremantle,53150,East Fremantle,1,Good,Good,0
50458,East Lyons River,58470,Upper Gascoyne,1,Good,Good,0
50459,East Munglinup,53290,Esperance,1,Good,Good,0
50460,East Murchison,56160,Murchison,1,Good,Good,0
50461,East Nabawa,51610,Chapman Valley,1,Good,Good,0
50462,East Nannup,56300,Nannup,1,Good,Good,0
50463,East Newdegate,54900,Lake Grace,1,Good,Good,0
50464,East Perth,57080,Perth,0.9826439,Acceptable,Good,0
50464,East Perth,58570,Vincent,0.0173561,Acceptable,Good,0
50465,East Pingelly,57140,Pingelly,1,Good,Good,0
50466,East Popanyinning,52310,Cuballing,1,Good,Good,0
50467,East Rockingham,57490,Rockingham,1,Good,Good,0
50468,East Victoria Park,58510,Victoria Park,1,Good,Good,0
50469,East Wickepin,59100,Wickepin,1,Good,Good,0
50470,East Yuna,51610,Chapman Valley,1,Good,Good,0
50471,Eastbrook,55180,Manjimup,1,Good,Good,0
50472,Eaton (WA),52660,Dardanup,1,Good,Good,0
50473,Eden Hill,50350,Bassendean,1,Good,Good,0
50474,Edgewater,54170,Joondalup,1,Good,Good,0
50475,Eganu,52030,Coorow,1,Good,Good,0
50476,Eglinton (WA),58760,Wanneroo,1,Good,Good,0
50477,Eighty Mile Beach,50980,Broome,1,Good,Good,0
50478,Elabbin,56860,Nungarin,1,Good,Good,0
50479,Elachbutting,59030,Westonia,1,Good,Good,0
50480,Elgin (WA),51400,Capel,1,Good,Good,0
50481,Elleker,50080,Albany,1,Good,Good,0
50482,Ellenbrook,58050,Swan,1,Good,Good,0
50483,Ellendale (WA),53800,Greater Geraldton,1,Good,Good,0
50484,Embleton,50420,Bayswater,1,Good,Good,0
50485,Emu Flat (WA),54280,Kalgoorlie-Boulder,1,Good,Good,0
50486,Emu Point,50080,Albany,1,Good,Good,0
50487,Eneabba,51470,Carnamah,1,Good,Good,0
50488,Ennuin,59360,Yilgarn,1,Good,Good,0
50489,Eradu,53800,Greater Geraldton,1,Good,Good,0
50490,Eradu South,53800,Greater Geraldton,1,Good,Good,0
50491,Erskine (WA),55110,Mandurah,1,Good,Good,0
50492,Esperance,53290,Esperance,1,Good,Good,0
50493,Etmilyn,56230,Murray,1,Good,Good,0
50494,Eucla,53080,Dundas,1,Good,Good,0
50495,Eurardy,56790,Northampton,1,Good,Good,0
50496,Ewlyamartup,54340,Katanning,1,Good,Good,0
50497,Exmouth,53360,Exmouth,1,Good,Good,0
50498,Exmouth Gulf,53360,Exmouth,1,Good,Good,0
50499,Fairbridge,56230,Murray,1,Good,Good,0
50500,Falcon,55110,Mandurah,1,Good,Good,0
50501,Ferguson (WA),52660,Dardanup,1,Good,Good,0
50502,Ferndale (WA),51330,Canning,1,Acceptable,Good,0
50503,Feysville,54280,Kalgoorlie-Boulder,1,Good,Good,0
50504,Fimiston,54280,Kalgoorlie-Boulder,1,Good,Good,0
50505,Finucane,57280,Port Hedland,1,Good,Good,0
50506,Fitzgerald (WA),57420,Ravensthorpe,1,Good,Good,0
50507,Fitzgerald River National Park,54130,Jerramungup,0.9808612,Good,Good,0
50507,Fitzgerald River National Park,57420,Ravensthorpe,0.0191388,Good,Good,0
50508,Fitzroy Crossing,52800,Derby-West Kimberley,1,Good,Good,0
50509,Flint,50560,Beverley,1,Good,Good,0
50510,Floreat,51310,Cambridge,0.8757966,Acceptable,Good,0
50510,Floreat,56580,Nedlands,0.1242034,Acceptable,Good,0
50511,Flynn (WA),59370,York,1,Good,Good,0
50512,Forest Grove (WA),50280,Augusta Margaret River,1,Good,Good,0
50513,Forest Hill (WA),57210,Plantagenet,1,Good,Good,0
50514,Forrest (WA),54280,Kalgoorlie-Boulder,1,Good,Good,0
50515,Forrest Beach (WA),51400,Capel,1,Good,Good,0
50516,Forrestania,54620,Kondinin,1,Good,Good,0
50517,Forrestdale,50210,Armadale,1,Good,Good,0
50518,Forrestfield,54200,Kalamunda,1,Good,Good,0
50519,Fortescue (WA),50250,Ashburton,1,Good,Good,0
50520,Frankland River,52240,Cranbrook,1,Good,Good,0
50521,Fraser Range,53080,Dundas,1,Good,Good,0
50522,Fremantle,53430,Fremantle,1,Good,Good,0
50523,Furnissdale,56230,Murray,1,Good,Good,0
50524,Gabalong,55600,Moora,1,Good,Good,0
50525,Gabbadah,53570,Gingin,1,Good,Good,0
50526,Gabbin,55880,Mount Marshall,1,Good,Good,0
50527,Gairdner,54130,Jerramungup,1,Good,Good,0
50528,Gap Ridge,54310,Karratha,1,Good,Good,0
50529,Garden Island (WA),51820,Cockburn,2.59E-05,Good,Good,1
50529,Garden Island (WA),57490,Rockingham,0.9999741,Good,Good,0
50530,Gascoyne Junction,58470,Upper Gascoyne,1,Good,Good,0
50531,Gascoyne River,58470,Upper Gascoyne,1,Good,Good,0
50532,Geegully Creek,52800,Derby-West Kimberley,1,Good,Good,0
50533,Gelorup,51400,Capel,1,Good,Good,0
50534,Geographe,51260,Busselton,1,Good,Good,0
50535,Georgina (WA),53800,Greater Geraldton,1,Good,Good,0
50536,Geraldton,53800,Greater Geraldton,1,Good,Good,0
50537,Ghooli,59360,Yilgarn,1,Good,Good,0
50538,Gibb,52800,Derby-West Kimberley,0.0001136,Good,Good,1
50538,Gibb,59340,Wyndham-East Kimberley,0.9998864,Good,Good,0
50539,Gibson,53290,Esperance,1,Good,Good,0
50540,Gibson Desert North,53220,East Pilbara,1,Good,Good,0
50541,Gibson Desert South,56620,Ngaanyatjarraku,1,Good,Good,0
50542,Gidgegannup,58050,Swan,1,Good,Good,0
50543,Gilgering,59370,York,1,Good,Good,0
50544,Gillimanning,59100,Wickepin,1,Good,Good,0
50545,Gillingarra,58540,Victoria Plains,1,Good,Good,0
50546,Gilroyd,57770,Shark Bay,1,Good,Good,0
50547,Gingerah,50980,Broome,1,Good,Good,0
50548,Gingin,53570,Gingin,1,Good,Good,0
50549,Ginginup,53570,Gingin,1,Good,Good,0
50550,Girrawheen,58760,Wanneroo,1,Good,Good,0
50551,Gledhow,50080,Albany,1,Good,Good,0
50552,Glen Forrest,56090,Mundaring,1,Good,Good,0
50553,Glen Iris (WA),51190,Bunbury,1,Good,Good,0
50554,Glen Mervyn,52870,Donnybrook-Balingup,1,Good,Good,0
50555,Glencoe (WA),59320,Woodanilling,1,Good,Good,0
50556,Glendalough,57910,Stirling,1,Good,Good,0
50557,Glenfield (WA),53800,Greater Geraldton,1,Good,Good,0
50558,Glenlynn,50840,Bridgetown-Greenbushes,1,Good,Good,0
50559,Glenoran,55180,Manjimup,1,Good,Good,0
50560,Glentromie,58540,Victoria Plains,1,Good,Good,0
50561,Gnangara,58760,Wanneroo,1,Good,Good,0
50562,Gnarabup,50280,Augusta Margaret River,1,Good,Good,0
50563,Gnoorea,54310,Karratha,1,Good,Good,0
50564,Gnowangerup,53640,Gnowangerup,1,Good,Good,0
50565,Gnowellen,50080,Albany,1,Good,Good,0
50566,Golden Bay,57490,Rockingham,1,Good,Good,0
50567,Goode Beach,50080,Albany,1,Good,Good,0
50568,Goodlands,52520,Dalwallinu,0.9996568,Good,Good,0
50568,Goodlands,55880,Mount Marshall,0.0003432,Good,Good,1
50569,Goomalling,53710,Goomalling,1,Good,Good,0
50570,Goomarin,55460,Merredin,1,Good,Good,0
50571,Gooseberry Hill,54200,Kalamunda,1,Good,Good,0
50572,Gorge Rock,52100,Corrigin,1,Good,Good,0
50573,Gorrie,56090,Mundaring,1,Good,Good,0
50574,Gosnells,53780,Gosnells,1,Good,Good,0
50575,Gracetown,50280,Augusta Margaret River,1,Good,Good,0
50576,Granville (WA),53570,Gingin,1,Good,Good,0
50577,Grass Patch,53290,Esperance,1,Good,Good,0
50578,Grass Valley,56730,Northam,1,Good,Good,0
50579,Green Head,52030,Coorow,1,Good,Good,0
50580,Green Range,50080,Albany,1,Good,Good,0
50581,Green Valley (WA),50080,Albany,1,Good,Good,0
50582,Greenbushes,50840,Bridgetown-Greenbushes,1,Good,Good,0
50583,Greenfields,55110,Mandurah,1,Good,Good,0
50584,Greenhills,59370,York,1,Good,Good,0
50585,Greenmount (WA),56090,Mundaring,1,Good,Good,0
50586,Greenough,53800,Greater Geraldton,1,Good,Good,0
50587,Greenwood (WA),54170,Joondalup,1,Good,Good,0
50588,Greenwoods Valley,52450,Cunderdin,1,Good,Good,0
50589,Gregory (WA),56790,Northampton,1,Good,Good,0
50590,Grey,52590,Dandaragan,1,Good,Good,0
50591,Greys Plain,51540,Carnarvon,1,Good,Good,0
50592,Grimwade,52870,Donnybrook-Balingup,1,Good,Good,0
50593,Guilderton,53570,Gingin,1,Good,Good,0
50594,Guildford (WA),58050,Swan,1,Good,Good,0
50595,Gundaring,58610,Wagin,1,Good,Good,0
50596,Gunyidi,52030,Coorow,1,Good,Good,0
50597,Gutha,55670,Morawa,1,Good,Good,0
50598,Gwambygine,59370,York,1,Good,Good,0
50599,Gwelup,57910,Stirling,1,Good,Good,0
50600,Gwindinup,51400,Capel,1,Good,Good,0
50601,Hacketts Gully,54200,Kalamunda,1,Good,Good,0
50602,Halls Creek (WA),53920,Halls Creek,1,Good,Good,0
50603,Halls Head,55110,Mandurah,1,Good,Good,0
50604,Hamel,58820,Waroona,1,Good,Good,0
50605,Hamelin Bay,50280,Augusta Margaret River,1,Good,Good,0
50606,Hamelin Pool,57770,Shark Bay,1,Good,Good,0
50607,Hamersley,57910,Stirling,1,Good,Good,0
50608,Hamersley Range,50250,Ashburton,1,Good,Good,0
50609,Hamilton Hill,51820,Cockburn,1,Good,Good,0
50610,Hammond Park,51820,Cockburn,1,Good,Good,0
50611,Hannans,54280,Kalgoorlie-Boulder,1,Good,Good,0
50612,Harris River,51890,Collie,1,Good,Good,0
50613,Harrisdale,50210,Armadale,1,Good,Good,0
50614,Harrismith,59100,Wickepin,1,Good,Good,0
50615,Harvey,53990,Harvey,1,Good,Good,0
50616,Hastings (WA),58680,Wandering,1,Good,Good,0
50617,Hatter Hill,54900,Lake Grace,1,Good,Good,0
50618,Hay (WA),52730,Denmark,1,Good,Good,0
50619,Haynes,50210,Armadale,1,Good,Good,0
50620,Hazelmere,58050,Swan,1,Good,Good,0
50621,Hazelvale,52730,Denmark,1,Good,Good,0
50622,Heathridge,54170,Joondalup,1,Good,Good,0
50623,Helena Valley,54200,Kalamunda,0.0012144,Good,Good,1
50623,Helena Valley,56090,Mundaring,0.9987856,Good,Good,0
50624,Henderson,51820,Cockburn,1,Good,Good,0
50625,Henley Brook,58050,Swan,1,Good,Good,0
50626,Henty (WA),52660,Dardanup,1,Good,Good,0
50627,Herdsman,57910,Stirling,1,Good,Good,0
50628,Herne Hill (WA),58050,Swan,1,Good,Good,0
50629,Herron,55110,Mandurah,1,Good,Good,0
50630,Hester,50840,Bridgetown-Greenbushes,1,Good,Good,0
50631,Hester Brook,50840,Bridgetown-Greenbushes,1,Good,Good,0
50632,Higginsville,51960,Coolgardie,1,Good,Good,0
50633,High Wycombe,54200,Kalamunda,0.9999992,Good,Good,0
50633,High Wycombe,58050,Swan,8.00E-07,Good,Good,1
50634,Highbury (WA),56460,Narrogin,1,Good,Good,0
50635,Highgate (WA),58570,Vincent,1,Acceptable,Good,0
50636,Hilbert,50210,Armadale,1,Good,Good,0
50637,Hill River (WA),52590,Dandaragan,1,Good,Good,0
50638,Hillarys,54170,Joondalup,1,Good,Good,0
50639,Hillman,57490,Rockingham,1,Good,Good,0
50640,Hillside (WA),56460,Narrogin,1,Good,Good,0
50641,Hilton (WA),53430,Fremantle,1,Good,Good,0
50642,Hindmarsh (WA),52940,Dowerin,1,Good,Good,0
50643,Hines Hill,55460,Merredin,1,Good,Good,0
50644,Hithergreen,51260,Busselton,1,Good,Good,0
50645,Hocking,58760,Wanneroo,1,Good,Good,0
50646,Hoddys Well,58330,Toodyay,1,Good,Good,0
50647,Hoffman,53990,Harvey,1,Good,Good,0
50648,Holleton,59360,Yilgarn,1,Good,Good,0
50649,Holmwood,55530,Mingenew,1,Good,Good,0
50650,Holt Rock,54760,Kulin,1,Good,Good,0
50651,Holyoake,56230,Murray,1,Good,Good,0
50652,Hope Valley (WA),54830,Kwinana,1,Good,Good,0
50653,Hopeland (WA),57700,Serpentine-Jarrahdale,1,Good,Good,0
50654,Hopetoun (WA),57420,Ravensthorpe,1,Good,Good,0
50655,Horrocks,56790,Northampton,1,Good,Good,0
50656,Houtman Abrolhos,53800,Greater Geraldton,1,Good,Good,0
50657,Hovea,56090,Mundaring,1,Good,Good,0
50658,Howatharra,51610,Chapman Valley,1,Good,Good,0
50659,Howick (WA),53290,Esperance,1,Good,Good,0
50660,Hulongine,53710,Goomalling,1,Good,Good,0
50661,Huntingdale (WA),53780,Gosnells,1,Good,Good,0
50662,Hyden,54620,Kondinin,1,Good,Good,0
50663,Ikewa,55530,Mingenew,1,Good,Good,0
50664,Iluka (WA),54170,Joondalup,1,Good,Good,0
50665,Indee,57280,Port Hedland,1,Good,Good,0
50666,Inggarda,51540,Carnarvon,1,Good,Good,0
50667,Inglehope,56230,Murray,1,Good,Good,0
50668,Inglewood (WA),57910,Stirling,1,Good,Good,0
50669,Inkpen,59370,York,1,Good,Good,0
50670,Innaloo,57910,Stirling,1,Good,Good,0
50671,Innawanga,50250,Ashburton,1,Good,Good,0
50672,Irishtown (WA),56730,Northam,1,Good,Good,0
50673,Irrunytju,56620,Ngaanyatjarraku,1,Good,Good,0
50674,Irwin,54060,Irwin,1,Good,Good,0
50675,Israelite Bay,53290,Esperance,1,Good,Good,0
50676,Isseka,56790,Northampton,1,Good,Good,0
50677,Jackitup,53640,Gnowangerup,1,Good,Good,0
50678,Jacup,54130,Jerramungup,1,Good,Good,0
50679,Jalbarragup,56300,Nannup,1,Good,Good,0
50680,Jaloran,58610,Wagin,1,Good,Good,0
50681,Jandabup,58760,Wanneroo,1,Good,Good,0
50682,Jandakot,51820,Cockburn,1,Good,Good,0
50683,Jane Brook,58050,Swan,1,Good,Good,0
50684,Jardee,55180,Manjimup,1,Good,Good,0
50685,Jarlmadangah Burru,52800,Derby-West Kimberley,1,Good,Good,0
50686,Jarrahdale,57700,Serpentine-Jarrahdale,1,Good,Good,0
50687,Jarrahwood,51260,Busselton,1,Good,Good,0
50688,Jelcobine,50910,Brookton,1,Good,Good,0
50689,Jennacubbine,53710,Goomalling,1,Good,Good,0
50690,Jennapullin,56730,Northam,1,Good,Good,0
50691,Jerdacuttup,57420,Ravensthorpe,1,Good,Good,0
50692,Jerramungup,54130,Jerramungup,1,Good,Good,0
50693,Jibberding,52520,Dalwallinu,1,Good,Good,0
50694,Jigalong,53220,East Pilbara,1,Good,Good,0
50695,Jilakin,54760,Kulin,1,Good,Good,0
50696,Jindalee (WA),58760,Wanneroo,1,Good,Good,0
50697,Jindong,51260,Busselton,1,Good,Good,0
50698,Jingalup,54550,Kojonup,1,Good,Good,0
50699,Jitarning,54760,Kulin,1,Good,Good,0
50700,Jolimont,51310,Cambridge,0.1283846,Acceptable,Good,0
50700,Jolimont,57980,Subiaco,0.8716154,Good,Good,0
50701,Joondalup,54170,Joondalup,1,Good,Good,0
50702,Joondanna,57910,Stirling,1,Good,Good,0
50703,Julimar,58330,Toodyay,1,Good,Good,0
50704,Juna Downs,50250,Ashburton,1,Good,Good,0
50705,Jurien Bay,52590,Dandaragan,1,Good,Good,0
50706,Kadathinni,58260,Three Springs,1,Good,Good,0
50707,Kalamunda,54200,Kalamunda,1,Good,Good,0
50708,Kalannie,52520,Dalwallinu,1,Good,Good,0
50709,Kalbarri,56790,Northampton,1,Good,Good,0
50710,Kalbarri National Park,56790,Northampton,1,Good,Good,0
50711,Kalgan,50080,Albany,1,Good,Good,0
50712,Kalgoorlie,54280,Kalgoorlie-Boulder,1,Good,Good,0
50713,Kalgup,51260,Busselton,1,Good,Good,0
50714,Kallaroo,54170,Joondalup,1,Good,Good,0
50715,Kaloorup,51260,Busselton,1,Good,Good,0
50716,Kalumburu,59340,Wyndham-East Kimberley,1,Good,Good,0
50717,Kambalda East,51960,Coolgardie,1,Good,Good,0
50718,Kambalda West,51960,Coolgardie,1,Good,Good,0
50719,Kangaroo Gully,50840,Bridgetown-Greenbushes,1,Good,Good,0
50720,Kanowna,54280,Kalgoorlie-Boulder,1,Good,Good,0
50721,Kanpa,56620,Ngaanyatjarraku,1,Good,Good,0
50722,Karakin,53570,Gingin,1,Good,Good,0
50723,Karalundi,55250,Meekatharra,1,Good,Good,0
50724,Karawara,57840,South Perth,1,Good,Good,0
50725,Kardinya,55320,Melville,1,Good,Good,0
50726,Karijini,50250,Ashburton,1,Good,Good,0
50727,Karlgarin,54620,Kondinin,1,Good,Good,0
50728,Karlkurla,54280,Kalgoorlie-Boulder,1,Good,Good,0
50729,Karloning,55950,Mukinbudin,1,Good,Good,0
50730,Karloo,53800,Greater Geraldton,1,Good,Good,0
50731,Karnup,57490,Rockingham,1,Good,Good,0
50732,Karragullen,50210,Armadale,1,Good,Good,0
50733,Karrakatta,56580,Nedlands,1,Acceptable,Good,0
50734,Karrakup,57700,Serpentine-Jarrahdale,1,Good,Good,0
50735,Karramindie,51960,Coolgardie,1,Good,Good,0
50736,Karranadgin,53710,Goomalling,1,Good,Good,0
50737,Karratha,54310,Karratha,1,Good,Good,0
50738,Karratha Industrial Estate,54310,Karratha,1,Good,Good,0
50739,Karridale,50280,Augusta Margaret River,1,Good,Good,0
50740,Karrinyup,57910,Stirling,1,Good,Good,0
50741,Karroun Hill,55880,Mount Marshall,1,Good,Good,0
50742,Katanning,54340,Katanning,1,Good,Good,0
50743,Katrine,56730,Northam,1,Good,Good,0
50744,Kauring,59370,York,1,Good,Good,0
50745,Kealy,51260,Busselton,1,Good,Good,0
50746,Kebaringup,53640,Gnowangerup,1,Good,Good,0
50747,Kellerberrin,54410,Kellerberrin,1,Good,Good,0
50748,Kelmscott,50210,Armadale,1,Good,Good,0
50749,Kendenup,57210,Plantagenet,1,Good,Good,0
50750,Kenmare (WA),59320,Woodanilling,1,Good,Good,0
50751,Kennedy Range,51540,Carnarvon,1,Good,Good,0
50752,Kensington (WA),57840,South Perth,0.9887517,Good,Good,0
50752,Kensington (WA),58510,Victoria Park,0.0112483,Good,Good,0
50753,Kentdale,52730,Denmark,1,Good,Good,0
50754,Kenwick,53780,Gosnells,1,Good,Good,0
50755,Keralup,57490,Rockingham,1,Good,Good,0
50756,Kewdale,50490,Belmont,0.9999973,Good,Good,0
50756,Kewdale,54200,Kalamunda,2.70E-06,Good,Good,1
50757,Keysbrook,56230,Murray,0.254694,Good,Good,0
50757,Keysbrook,57700,Serpentine-Jarrahdale,0.745306,Good,Good,0
50758,Kiara,58050,Swan,1,Good,Good,0
50759,Kimbolton (WA),52800,Derby-West Kimberley,1,Good,Good,0
50760,King Leopold Ranges,52800,Derby-West Kimberley,1,Good,Good,0
50761,King River,50080,Albany,1,Good,Good,0
50762,Kings Park (WA),57080,Perth,1,Acceptable,Good,0
50763,Kingsford (WA),51540,Carnarvon,1,Good,Good,0
50764,Kingsley,54170,Joondalup,1,Good,Good,0
50765,Kingston (WA),50840,Bridgetown-Greenbushes,1,Good,Good,0
50766,Kinross,54170,Joondalup,1,Good,Good,0
50767,Kirk Rock,59100,Wickepin,1,Good,Good,0
50768,Kirup,52870,Donnybrook-Balingup,1,Good,Good,0
50769,Kojaneerup South,50080,Albany,1,Good,Good,0
50770,Kojarena,53800,Greater Geraldton,1,Good,Good,0
50771,Kojonup,54550,Kojonup,1,Good,Good,0
50772,Kokeby,50560,Beverley,1,Good,Good,0
50773,Kondinin,54620,Kondinin,1,Good,Good,0
50774,Kondut,59310,Wongan-Ballidu,1,Good,Good,0
50775,Konnongorring,53710,Goomalling,1,Good,Good,0
50776,Koojan,55600,Moora,1,Good,Good,0
50777,Kookynie,55390,Menzies,1,Good,Good,0
50778,Koolanooka,55670,Morawa,1,Good,Good,0
50779,Koolyanobbing,59360,Yilgarn,1,Good,Good,0
50780,Koomberkine,52940,Dowerin,1,Good,Good,0
50781,Koondoola,58760,Wanneroo,1,Good,Good,0
50782,Koongamia,58050,Swan,1,Good,Good,0
50783,Koorda,54690,Koorda,1,Good,Good,0
50784,Korbel,55460,Merredin,1,Good,Good,0
50785,Kordabup,52730,Denmark,1,Good,Good,0
50786,Korrelocking,59330,Wyalkatchem,1,Good,Good,0
50787,Kronkup,50080,Albany,1,Good,Good,0
50788,Kudardup,50280,Augusta Margaret River,1,Good,Good,0
50789,Kuender,54900,Lake Grace,1,Good,Good,0
50790,Kukerin,53010,Dumbleyung,1,Good,Good,0
50791,Kulikup,50770,Boyup Brook,1,Good,Good,0
50792,Kulin,54760,Kulin,1,Good,Good,0
50793,Kulin West,54760,Kulin,1,Good,Good,0
50794,Kulja,54690,Koorda,1,Good,Good,0
50795,Kumarina,55250,Meekatharra,1,Good,Good,0
50796,Kundat Djaru,53920,Halls Creek,1,Good,Good,0
50797,Kunjin,52100,Corrigin,1,Good,Good,0
50798,Kununoppin,58400,Trayning,1,Good,Good,0
50799,Kununurra,59340,Wyndham-East Kimberley,1,Good,Good,0
50800,Kupartiya,53920,Halls Creek,1,Good,Good,0
50801,Kurnalpi,54280,Kalgoorlie-Boulder,1,Good,Good,0
50802,Kurrenkutten,52100,Corrigin,1,Good,Good,0
50803,Kweda,50910,Brookton,1,Good,Good,0
50804,Kwelkan,56860,Nungarin,1,Good,Good,0
50805,Kwinana Beach,54830,Kwinana,1,Good,Good,0
50806,Kwinana Town Centre,54830,Kwinana,1,Good,Good,0
50807,Kwolyin,51120,Bruce Rock,1,Good,Good,0
50808,Lagrange,50980,Broome,1,Good,Good,0
50809,Lake Argyle,53920,Halls Creek,5.00E-05,Good,Good,1
50809,Lake Argyle,59340,Wyndham-East Kimberley,0.99995,Good,Good,0
50810,Lake Austin,52380,Cue,1,Good,Good,0
50811,Lake Biddy,54900,Lake Grace,1,Good,Good,0
50812,Lake Brown,55950,Mukinbudin,1,Good,Good,0
50813,Lake Camm,54900,Lake Grace,1,Good,Good,0
50814,Lake Carnegie,59250,Wiluna,1,Good,Good,0
50815,Lake Clifton,58820,Waroona,1,Good,Good,0
50816,Lake Coogee,51820,Cockburn,1,Good,Good,0
50817,Lake Darlot,55040,Leonora,1,Good,Good,0
50818,Lake Deborah,59360,Yilgarn,1,Good,Good,0
50819,Lake Grace,54900,Lake Grace,1,Good,Good,0
50820,Lake Hinds,59310,Wongan-Ballidu,1,Good,Good,0
50821,Lake Jasper,56300,Nannup,1,Good,Good,0
50822,Lake King,54900,Lake Grace,1,Good,Good,0
50823,Lake Margarette,54690,Koorda,1,Good,Good,0
50824,Lake Muir,55180,Manjimup,1,Good,Good,0
50825,Lake Ninan,59310,Wongan-Ballidu,1,Good,Good,0
50826,Lake Toolbrunup,51080,Broomehill-Tambellup,1,Good,Good,0
50827,Lake Wells,54970,Laverton,1,Good,Good,0
50828,Lakelands (WA),55110,Mandurah,1,Good,Good,0
50829,Lamington (WA),54280,Kalgoorlie-Boulder,1,Good,Good,0
50830,Lancelin,53570,Gingin,1,Good,Good,0
50831,Landsdale,58760,Wanneroo,1,Good,Good,0
50832,Lange,50080,Albany,1,Good,Good,0
50833,Langford,53780,Gosnells,1,Good,Good,0
50834,Latham (WA),57000,Perenjori,1,Good,Good,0
50835,Lathlain,58510,Victoria Park,1,Good,Good,0
50836,Laverton (WA),54970,Laverton,1,Good,Good,0
50837,Learmonth (WA),53360,Exmouth,1,Good,Good,0
50838,Leda,54830,Kwinana,1,Good,Good,0
50839,Ledge Point,53570,Gingin,1,Good,Good,0
50840,Leederville,58570,Vincent,1,Acceptable,Good,0
50841,Leeman,51470,Carnamah,2.84E-05,Good,Good,1
50841,Leeman,52030,Coorow,0.9999716,Good,Good,0
50842,Leeming,51330,Canning,0.0467078,Acceptable,Good,0
50842,Leeming,51820,Cockburn,0.1924447,Good,Good,0
50842,Leeming,55320,Melville,0.7608475,Good,Good,0
50843,Leeuwin,50280,Augusta Margaret River,1,Good,Good,0
50844,Leinster,55040,Leonora,1,Good,Good,0
50845,Lennard Brook,53570,Gingin,1,Good,Good,0
50846,Leonora,55040,Leonora,1,Good,Good,0
50847,Leschenault,53990,Harvey,1,Good,Good,0
50848,Lesley,50210,Armadale,1,Good,Good,0
50849,Lesmurdie,54200,Kalamunda,1,Good,Good,0
50850,Lexia,58050,Swan,1,Good,Good,0
50851,Lime Lake,58610,Wagin,1,Good,Good,0
50852,Linfarne,55180,Manjimup,1,Good,Good,0
50853,Little Grove,50080,Albany,1,Good,Good,0
50854,Little Italy,54760,Kulin,1,Good,Good,0
50855,Little Sandy Desert,59250,Wiluna,1,Good,Good,0
50856,Lockier,55530,Mingenew,1,Good,Good,0
50857,Lockridge,58050,Swan,1,Good,Good,0
50858,Lockyer (WA),50080,Albany,1,Good,Good,0
50859,Lol Gray,52310,Cuballing,1,Good,Good,0
50860,Londonderry (WA),51960,Coolgardie,1,Good,Good,0
50861,Lort River,53290,Esperance,1,Good,Good,0
50862,Lowden,52870,Donnybrook-Balingup,1,Good,Good,0
50863,Lower Chittering,51680,Chittering,1,Good,Good,0
50864,Lower Hotham,50630,Boddington,1,Good,Good,0
50865,Lower King,50080,Albany,1,Good,Good,0
50866,Lowlands,50080,Albany,1,Good,Good,0
50867,Ludlow,51260,Busselton,0.7438798,Good,Good,0
50867,Ludlow,51400,Capel,0.2561202,Good,Good,0
50868,Lumeah (WA),54550,Kojonup,1,Good,Good,0
50869,Lyalls Mill,51890,Collie,1,Good,Good,0
50870,Lyndon,51540,Carnarvon,1,Good,Good,0
50871,Lynwood (WA),51330,Canning,1,Acceptable,Good,0
50872,Macleod (WA),51540,Carnarvon,1,Good,Good,0
50873,Maddington,53780,Gosnells,1,Good,Good,0
50874,Madeley,58760,Wanneroo,1,Good,Good,0
50875,Madora Bay,55110,Mandurah,1,Good,Good,0
50876,Madura,53080,Dundas,1,Good,Good,0
50877,Magenta (WA),54900,Lake Grace,1,Good,Good,0
50878,Magitup,53640,Gnowangerup,1,Good,Good,0
50879,Mahogany Creek,56090,Mundaring,1,Good,Good,0
50880,Mahomets Flats,53800,Greater Geraldton,1,Good,Good,0
50881,Maida Vale,54200,Kalamunda,1,Good,Good,0
50882,Maitland (WA),54310,Karratha,1,Good,Good,0
50883,Malabaine,56730,Northam,1,Good,Good,0
50884,Malaga,58050,Swan,1,Good,Good,0
50885,Malebelling,59370,York,1,Good,Good,0
50886,Mallee Hill,54900,Lake Grace,1,Good,Good,0
50887,Malmalling,56090,Mundaring,1,Good,Good,0
50888,Malyalling,59100,Wickepin,1,Good,Good,0
50889,Mandogalup,54830,Kwinana,1,Good,Good,0
50890,Mandurah,55110,Mandurah,1,Good,Good,0
50891,Manjimup,55180,Manjimup,1,Good,Good,0
50892,Manmanning,52940,Dowerin,1,Good,Good,0
50893,Manning,57840,South Perth,1,Good,Good,0
50894,Mantamaru,56620,Ngaanyatjarraku,1,Good,Good,0
50895,Manypeaks,50080,Albany,1,Good,Good,0
50896,Marangaroo,58760,Wanneroo,1,Good,Good,0
50897,Maranup,50840,Bridgetown-Greenbushes,1,Good,Good,0
50898,Marbelup,50080,Albany,1,Good,Good,0
50899,Marble Bar,53220,East Pilbara,0.9367519,Good,Good,0
50899,Marble Bar,57280,Port Hedland,0.0632481,Good,Good,0
50900,Marchagee,52030,Coorow,1,Good,Good,0
50901,Mardella,57700,Serpentine-Jarrahdale,1,Good,Good,0
50902,Mardie,50250,Ashburton,6.56E-05,Good,Good,1
50902,Mardie,54310,Karratha,0.9999344,Good,Good,0
50903,Margaret River (WA),50280,Augusta Margaret River,1,Good,Good,0
50904,Mariginiup,58760,Wanneroo,1,Good,Good,0
50905,Marmion,54170,Joondalup,1,Good,Good,0
50906,Marne,52520,Dalwallinu,1,Good,Good,0
50907,Marracoonda,54340,Katanning,1,Good,Good,0
50908,Marradong,50630,Boddington,1,Good,Good,0
50909,Marrah,51610,Chapman Valley,1,Good,Good,0
50910,Marrinup,56230,Murray,1,Good,Good,0
50911,Martin,53780,Gosnells,1,Good,Good,0
50912,Marvel Loch,59360,Yilgarn,1,Good,Good,0
50913,Marybrook,51260,Busselton,1,Good,Good,0
50914,Massey Bay,51540,Carnarvon,1,Good,Good,0
50915,Maya,57000,Perenjori,1,Good,Good,0
50916,Mayanup,50770,Boyup Brook,1,Good,Good,0
50917,Maylands (WA),50420,Bayswater,1,Good,Good,0
50918,McAlinden,50770,Boyup Brook,1,Good,Good,0
50919,McBeath,53920,Halls Creek,1,Good,Good,0
50920,McKail,50080,Albany,1,Good,Good,0
50921,Meadow,57770,Shark Bay,1,Good,Good,0
50922,Meadow Springs,55110,Mandurah,1,Good,Good,0
50923,Meckering,52450,Cunderdin,1,Good,Good,0
50924,Meda,52800,Derby-West Kimberley,1,Good,Good,0
50925,Medina,54830,Kwinana,1,Good,Good,0
50926,Meekatharra,55250,Meekatharra,1,Good,Good,0
50927,Meeking,59170,Williams,1,Good,Good,0
50928,Meelon,56230,Murray,1,Good,Good,0
50929,Meenaar,56730,Northam,1,Good,Good,0
50930,Meerup,55180,Manjimup,1,Good,Good,0
50931,Melaleuca,58050,Swan,1,Good,Good,0
50932,Melville (WA),55320,Melville,1,Good,Good,0
50933,Menora,57910,Stirling,1,Good,Good,0
50934,Menzies (WA),55390,Menzies,1,Good,Good,0
50935,Merilup,53010,Dumbleyung,1,Good,Good,0
50936,Merivale,53290,Esperance,1,Good,Good,0
50937,Merkanooka,55670,Morawa,1,Good,Good,0
50938,Merredin,55460,Merredin,1,Good,Good,0
50939,Merriwa (WA),58760,Wanneroo,1,Good,Good,0
50940,Meru,53800,Greater Geraldton,1,Good,Good,0
50941,Metricup,51260,Busselton,1,Good,Good,0
50942,Mettler,50080,Albany,1,Good,Good,0
50943,Miamoon,52520,Dalwallinu,1,Good,Good,0
50944,Middle Swan,58050,Swan,1,Good,Good,0
50945,Middlesex (WA),55180,Manjimup,1,Good,Good,0
50946,Middleton Beach,50080,Albany,1,Good,Good,0
50947,Midland,58050,Swan,1,Good,Good,0
50948,Midvale,56090,Mundaring,0.3538367,Good,Good,0
50948,Midvale,58050,Swan,0.6461633,Good,Good,0
50949,Miling,55600,Moora,1,Good,Good,0
50950,Millars Well,54310,Karratha,1,Good,Good,0
50951,Millbridge,52660,Dardanup,1,Good,Good,0
50952,Millbrook (WA),50080,Albany,1,Good,Good,0
50953,Millendon,58050,Swan,1,Good,Good,0
50954,Mills Lake,53640,Gnowangerup,1,Good,Good,0
50955,Millstream (WA),50250,Ashburton,1,Good,Good,0
50956,Milo,54060,Irwin,1,Good,Good,0
50957,Milpara,50080,Albany,1,Good,Good,0
50958,Mimegarra,52590,Dandaragan,1,Good,Good,0
50959,Mindarabin,53640,Gnowangerup,1,Good,Good,0
50960,Mindarie (WA),58760,Wanneroo,1,Good,Good,0
50961,Mindarra,53570,Gingin,1,Good,Good,0
50962,Minding,58610,Wagin,1,Good,Good,0
50963,Mingenew,55530,Mingenew,1,Good,Good,0
50964,Minigin,56460,Narrogin,1,Good,Good,0
50965,Minilya,51540,Carnarvon,1,Good,Good,0
50966,Minnenooka,53800,Greater Geraldton,1,Good,Good,0
50967,Minnivale,52940,Dowerin,1,Good,Good,0
50968,Minyirr,50980,Broome,1,Good,Good,0
50969,Mira Mar,50080,Albany,1,Good,Good,0
50970,Mirrabooka (WA),57910,Stirling,1,Good,Good,0
50971,Mitchell Plateau,59340,Wyndham-East Kimberley,1,Good,Good,0
50972,Mobrup,54550,Kojonup,1,Good,Good,0
50973,Mocardy,59310,Wongan-Ballidu,1,Good,Good,0
50974,Mogumber,58540,Victoria Plains,1,Good,Good,0
50975,Mokine,56730,Northam,1,Good,Good,0
50976,Mokup,58890,West Arthur,1,Good,Good,0
50977,Mollerin,54690,Koorda,1,Good,Good,0
50978,Molloy Island,50280,Augusta Margaret River,1,Good,Good,0
50979,Monjebup,53640,Gnowangerup,1,Good,Good,0
50980,Monjingup,53290,Esperance,1,Good,Good,0
50981,Moodiarrup,58890,West Arthur,1,Good,Good,0
50982,Moojebing,54340,Katanning,1,Good,Good,0
50983,Mooliabeenee,51680,Chittering,1,Good,Good,0
50984,Moondah,53570,Gingin,1,Good,Good,0
50985,Moondyne,58330,Toodyay,1,Good,Good,0
50986,Moonies Hill,51080,Broomehill-Tambellup,1,Good,Good,0
50987,Moonyoonooka,53800,Greater Geraldton,1,Good,Good,0
50988,Moora (WA),55600,Moora,1,Good,Good,0
50989,Moore River National Park,53570,Gingin,1,Good,Good,0
50990,Mooriary,55530,Mingenew,1,Good,Good,0
50991,Moorine Rock,59360,Yilgarn,1,Good,Good,0
50992,Morangup,58330,Toodyay,1,Good,Good,0
50993,Morawa,55670,Morawa,1,Good,Good,0
50994,Morbinning,50560,Beverley,1,Good,Good,0
50995,Mordalup,55180,Manjimup,1,Good,Good,0
50996,Moresby (WA),53800,Greater Geraldton,1,Good,Good,0
50997,Morgantown,51540,Carnarvon,1,Good,Good,0
50998,Morley,50420,Bayswater,1,Good,Good,0
50999,Mornington (WA),51890,Collie,0.0004752,Good,Good,1
50999,Mornington (WA),53990,Harvey,0.9995248,Good,Good,0
51000,Mosman Park (WA),55740,Mosman Park,1,Good,Good,0
51001,Moulyinning,53010,Dumbleyung,1,Good,Good,0
51002,Mount Adams,54060,Irwin,1,Good,Good,0
51003,Mount Anketell,54310,Karratha,1,Good,Good,0
51004,Mount Barker (WA),57210,Plantagenet,1,Good,Good,0
51005,Mount Budd,55530,Mingenew,1,Good,Good,0
51006,Mount Burges,51960,Coolgardie,1,Good,Good,0
51007,Mount Caroline,54410,Kellerberrin,1,Good,Good,0
51008,Mount Claremont,51310,Cambridge,0.098923,Acceptable,Good,0
51008,Mount Claremont,56580,Nedlands,0.901077,Acceptable,Good,0
51009,Mount Clarence,50080,Albany,1,Good,Good,0
51010,Mount Elphinstone,50080,Albany,1,Good,Good,0
51011,Mount Erin,51610,Chapman Valley,1,Good,Good,0
51012,Mount Hampton,59360,Yilgarn,1,Good,Good,0
51013,Mount Hardey,59370,York,1,Good,Good,0
51014,Mount Hardman,52800,Derby-West Kimberley,1,Good,Good,0
51015,Mount Hawthorn,58570,Vincent,1,Acceptable,Good,0
51016,Mount Helena,56090,Mundaring,1,Good,Good,0
51017,Mount Hill,53800,Greater Geraldton,1,Good,Good,0
51018,Mount Holland,59360,Yilgarn,1,Good,Good,0
51019,Mount Horner,54060,Irwin,1,Good,Good,0
51020,Mount Jackson,59360,Yilgarn,1,Good,Good,0
51021,Mount Lawley,50420,Bayswater,0.0753243,Good,Good,0
51021,Mount Lawley,57910,Stirling,0.6281305,Good,Good,0
51021,Mount Lawley,58570,Vincent,0.2965452,Acceptable,Good,0
51022,Mount Lindesay (WA),52730,Denmark,1,Good,Good,0
51023,Mount Madden,54900,Lake Grace,1,Good,Good,0
51024,Mount Magnet,55810,Mount Magnet,1,Good,Good,0
51025,Mount Melville,50080,Albany,1,Good,Good,0
51026,Mount Nasura,50210,Armadale,1,Good,Good,0
51027,Mount Ney,53290,Esperance,1,Good,Good,0
51028,Mount Observation (WA),59370,York,1,Good,Good,0
51029,Mount Palmer,59360,Yilgarn,1,Good,Good,0
51030,Mount Pleasant (WA),55320,Melville,1,Good,Good,0
51031,Mount Richon,50210,Armadale,1,Good,Good,0
51032,Mount Romance,52730,Denmark,1,Good,Good,0
51033,Mount Sheila,50250,Ashburton,1,Good,Good,0
51034,Mount Sheridan (WA),54900,Lake Grace,1,Good,Good,0
51035,Mount Stirling,57350,Quairading,1,Good,Good,0
51036,Mount Tarcoola,53800,Greater Geraldton,1,Good,Good,0
51037,Mount Walker (WA),56370,Narembeen,1,Good,Good,0
51038,Mount Wells,50630,Boddington,1,Good,Good,0
51039,Mouroubra,55880,Mount Marshall,1,Good,Good,0
51040,Muchea,51680,Chittering,1,Good,Good,0
51041,Muckenburra,53570,Gingin,1,Good,Good,0
51042,Mueller Ranges,52800,Derby-West Kimberley,0.0801248,Good,Good,0
51042,Mueller Ranges,53920,Halls Creek,0.9198752,Good,Good,0
51043,Muja,51890,Collie,1,Good,Good,0
51044,Mukinbudin,55950,Mukinbudin,1,Good,Good,0
51045,Mulataga,54310,Karratha,1,Good,Good,0
51046,Mulga Downs,50250,Ashburton,1,Good,Good,0
51047,Mullaloo,54170,Joondalup,1,Good,Good,0
51048,Mullalyup,52870,Donnybrook-Balingup,1,Good,Good,0
51049,Mullewa,53800,Greater Geraldton,1,Good,Good,0
51050,Mullingar,54280,Kalgoorlie-Boulder,1,Good,Good,0
51051,Muluckine,56730,Northam,1,Good,Good,0
51052,Mumballup,52870,Donnybrook-Balingup,1,Good,Good,0
51053,Mumberkine,53710,Goomalling,1,Good,Good,0
51054,Mundabullangana,57280,Port Hedland,1,Good,Good,0
51055,Mundaring,56090,Mundaring,1,Good,Good,0
51056,Mundijong,57700,Serpentine-Jarrahdale,1,Good,Good,0
51057,Mundrabilla,53080,Dundas,1,Good,Good,0
51058,Mungalup,51890,Collie,1,Good,Good,0
51059,Munglinup,57420,Ravensthorpe,1,Good,Good,0
51060,Munster,51820,Cockburn,1,Good,Good,0
51061,Muntadgin,55460,Merredin,1,Good,Good,0
51062,Muradup,54550,Kojonup,1,Good,Good,0
51063,Murchison (WA),56160,Murchison,1,Good,Good,0
51064,Murdoch,55320,Melville,1,Good,Good,0
51065,Murdong,54340,Katanning,1,Good,Good,0
51066,Muresk,56730,Northam,1,Good,Good,0
51067,Myalup,53990,Harvey,1,Good,Good,0
51068,Myara,56230,Murray,1,Good,Good,0
51069,Myaree,55320,Melville,1,Good,Good,0
51070,Myrup,53290,Esperance,1,Good,Good,0
51071,Nabawa,51610,Chapman Valley,1,Good,Good,0
51072,Nairibin,53010,Dumbleyung,1,Good,Good,0
51073,Nalkain,59330,Wyalkatchem,1,Good,Good,0
51074,Nalyerlup,53640,Gnowangerup,1,Good,Good,0
51075,Namban,55600,Moora,1,Good,Good,0
51076,Nambeelup,56230,Murray,1,Good,Good,0
51077,Nambung,52590,Dandaragan,1,Good,Good,0
51078,Nanarup,50080,Albany,1,Good,Good,0
51079,Nanga,57770,Shark Bay,1,Good,Good,0
51080,Nanga Brook,58820,Waroona,1,Good,Good,0
51081,Nangeenan,55460,Merredin,1,Good,Good,0
51082,Nangetty,55530,Mingenew,1,Good,Good,0
51083,Nannup,56300,Nannup,1,Good,Good,0
51084,Nanson,51610,Chapman Valley,1,Good,Good,0
51085,Nanutarra,50250,Ashburton,1,Good,Good,0
51086,Napier,50080,Albany,1,Good,Good,0
51087,Naraling,51610,Chapman Valley,1,Good,Good,0
51088,Narembeen,56370,Narembeen,1,Good,Good,0
51089,Narngulu,53800,Greater Geraldton,1,Good,Good,0
51090,Narra Tarra,51610,Chapman Valley,1,Good,Good,0
51091,Narraloggan,59370,York,1,Good,Good,0
51092,Narrikup,57210,Plantagenet,1,Good,Good,0
51093,Narrogin,56460,Narrogin,1,Good,Good,0
51094,Narrogin Valley,56460,Narrogin,1,Good,Good,0
51095,Naturaliste,51260,Busselton,1,Good,Good,0
51096,Naval Base,54830,Kwinana,1,Good,Good,0
51097,Neale,54970,Laverton,1,Good,Good,0
51098,Nedlands,56580,Nedlands,0.9198139,Acceptable,Good,0
51098,Nedlands,57080,Perth,0.0801861,Acceptable,Good,0
51099,Needilup,54130,Jerramungup,1,Good,Good,0
51100,Neendaling,54900,Lake Grace,1,Good,Good,0
51101,Neerabup,58760,Wanneroo,1,Good,Good,0
51102,Neergabby,53570,Gingin,1,Good,Good,0
51103,Nembudding,59330,Wyalkatchem,1,Good,Good,0
51104,Neridup,53290,Esperance,1,Good,Good,0
51105,Nerramyne,56160,Murchison,1,Good,Good,0
51106,Nerren Nerren,57770,Shark Bay,1,Good,Good,0
51107,New Norcia,58540,Victoria Plains,1,Good,Good,0
51108,Newcarlbeon,54690,Koorda,1,Good,Good,0
51109,Newdegate,54900,Lake Grace,1,Good,Good,0
51110,Newlands (WA),52870,Donnybrook-Balingup,1,Good,Good,0
51111,Newman,53220,East Pilbara,1,Good,Good,0
51112,Ngaanyatjarra-Giles,56620,Ngaanyatjarraku,1,Good,Good,0
51113,Nickol,54310,Karratha,1,Good,Good,0
51114,Nilgen,53570,Gingin,1,Good,Good,0
51115,Nillup,50280,Augusta Margaret River,1,Good,Good,0
51116,Ningaloo,53360,Exmouth,1,Good,Good,0
51117,Nippering,53010,Dumbleyung,1,Good,Good,0
51118,Nirimba (WA),56230,Murray,1,Good,Good,0
51119,Noggerup,52870,Donnybrook-Balingup,1,Good,Good,0
51120,Nokaning,55460,Merredin,1,Good,Good,0
51121,Nolba,51610,Chapman Valley,1,Good,Good,0
51122,Nollamara,57910,Stirling,1,Good,Good,0
51123,Nomans Lake,56460,Narrogin,1,Good,Good,0
51124,Noranda,50420,Bayswater,1,Good,Good,0
51125,Nornalup,52730,Denmark,1,Good,Good,0
51126,Norpa,55460,Merredin,1,Good,Good,0
51127,Norseman,53080,Dundas,1,Good,Good,0
51128,North Baandee,54410,Kellerberrin,1,Good,Good,0
51129,North Bannister,58680,Wandering,1,Good,Good,0
51130,North Beach (WA),57910,Stirling,1,Good,Good,0
51131,North Bodallin,59360,Yilgarn,1,Good,Good,0
51132,North Boyanup,51400,Capel,1,Good,Good,0
51133,North Burngup,54900,Lake Grace,1,Good,Good,0
51134,North Cascade,53290,Esperance,1,Good,Good,0
51135,North Coogee,51820,Cockburn,1,Good,Good,0
51136,North Dandalup,56230,Murray,1,Good,Good,0
51137,North Eradu,51610,Chapman Valley,1,Good,Good,0
51138,North Fremantle,53430,Fremantle,1,Good,Good,0
51139,North Greenbushes,50840,Bridgetown-Greenbushes,1,Good,Good,0
51140,North Jindong,51260,Busselton,1,Good,Good,0
51141,North Kellerberrin,54410,Kellerberrin,1,Good,Good,0
51142,North Kukerin,53010,Dumbleyung,1,Good,Good,0
51143,North Kununoppin,58400,Trayning,1,Good,Good,0
51144,North Lake,51820,Cockburn,1,Good,Good,0
51145,North Lake Grace,54900,Lake Grace,1,Good,Good,0
51146,North Moulyinning,53010,Dumbleyung,1,Good,Good,0
51147,North Perth,58570,Vincent,1,Acceptable,Good,0
51148,North Plantations,51540,Carnarvon,1,Good,Good,0
51149,North Stirlings,53640,Gnowangerup,1,Good,Good,0
51150,North Tammin,58190,Tammin,1,Good,Good,0
51151,North Trayning,58400,Trayning,1,Good,Good,0
51152,North Walpole,55180,Manjimup,1,Good,Good,0
51153,North West Cape,53360,Exmouth,1,Good,Good,0
51154,North Wialki,55950,Mukinbudin,1,Good,Good,0
51155,North Yelbeni,58400,Trayning,1,Good,Good,0
51156,North Yunderup,56230,Murray,1,Good,Good,0
51157,Northam,56730,Northam,1,Good,Good,0
51158,Northampton,56790,Northampton,1,Good,Good,0
51159,Northbridge (WA),57080,Perth,1,Acceptable,Good,0
51160,Northcliffe,55180,Manjimup,1,Good,Good,0
51161,Northern Gully,53800,Greater Geraldton,1,Good,Good,0
51162,Nowergup,58760,Wanneroo,1,Good,Good,0
51163,Nugadong,52520,Dalwallinu,1,Good,Good,0
51164,Nukarni,55460,Merredin,1,Good,Good,0
51165,Nullagine,53220,East Pilbara,1,Good,Good,0
51166,Nullaki,50080,Albany,1,Good,Good,0
51167,Nulsen,53290,Esperance,1,Good,Good,0
51168,Nungarin,56860,Nungarin,1,Good,Good,0
51169,Nunierra,53800,Greater Geraldton,1,Good,Good,0
51170,Nunile,58330,Toodyay,1,Good,Good,0
51171,Nyabing,54480,Kent,1,Good,Good,0
51172,O'Connor (WA),53430,Fremantle,1,Good,Good,0
51173,Oakajee,51610,Chapman Valley,1,Good,Good,0
51174,Oakford,57700,Serpentine-Jarrahdale,1,Good,Good,0
51175,Ocean Beach,52730,Denmark,1,Good,Good,0
51176,Ocean Reef,54170,Joondalup,1,Good,Good,0
51177,Ogilvie,56790,Northampton,1,Good,Good,0
51178,Old Plains,58540,Victoria Plains,1,Good,Good,0
51179,Oldbury,57700,Serpentine-Jarrahdale,1,Good,Good,0
51180,Ongerup,53640,Gnowangerup,1,Good,Good,0
51181,Onslow,50250,Ashburton,1,Good,Good,0
51182,Oombulgurri,59340,Wyndham-East Kimberley,1,Good,Good,0
51183,Ora Banda,54280,Kalgoorlie-Boulder,1,Good,Good,0
51184,Orana,50080,Albany,1,Good,Good,0
51185,Orange Grove (WA),53780,Gosnells,1,Good,Good,0
51186,Orange Springs,53570,Gingin,1,Good,Good,0
51187,Orchid Valley,54550,Kojonup,1,Good,Good,0
51188,Ord River,53920,Halls Creek,0.9999342,Good,Good,0
51188,Ord River,59340,Wyndham-East Kimberley,6.58E-05,Good,Good,1
51189,Orelia,54830,Kwinana,1,Good,Good,0
51190,Osborne Park,57910,Stirling,0.9999978,Good,Good,0
51190,Osborne Park,58570,Vincent,2.20E-06,Acceptable,Good,1
51191,Osmington,50280,Augusta Margaret River,1,Good,Good,0
51192,Padbury,54170,Joondalup,1,Good,Good,0
51193,Palgarup,55180,Manjimup,1,Good,Good,0
51194,Pallinup,53640,Gnowangerup,1,Good,Good,0
51195,Palmdale (WA),50080,Albany,1,Good,Good,0
51196,Palmer (WA),51890,Collie,1,Good,Good,0
51197,Palmyra (WA),55320,Melville,1,Good,Good,0
51198,Pannawonica,50250,Ashburton,1,Good,Good,0
51199,Pantapin,57350,Quairading,1,Good,Good,0
51200,Papulankutja,56620,Ngaanyatjarraku,1,Good,Good,0
51201,Paraburdoo,50250,Ashburton,1,Good,Good,0
51202,Paradise (WA),52660,Dardanup,1,Good,Good,0
51203,Pardoo,53220,East Pilbara,1,Good,Good,0
51204,Parker Range,59360,Yilgarn,1,Good,Good,0
51205,Parkerville,56090,Mundaring,1,Good,Good,0
51206,Parkeston,54280,Kalgoorlie-Boulder,1,Good,Good,0
51207,Parkfield,53990,Harvey,1,Good,Good,0
51208,Parklands (WA),55110,Mandurah,1,Good,Good,0
51209,Parkwood (WA),51330,Canning,1,Acceptable,Good,0
51210,Parmelia,54830,Kwinana,1,Good,Good,0
51211,Parryville,52730,Denmark,1,Good,Good,0
51212,Patjarr,56620,Ngaanyatjarraku,1,Good,Good,0
51213,Paulls Valley,54200,Kalamunda,1,Good,Good,0
51214,Paynedale,52870,Donnybrook-Balingup,1,Good,Good,0
51215,Paynes Find,59350,Yalgoo,1,Good,Good,0
51216,Paynesville (WA),55810,Mount Magnet,1,Good,Good,0
51217,Peaceful Bay,52730,Denmark,1,Good,Good,0
51218,Peak Hill (WA),55250,Meekatharra,1,Good,Good,0
51219,Pearsall,58760,Wanneroo,1,Good,Good,0
51220,Peedamulla,50250,Ashburton,1,Good,Good,0
51221,Peerabeelup,56300,Nannup,1,Good,Good,0
51222,Pegs Creek,54310,Karratha,1,Good,Good,0
51223,Pelican Point (WA),51190,Bunbury,0.9999561,Good,Good,0
51223,Pelican Point (WA),52660,Dardanup,4.39E-05,Good,Good,1
51224,Pemberton,55180,Manjimup,1,Good,Good,0
51225,Peppermint Grove,56930,Peppermint Grove,1,Good,Good,0
51226,Peppermint Grove Beach,51400,Capel,1,Good,Good,0
51227,Perenjori,57000,Perenjori,1,Good,Good,0
51228,Perillup,57210,Plantagenet,1,Good,Good,0
51229,Peron,57490,Rockingham,1,Good,Good,0
51230,Perth (WA),57080,Perth,0.5092093,Acceptable,Good,0
51230,Perth (WA),58570,Vincent,0.4907907,Acceptable,Good,0
51231,Perth Airport,50490,Belmont,0.7669605,Good,Good,0
51231,Perth Airport,58050,Swan,0.2330395,Good,Good,0
51232,Perup,55180,Manjimup,1,Good,Good,0
51233,Petrudor,52520,Dalwallinu,1,Good,Good,0
51234,Piara Waters,50210,Armadale,1,Good,Good,0
51235,Piawaning,58540,Victoria Plains,1,Good,Good,0
51236,Piccadilly (WA),54280,Kalgoorlie-Boulder,1,Good,Good,0
51237,Pickering Brook,54200,Kalamunda,1,Good,Good,0
51238,Picton (WA),51190,Bunbury,1,Good,Good,0
51239,Picton East,52660,Dardanup,1,Good,Good,0
51240,Piesse Brook,54200,Kalamunda,1,Good,Good,0
51241,Piesseville,58610,Wagin,1,Good,Good,0
51242,Pindar,53800,Greater Geraldton,1,Good,Good,0
51243,Pingaring,54760,Kulin,1,Good,Good,0
51244,Pingelly,57140,Pingelly,1,Good,Good,0
51245,Pingrup,54480,Kent,1,Good,Good,0
51246,Pinjar,58760,Wanneroo,1,Good,Good,0
51247,Pinjarra,56230,Murray,1,Good,Good,0
51248,Pink Lake,53290,Esperance,1,Good,Good,0
51249,Pintharuka,55670,Morawa,1,Good,Good,0
51250,Pinwernying,54340,Katanning,1,Good,Good,0
51251,Pippingarra,57280,Port Hedland,1,Good,Good,0
51252,Pithara,52520,Dalwallinu,1,Good,Good,0
51253,Plumridge Lakes,55390,Menzies,1,Good,Good,0
51254,Point Samson,54310,Karratha,1,Good,Good,0
51255,Popanyinning,52310,Cuballing,1,Good,Good,0
51256,Porongurup,57210,Plantagenet,1,Good,Good,0
51257,Port Albany,50080,Albany,1,Good,Good,0
51258,Port Denison,54060,Irwin,1,Good,Good,0
51259,Port Hedland,57280,Port Hedland,1,Good,Good,0
51260,Port Kennedy,57490,Rockingham,1,Good,Good,0
51261,Postans,54830,Kwinana,1,Good,Good,0
51262,Preston Beach,58820,Waroona,1,Good,Good,0
51263,Preston Settlement,51890,Collie,1,Good,Good,0
51264,Prevelly,50280,Augusta Margaret River,1,Good,Good,0
51265,Prince Regent River,52800,Derby-West Kimberley,0.0011249,Good,Good,1
51265,Prince Regent River,59340,Wyndham-East Kimberley,0.9988751,Good,Good,0
51266,Pumphreys Bridge,58680,Wandering,1,Good,Good,0
51267,Purnululu,53920,Halls Creek,1,Good,Good,0
51268,Quairading,57350,Quairading,1,Good,Good,0
51269,Qualeup,54550,Kojonup,1,Good,Good,0
51270,Quedjinup,51260,Busselton,1,Good,Good,0
51271,Queens Park (WA),51330,Canning,1,Acceptable,Good,0
51272,Queenwood,52870,Donnybrook-Balingup,1,Good,Good,0
51273,Quelagetting,52450,Cunderdin,1,Good,Good,0
51274,Quellington,59370,York,1,Good,Good,0
51275,Quindalup,51260,Busselton,1,Good,Good,0
51276,Quindanning,50630,Boddington,1,Good,Good,0
51277,Quinninup,55180,Manjimup,1,Good,Good,0
51278,Quinns Rocks,58760,Wanneroo,1,Good,Good,0
51279,Ranford,50630,Boddington,1,Good,Good,0
51280,Rangeway,53800,Greater Geraldton,1,Good,Good,0
51281,Ravensthorpe,57420,Ravensthorpe,1,Good,Good,0
51282,Ravenswood (WA),56230,Murray,1,Good,Good,0
51283,Rawlinna,54280,Kalgoorlie-Boulder,1,Good,Good,0
51284,Red Gully,53570,Gingin,1,Good,Good,0
51285,Red Hill (WA),58050,Swan,1,Good,Good,0
51286,Redbank (WA),57280,Port Hedland,1,Good,Good,0
51287,Redcliffe (WA),50490,Belmont,1,Good,Good,0
51288,Redgate (WA),50280,Augusta Margaret River,1,Good,Good,0
51289,Redmond,50080,Albany,1,Good,Good,0
51290,Redmond West,50080,Albany,1,Good,Good,0
51291,Reedy,52380,Cue,1,Good,Good,0
51292,Regans Ford,52590,Dandaragan,1,Good,Good,0
51293,Reinscourt,51260,Busselton,1,Good,Good,0
51294,Remlap,55880,Mount Marshall,1,Good,Good,0
51295,Reservoir (WA),54200,Kalamunda,1,Good,Good,0
51296,Ridgewood (WA),58760,Wanneroo,1,Good,Good,0
51297,Ringbark,55180,Manjimup,1,Good,Good,0
51298,Riverton (WA),51330,Canning,1,Acceptable,Good,0
51299,Rivervale,50490,Belmont,1,Good,Good,0
51300,Robinson,50080,Albany,1,Good,Good,0
51301,Rockingham (WA),57490,Rockingham,1,Good,Good,0
51302,Rocklea (WA),50250,Ashburton,1,Good,Good,0
51303,Rockwell,51610,Chapman Valley,1,Good,Good,0
51304,Rocky Gully (WA),57210,Plantagenet,1,Good,Good,0
51305,Roebourne,54310,Karratha,1,Good,Good,0
51306,Roebuck,50980,Broome,0.9900847,Good,Good,0
51306,Roebuck,52800,Derby-West Kimberley,0.0099153,Good,Good,1
51307,Roelands,53990,Harvey,1,Good,Good,0
51308,Roleystone,50210,Armadale,1,Good,Good,0
51309,Rosa Brook,50280,Augusta Margaret River,1,Good,Good,0
51310,Rosa Glen,50280,Augusta Margaret River,1,Good,Good,0
51311,Rossmore (WA),53710,Goomalling,1,Good,Good,0
51312,Rossmoyne,51330,Canning,1,Acceptable,Good,0
51313,Rothsay,57000,Perenjori,1,Good,Good,0
51314,Rottnest Island,51820,Cockburn,1,Good,Good,0
51315,Ruabon,51260,Busselton,1,Good,Good,0
51316,Rudds Gully,53800,Greater Geraldton,1,Good,Good,0
51317,Ryansbrook,54550,Kojonup,1,Good,Good,0
51318,Sabina River,51260,Busselton,1,Good,Good,0
51319,Safety Bay,57490,Rockingham,1,Good,Good,0
51320,Salmon Gums,53290,Esperance,1,Good,Good,0
51321,Salter Point,57840,South Perth,1,Good,Good,0
51322,Samson,53430,Fremantle,1,Good,Good,0
51323,San Remo (WA),55110,Mandurah,1,Good,Good,0
51324,Sandpatch,50080,Albany,1,Good,Good,0
51325,Sandsprings,53800,Greater Geraldton,1,Good,Good,0
51326,Sandstone,57630,Sandstone,1,Good,Good,0
51327,Sandy Gully (WA),56790,Northampton,1,Good,Good,0
51328,Sawyers Valley,56090,Mundaring,1,Good,Good,0
51329,Scaddan,53290,Esperance,1,Good,Good,0
51330,Scarborough (WA),57910,Stirling,1,Good,Good,0
51331,Schroeder,50280,Augusta Margaret River,0.75,Good,Good,0
51331,Schroeder,56300,Nannup,0.25,Good,Good,0
51332,Scotsdale,52730,Denmark,1,Good,Good,0
51333,Scott River,50280,Augusta Margaret River,1,Good,Good,0
51334,Scott River East,56300,Nannup,1,Good,Good,0
51335,Scotts Brook,50770,Boyup Brook,1,Good,Good,0
51336,Seabird,53570,Gingin,1,Good,Good,0
51337,Secret Harbour,57490,Rockingham,1,Good,Good,0
51338,Seppings,50080,Albany,1,Good,Good,0
51339,Serpentine (WA),57700,Serpentine-Jarrahdale,1,Good,Good,0
51340,Seville Grove,50210,Armadale,1,Good,Good,0
51341,Shackleton,51120,Bruce Rock,1,Good,Good,0
51342,Shadforth (WA),52730,Denmark,1,Good,Good,0
51343,Shannon (WA),55180,Manjimup,1,Good,Good,0
51344,Shark Bay,57770,Shark Bay,1,Good,Good,0
51345,Shelley (WA),51330,Canning,1,Acceptable,Good,0
51346,Shenton Park,56580,Nedlands,0.0180759,Acceptable,Good,0
51346,Shenton Park,57980,Subiaco,0.9819241,Good,Good,0
51347,Sherlock (WA),54310,Karratha,1,Good,Good,0
51348,Shoalwater (WA),57490,Rockingham,1,Good,Good,0
51349,Shotts,51890,Collie,1,Good,Good,0
51350,Siesta Park,51260,Busselton,1,Good,Good,0
51351,Silver Sands,55110,Mandurah,1,Good,Good,0
51352,Sinagra,58760,Wanneroo,1,Good,Good,0
51353,Sinclair,53290,Esperance,1,Good,Good,0
51354,Singleton (WA),57490,Rockingham,1,Good,Good,0
51355,Sir Samuel,55040,Leonora,1,Good,Good,0
51356,Skeleton Rock,59360,Yilgarn,1,Good,Good,0
51357,Smith Brook,55180,Manjimup,1,Good,Good,0
51358,Solus,56230,Murray,1,Good,Good,0
51359,Somerville (WA),54280,Kalgoorlie-Boulder,1,Good,Good,0
51360,Sorrento (WA),54170,Joondalup,1,Good,Good,0
51361,South Bodallin,59360,Yilgarn,1,Good,Good,0
51362,South Boulder,54280,Kalgoorlie-Boulder,1,Good,Good,0
51363,South Bunbury,51190,Bunbury,1,Good,Good,0
51364,South Burracoppin,55460,Merredin,1,Good,Good,0
51365,South Carnarvon,51540,Carnarvon,1,Good,Good,0
51366,South Datatine,54340,Katanning,1,Good,Good,0
51367,South Doodlakine,54410,Kellerberrin,1,Good,Good,0
51368,South Fremantle,53430,Fremantle,1,Good,Good,0
51369,South Glencoe,54340,Katanning,1,Good,Good,0
51370,South Greenough,53800,Greater Geraldton,1,Good,Good,0
51371,South Guildford,50490,Belmont,5.30E-06,Good,Good,1
51371,South Guildford,58050,Swan,0.9999947,Good,Good,0
51372,South Hedland,57280,Port Hedland,1,Good,Good,0
51373,South Kalgoorlie,54280,Kalgoorlie-Boulder,1,Good,Good,0
51374,South Kukerin,53010,Dumbleyung,1,Good,Good,0
51375,South Kumminin,56370,Narembeen,1,Good,Good,0
51376,South Kununoppin,58400,Trayning,1,Good,Good,0
51377,South Lake,51820,Cockburn,1,Good,Good,0
51378,South Lake Grace,54900,Lake Grace,1,Good,Good,0
51379,South Murchison,56160,Murchison,1,Good,Good,0
51380,South Newdegate,54900,Lake Grace,1,Good,Good,0
51381,South Perth,57840,South Perth,1,Good,Good,0
51382,South Plantations,51540,Carnarvon,1,Good,Good,0
51383,South Quairading,57350,Quairading,1,Good,Good,0
51384,South Stirling,50080,Albany,1,Good,Good,0
51385,South Tammin,58190,Tammin,1,Good,Good,0
51386,South Trayning,58400,Trayning,1,Good,Good,0
51387,South Yelbeni,58400,Trayning,1,Good,Good,0
51388,South Yilgarn,59360,Yilgarn,1,Good,Good,0
51389,South Yuna,51610,Chapman Valley,1,Good,Good,0
51390,South Yunderup,56230,Murray,1,Good,Good,0
51391,Southampton (WA),52870,Donnybrook-Balingup,1,Good,Good,0
51392,Southern Brook,56730,Northam,1,Good,Good,0
51393,Southern Cross (WA),59360,Yilgarn,1,Good,Good,0
51394,Southern River,53780,Gosnells,1,Good,Good,0
51395,Spalding (WA),53800,Greater Geraldton,1,Good,Good,0
51396,Spearwood,51820,Cockburn,1,Good,Good,0
51397,Spencer Park,50080,Albany,1,Good,Good,0
51398,Spencers Brook,56730,Northam,1,Good,Good,0
51399,Springfield (WA),54060,Irwin,1,Good,Good,0
51400,Springs,58680,Wandering,1,Good,Good,0
51401,St George Ranges,52800,Derby-West Kimberley,1,Good,Good,0
51402,St James (WA),51330,Canning,0.5878018,Acceptable,Good,0
51402,St James (WA),58510,Victoria Park,0.4121982,Good,Good,0
51403,St Ronans,59370,York,1,Good,Good,0
51404,Stake Hill,56230,Murray,1,Good,Good,0
51405,Stirling (WA),57910,Stirling,1,Good,Good,0
51406,Stirling Estate,51400,Capel,1,Good,Good,0
51407,Stirling Range National Park,52240,Cranbrook,0.2,Good,Good,0
51407,Stirling Range National Park,53640,Gnowangerup,0.1,Good,Good,0
51407,Stirling Range National Park,57210,Plantagenet,0.7,Good,Good,0
51408,Stoneville,56090,Mundaring,1,Good,Good,0
51409,Stove Hill,54310,Karratha,1,Good,Good,0
51410,Strathalbyn (WA),53800,Greater Geraldton,1,Good,Good,0
51411,Stratham,51400,Capel,1,Good,Good,0
51412,Stratherne,52310,Cuballing,1,Good,Good,0
51413,Stratton,58050,Swan,1,Good,Good,0
51414,Strelley,57280,Port Hedland,1,Good,Good,0
51415,Sturt Creek,53920,Halls Creek,1,Good,Good,0
51416,Subiaco,51310,Cambridge,0.0080416,Acceptable,Good,1
51416,Subiaco,57980,Subiaco,0.9919584,Good,Good,0
51417,Success,51820,Cockburn,1,Good,Good,0
51418,Sunnyside (WA),50840,Bridgetown-Greenbushes,1,Good,Good,0
51419,Sunset Beach,53800,Greater Geraldton,1,Good,Good,0
51420,Swan View,56090,Mundaring,0.6495163,Good,Good,0
51420,Swan View,58050,Swan,0.3504837,Good,Good,0
51421,Swanbourne,51750,Claremont,0.5191951,Acceptable,Good,0
51421,Swanbourne,56580,Nedlands,0.4808049,Acceptable,Good,0
51422,Takalarup,57210,Plantagenet,1,Good,Good,0
51423,Talandji,50250,Ashburton,1,Good,Good,0
51424,Talbot (WA),59370,York,1,Good,Good,0
51425,Talbot West,50560,Beverley,1,Good,Good,0
51426,Talgomine,56860,Nungarin,1,Good,Good,0
51427,Talisker,57770,Shark Bay,1,Good,Good,0
51428,Tamala,57770,Shark Bay,1,Good,Good,0
51429,Tamala Park,58760,Wanneroo,1,Good,Good,0
51430,Tambellup,51080,Broomehill-Tambellup,1,Good,Good,0
51431,Tammin,58190,Tammin,1,Good,Good,0
51432,Tampu,55880,Mount Marshall,1,Good,Good,0
51433,Tanami (WA),53920,Halls Creek,1,Good,Good,0
51434,Tandegin,55460,Merredin,1,Good,Good,0
51435,Tapping,58760,Wanneroo,1,Good,Good,0
51436,Tarcoola Beach,53800,Greater Geraldton,1,Good,Good,0
51437,Tardun,53800,Greater Geraldton,1,Good,Good,0
51438,Tarin Rock,53010,Dumbleyung,1,Good,Good,0
51439,Teesdale (WA),56230,Murray,1,Good,Good,0
51440,Telfer,53220,East Pilbara,1,Good,Good,0
51441,Tenindewa,53800,Greater Geraldton,1,Good,Good,0
51442,Tenterden (WA),52240,Cranbrook,1,Good,Good,0
51443,The Lakes,56090,Mundaring,1,Good,Good,0
51444,The Plains,51400,Capel,1,Good,Good,0
51445,The Spectacles,54830,Kwinana,1,Good,Good,0
51446,The Vines,58050,Swan,1,Good,Good,0
51447,Thomson Brook,52870,Donnybrook-Balingup,1,Good,Good,0
51448,Thornlie,53780,Gosnells,1,Good,Good,0
51449,Three Springs,58260,Three Springs,1,Good,Good,0
51450,Throssell,56730,Northam,1,Good,Good,0
51451,Tibradden,53800,Greater Geraldton,1,Good,Good,0
51452,Tincurrin,59100,Wickepin,1,Good,Good,0
51453,Tingledale,52730,Denmark,1,Good,Good,0
51454,Tjirrkarli,56620,Ngaanyatjarraku,1,Good,Good,0
51455,Tjukurla,56620,Ngaanyatjarraku,1,Good,Good,0
51456,Tom Price,50250,Ashburton,1,Good,Good,0
51457,Tonebridge,50770,Boyup Brook,1,Good,Good,0
51458,Toodyay,58330,Toodyay,1,Good,Good,0
51459,Toolibin,59100,Wickepin,1,Good,Good,0
51460,Toolonga,57770,Shark Bay,1,Good,Good,0
51461,Toompup,53640,Gnowangerup,1,Good,Good,0
51462,Torbay,50080,Albany,1,Good,Good,0
51463,Torndirrup,50080,Albany,1,Good,Good,0
51464,Townsendale,52310,Cuballing,1,Good,Good,0
51465,Trafalgar (WA),54280,Kalgoorlie-Boulder,1,Good,Good,0
51466,Trayning,58400,Trayning,1,Good,Good,0
51467,Treeby,51820,Cockburn,1,Good,Good,0
51468,Treeton,50280,Augusta Margaret River,1,Good,Good,0
51469,Trent,52730,Denmark,1,Good,Good,0
51470,Trigg,57910,Stirling,1,Good,Good,0
51471,Trigwell,58890,West Arthur,1,Good,Good,0
51472,Tuart Hill,57910,Stirling,1,Good,Good,0
51473,Turkey Hill,59360,Yilgarn,1,Good,Good,0
51474,Tutunup,51260,Busselton,1,Good,Good,0
51475,Two Rocks,58760,Wanneroo,1,Good,Good,0
51476,Ucarty,52940,Dowerin,1,Good,Good,0
51477,Ucarty West,53710,Goomalling,1,Good,Good,0
51478,Uduc,53990,Harvey,1,Good,Good,0
51479,Ularring,55390,Menzies,1,Good,Good,0
51480,Upper Capel,52870,Donnybrook-Balingup,1,Good,Good,0
51481,Upper Murray,50630,Boddington,1,Good,Good,0
51482,Upper Swan,58050,Swan,1,Good,Good,0
51483,Upper Warren,55180,Manjimup,1,Good,Good,0
51484,Useless Loop,57770,Shark Bay,1,Good,Good,0
51485,Usher,51190,Bunbury,1,Good,Good,0
51486,Utakarra,53800,Greater Geraldton,1,Good,Good,0
51487,Vancouver Peninsula,50080,Albany,1,Good,Good,0
51488,Varley,54900,Lake Grace,1,Good,Good,0
51489,Vasse,51260,Busselton,1,Good,Good,0
51490,Victoria Park,58510,Victoria Park,1,Good,Good,0
51491,Victoria Rock,51960,Coolgardie,1,Good,Good,0
51492,Victory Heights (WA),54280,Kalgoorlie-Boulder,1,Good,Good,0
51493,Vittoria (WA),51190,Bunbury,1,Good,Good,0
51494,Viveash,58050,Swan,1,Good,Good,0
51495,Wadderin,56370,Narembeen,1,Good,Good,0
51496,Waddington,58540,Victoria Plains,1,Good,Good,0
51497,Waddy Forest,52030,Coorow,1,Good,Good,0
51498,Waeel,52450,Cunderdin,1,Good,Good,0
51499,Wagerup,58820,Waroona,1,Good,Good,0
51500,Waggrakine,51610,Chapman Valley,0.0606076,Good,Good,0
51500,Waggrakine,53800,Greater Geraldton,0.9393924,Good,Good,0
51501,Wagin,58610,Wagin,1,Good,Good,0
51502,Waikiki,57490,Rockingham,1,Good,Good,0
51503,Walebing,55600,Moora,1,Good,Good,0
51504,Walgoolan,59030,Westonia,1,Good,Good,0
51505,Walkaway,53800,Greater Geraldton,1,Good,Good,0
51506,Wallareenya,57280,Port Hedland,1,Good,Good,0
51507,Wallaroo (WA),51960,Coolgardie,1,Good,Good,0
51508,Walliston,54200,Kalamunda,1,Good,Good,0
51509,Walmsley,50080,Albany,1,Good,Good,0
51510,Walpole,55180,Manjimup,1,Good,Good,0
51511,Walsall,51260,Busselton,1,Good,Good,0
51512,Walyormouring,53710,Goomalling,1,Good,Good,0
51513,Walyunga National Park,58050,Swan,1,Good,Good,0
51514,Walyurin,54760,Kulin,1,Good,Good,0
51515,Wamenusking,57350,Quairading,1,Good,Good,0
51516,Wanarn,56620,Ngaanyatjarraku,1,Good,Good,0
51517,Wandana (WA),51610,Chapman Valley,1,Good,Good,0
51518,Wandering,58680,Wandering,1,Good,Good,0
51519,Wandi,54830,Kwinana,1,Good,Good,0
51520,Wandillup,50840,Bridgetown-Greenbushes,1,Good,Good,0
51521,Wandina,53800,Greater Geraldton,1,Good,Good,0
51522,Wanerie,53570,Gingin,1,Good,Good,0
51523,Wangara,58760,Wanneroo,1,Good,Good,0
51524,Wannamal,51680,Chittering,1,Good,Good,0
51525,Wannanup,55110,Mandurah,1,Good,Good,0
51526,Wanneroo,58760,Wanneroo,1,Good,Good,0
51527,Wansbrough,51080,Broomehill-Tambellup,1,Good,Good,0
51528,Warakurna,56620,Ngaanyatjarraku,1,Good,Good,0
51529,Warawarrup,53990,Harvey,1,Good,Good,0
51530,Warburton (WA),56620,Ngaanyatjarraku,1,Good,Good,0
51531,Wardering,52310,Cuballing,1,Good,Good,0
51532,Warding East,52450,Cunderdin,1,Good,Good,0
51533,Warmun,53920,Halls Creek,1,Good,Good,0
51534,Warnbro,57490,Rockingham,1,Good,Good,0
51535,Warner Glen,50280,Augusta Margaret River,1,Good,Good,0
51536,Waroona,58820,Waroona,1,Good,Good,0
51537,Warrachuppin,59030,Westonia,1,Good,Good,0
51538,Warradarge,52030,Coorow,1,Good,Good,0
51539,Warralakin,59030,Westonia,1,Good,Good,0
51540,Warrenup,50080,Albany,1,Good,Good,0
51541,Warwick (WA),54170,Joondalup,1,Good,Good,0
51542,Waterbank,50980,Broome,0.99982,Good,Good,0
51542,Waterbank,52800,Derby-West Kimberley,0.00018,Good,Good,1
51543,Watercarrin,52450,Cunderdin,1,Good,Good,0
51544,Waterford (WA),57840,South Perth,1,Good,Good,0
51545,Waterloo (WA),52660,Dardanup,1,Good,Good,0
51546,Watermans Bay,54170,Joondalup,7.30E-06,Good,Good,1
51546,Watermans Bay,57910,Stirling,0.9999927,Good,Good,0
51547,Watheroo,55600,Moora,1,Good,Good,0
51548,Wattening,58330,Toodyay,1,Good,Good,0
51549,Wattle Grove (WA),54200,Kalamunda,1,Good,Good,0
51550,Wattleup,51820,Cockburn,1,Good,Good,0
51551,Wattoning,55950,Mukinbudin,1,Good,Good,0
51552,Webberton,53800,Greater Geraldton,1,Good,Good,0
51553,Wedge Island (WA),52590,Dandaragan,1,Good,Good,0
51554,Wedgecarrup,58610,Wagin,1,Good,Good,0
51555,Wedgefield,57280,Port Hedland,1,Good,Good,0
51556,Welbungin,55880,Mount Marshall,1,Good,Good,0
51557,Weld Range,52380,Cue,1,Good,Good,0
51558,Wellard,54830,Kwinana,1,Good,Good,0
51559,Wellesley (WA),53990,Harvey,1,Good,Good,0
51560,Wellington Forest,52660,Dardanup,1,Good,Good,0
51561,Wellington Mill,52660,Dardanup,1,Good,Good,0
51562,Wellstead,50080,Albany,1,Good,Good,0
51563,Welshpool (WA),51330,Canning,0.9921384,Acceptable,Good,0
51563,Welshpool (WA),58510,Victoria Park,0.0078616,Good,Good,1
51564,Wembley,51310,Cambridge,0.7815501,Acceptable,Good,0
51564,Wembley,57910,Stirling,0.2184499,Good,Good,0
51565,Wembley Downs,51310,Cambridge,5.90E-06,Acceptable,Good,1
51565,Wembley Downs,57910,Stirling,0.9999941,Good,Good,0
51566,West Ballidu,59310,Wongan-Ballidu,1,Good,Good,0
51567,West Beach (WA),53290,Esperance,1,Good,Good,0
51568,West Binnu,56790,Northampton,1,Good,Good,0
51569,West Busselton,51260,Busselton,1,Good,Good,0
51570,West Cape Howe,50080,Albany,1,Good,Good,0
51571,West Casuarinas,53800,Greater Geraldton,1,Good,Good,0
51572,West Coolup,56230,Murray,1,Good,Good,0
51573,West End (WA),53800,Greater Geraldton,1,Good,Good,0
51574,West Fitzgerald,54130,Jerramungup,1,Good,Good,0
51575,West Holleton,56370,Narembeen,1,Good,Good,0
51576,West Kalgoorlie,54280,Kalgoorlie-Boulder,1,Good,Good,0
51577,West Lamington,54280,Kalgoorlie-Boulder,1,Good,Good,0
51578,West Leederville,51310,Cambridge,1,Acceptable,Good,0
51579,West Lyons River,58470,Upper Gascoyne,1,Good,Good,0
51580,West Perth,57080,Perth,0.6190984,Acceptable,Good,0
51580,West Perth,58570,Vincent,0.3809016,Acceptable,Good,0
51581,West Pingelly,57140,Pingelly,1,Good,Good,0
51582,West Pinjarra,56230,Murray,1,Good,Good,0
51583,West Popanyinning,52310,Cuballing,1,Good,Good,0
51584,West River,57420,Ravensthorpe,1,Good,Good,0
51585,West Swan,58050,Swan,1,Good,Good,0
51586,West Toodyay,58330,Toodyay,1,Good,Good,0
51587,Westdale (WA),50560,Beverley,1,Good,Good,0
51588,Westminster,57910,Stirling,1,Good,Good,0
51589,Westonia,59030,Westonia,1,Good,Good,0
51590,Westwood (WA),59320,Woodanilling,1,Good,Good,0
51591,Whim Creek,54310,Karratha,1,Good,Good,0
51592,Whitby,57700,Serpentine-Jarrahdale,1,Good,Good,0
51593,White Gum Valley,53430,Fremantle,1,Good,Good,0
51594,White Peak,51610,Chapman Valley,1,Good,Good,0
51595,Whiteman,58050,Swan,1,Good,Good,0
51596,Whittaker,56230,Murray,1,Good,Good,0
51597,Wialki,55880,Mount Marshall,0.5227169,Good,Good,0
51597,Wialki,55950,Mukinbudin,0.4772831,Good,Good,0
51598,Wicherina,53800,Greater Geraldton,1,Good,Good,0
51599,Wicherina South,53800,Greater Geraldton,1,Good,Good,0
51600,Wickepin,59100,Wickepin,1,Good,Good,0
51601,Wickham (WA),54310,Karratha,1,Good,Good,0
51602,Widgiemooltha,51960,Coolgardie,1,Good,Good,0
51603,Wijilawarrim,59340,Wyndham-East Kimberley,1,Good,Good,0
51604,Wilberforce (WA),59370,York,1,Good,Good,0
51605,Wilbinga,53570,Gingin,1,Good,Good,0
51606,Wilga,50770,Boyup Brook,1,Good,Good,0
51607,Wilga West,52870,Donnybrook-Balingup,1,Good,Good,0
51608,Wilgarrup,55180,Manjimup,1,Good,Good,0
51609,Wilgoyne,55950,Mukinbudin,1,Good,Good,0
51610,Willagee,55320,Melville,1,Good,Good,0
51611,Willare,52800,Derby-West Kimberley,1,Good,Good,0
51612,Willetton,51330,Canning,1,Acceptable,Good,0
51613,William Bay,52730,Denmark,1,Good,Good,0
51614,Williams,59170,Williams,1,Good,Good,0
51615,Williamstown (WA),54280,Kalgoorlie-Boulder,1,Good,Good,0
51616,Willyung,50080,Albany,1,Good,Good,0
51617,Wilson,51330,Canning,1,Acceptable,Good,0
51618,Wiluna,59250,Wiluna,1,Good,Good,0
51619,Wilyabrup,51260,Busselton,1,Good,Good,0
51620,Windabout,53290,Esperance,1,Good,Good,0
51621,Windy Harbour,55180,Manjimup,1,Good,Good,0
51622,Winnejup,50840,Bridgetown-Greenbushes,1,Good,Good,0
51623,Winthrop,55320,Melville,1,Good,Good,0
51624,Witchcliffe,50280,Augusta Margaret River,1,Good,Good,0
51625,Withers,51190,Bunbury,1,Good,Good,0
51626,Wittenoom,50250,Ashburton,1,Good,Good,0
51627,Wittenoom Hills,53290,Esperance,1,Good,Good,0
51628,Wogolin,59100,Wickepin,1,Good,Good,0
51629,Wokalup,53990,Harvey,1,Good,Good,0
51630,Womarden,58260,Three Springs,1,Good,Good,0
51631,Wongamine,53710,Goomalling,1,Good,Good,0
51632,Wongan Hills,59310,Wongan-Ballidu,1,Good,Good,0
51633,Wongoondy,53800,Greater Geraldton,1,Good,Good,0
51634,Wonnerup,51260,Busselton,1,Good,Good,0
51635,Wonthella,53800,Greater Geraldton,1,Good,Good,0
51636,Woodanilling,59320,Woodanilling,1,Good,Good,0
51637,Woodbridge (WA),58050,Swan,1,Good,Good,0
51638,Woodlands (WA),57910,Stirling,1,Good,Good,0
51639,Woodleigh (WA),57770,Shark Bay,1,Good,Good,0
51640,Woodridge (WA),53570,Gingin,1,Good,Good,0
51641,Woodvale (WA),54170,Joondalup,0.9339713,Good,Good,0
51641,Woodvale (WA),58760,Wanneroo,0.0660287,Good,Good,0
51642,Woogenellup,57210,Plantagenet,1,Good,Good,0
51643,Woolgorong,56160,Murchison,1,Good,Good,0
51644,Woolocutty,56370,Narembeen,1,Good,Good,0
51645,Wooramel,51540,Carnarvon,1,Good,Good,0
51646,Wooroloo,56090,Mundaring,1,Good,Good,0
51647,Woorree,53800,Greater Geraldton,1,Good,Good,0
51648,Woottating,56730,Northam,1,Good,Good,0
51649,Worsley,51890,Collie,1,Good,Good,0
51650,Wubin,52520,Dalwallinu,1,Good,Good,0
51651,Wundowie,56730,Northam,1,Good,Good,0
51652,Wungong,50210,Armadale,1,Good,Good,0
51653,Wuraming,50630,Boddington,1,Good,Good,0
51654,Wyalkatchem,59330,Wyalkatchem,1,Good,Good,0
51655,Wyening,58540,Victoria Plains,1,Good,Good,0
51656,Wyndham (WA),59340,Wyndham-East Kimberley,1,Good,Good,0
51657,Wyola West,52450,Cunderdin,1,Good,Good,0
51658,Xantippe,52520,Dalwallinu,1,Good,Good,0
51659,Yabberup,52870,Donnybrook-Balingup,1,Good,Good,0
51660,Yakamia,50080,Albany,1,Good,Good,0
51661,Yalardy,57770,Shark Bay,1,Good,Good,0
51662,Yalgoo,59350,Yalgoo,1,Good,Good,0
51663,Yallabatharra,56790,Northampton,1,Good,Good,0
51664,Yallingup,51260,Busselton,1,Good,Good,0
51665,Yallingup Siding,51260,Busselton,1,Good,Good,0
51666,Yalyalup,51260,Busselton,1,Good,Good,0
51667,Yanchep,58760,Wanneroo,1,Good,Good,0
51668,Yandanooka,55530,Mingenew,1,Good,Good,0
51669,Yandoo Creek,51540,Carnarvon,1,Good,Good,0
51670,Yangebup,51820,Cockburn,1,Good,Good,0
51671,Yanmah,55180,Manjimup,1,Good,Good,0
51672,Yannarie,50250,Ashburton,1,Good,Good,0
51673,Yarawindah,58540,Victoria Plains,1,Good,Good,0
51674,Yardarino,54060,Irwin,1,Good,Good,0
51675,Yarloop,53990,Harvey,1,Good,Good,0
51676,Yarragadee,55530,Mingenew,1,Good,Good,0
51677,Yathroo,52590,Dandaragan,1,Good,Good,0
51678,Yeagarup,55180,Manjimup,1,Good,Good,0
51679,Yeal,53570,Gingin,1,Good,Good,0
51680,Yealering,59100,Wickepin,1,Good,Good,0
51681,Yelbeni,58400,Trayning,1,Good,Good,0
51682,Yellowdine,59360,Yilgarn,1,Good,Good,0
51683,Yelverton,51260,Busselton,1,Good,Good,0
51684,Yerecoin,58540,Victoria Plains,1,Good,Good,0
51685,Yetna,51610,Chapman Valley,1,Good,Good,0
51686,Yilliminning,56460,Narrogin,1,Good,Good,0
51687,Yoganup,51260,Busselton,1,Good,Good,0
51688,Yokine,57910,Stirling,1,Good,Good,0
51689,Yoongarillup,51260,Busselton,1,Good,Good,0
51690,York,59370,York,1,Good,Good,0
51691,Yornaning,52310,Cuballing,1,Good,Good,0
51692,Yornup,50840,Bridgetown-Greenbushes,1,Good,Good,0
51693,Yoting,57350,Quairading,1,Good,Good,0
51694,Youndegin,52450,Cunderdin,1,Good,Good,0
51695,Youngs Siding,50080,Albany,1,Good,Good,0
51696,Yourdamung Lake,51890,Collie,1,Good,Good,0
51697,Yuna,51610,Chapman Valley,1,Good,Good,0
51698,Zanthus,54280,Kalgoorlie-Boulder,1,Good,Good,0
51699,Zuytdorp,56790,Northampton,1,Good,Good,0
59494,No usual address (WA),59499,No usual address (WA),1,Good,Good,0
59797,Migratory - Offshore - Shipping (WA),59799,Migratory - Offshore - Shipping (WA),1,Good,Good,0
60001,Abbotsham,60810,Central Coast (Tas.),1,Good,Good,0
60002,Abels Bay,63010,Huon Valley,1,Good,Good,0
60003,Aberdeen (Tas.),61610,Devonport,1,Good,Good,0
60004,Acacia Hills (Tas.),63210,Kentish,1,Good,Good,0
60005,Acton (Tas.),60610,Burnie,1,Good,Good,0
60006,Acton Park (Tas.),61410,Clarence,1,Good,Good,0
60007,Adventure Bay,63610,Kingborough,1,Good,Good,0
60008,Akaroa,60210,Break O'Day,1,Good,Good,0
60009,Alberton (Tas.),61810,Dorset,1,Good,Good,0
60010,Alcomie,61210,Circular Head,1,Good,Good,0
60011,Allens Rivulet,63610,Kingborough,1,Good,Good,0
60012,Alonnah,63610,Kingborough,1,Good,Good,0
60013,Ambleside,61610,Devonport,1,Good,Good,0
60014,Andover,65010,Southern Midlands,1,Good,Good,0
60015,Ansons Bay,60210,Break O'Day,1,Good,Good,0
60016,Antill Ponds,65010,Southern Midlands,1,Good,Good,0
60017,Apollo Bay (Tas.),63610,Kingborough,1,Good,Good,0
60018,Apslawn,62410,Glamorgan-Spring Bay,1,Good,Good,0
60019,Apsley (Tas.),61010,Central Highlands (Tas.),0.9997729,Good,Good,0
60019,Apsley (Tas.),65010,Southern Midlands,0.0002271,Good,Good,1
60020,Arthur River (Tas.),61210,Circular Head,1,Good,Good,0
60021,Arthurs Lake,61010,Central Highlands (Tas.),1,Good,Good,0
60022,Austins Ferry,62610,Glenorchy,1,Good,Good,0
60023,Avoca (Tas.),64610,Northern Midlands,1,Good,Good,0
60024,Baden,65010,Southern Midlands,1,Good,Good,0
60025,Badger Head,65810,West Tamar,1,Good,Good,0
60026,Bagdad,65010,Southern Midlands,1,Good,Good,0
60027,Bakers Beach,63810,Latrobe (Tas.),1,Good,Good,0
60028,Banca,61810,Dorset,1,Good,Good,0
60029,Bangor (Tas.),64010,Launceston,1,Good,Good,0
60030,Barnes Bay,63610,Kingborough,1,Good,Good,0
60031,Barretta,63610,Kingborough,1,Good,Good,0
60032,Barrington (Tas.),63210,Kentish,1,Good,Good,0
60033,Battery Point,62810,Hobart,1,Good,Good,0
60034,Beaconsfield (Tas.),63810,Latrobe (Tas.),7.40E-06,Good,Good,1
60034,Beaconsfield (Tas.),65810,West Tamar,0.9999926,Good,Good,0
60035,Beaumaris (Tas.),60210,Break O'Day,1,Good,Good,0
60036,Beauty Point,65810,West Tamar,1,Good,Good,0
60037,Beechford,62210,George Town,1,Good,Good,0
60038,Bell Bay,62210,George Town,0.9980159,Good,Good,0
60038,Bell Bay,65810,West Tamar,0.0019841,Good,Good,1
60039,Bellerive,61410,Clarence,1,Good,Good,0
60040,Bellingham,62210,George Town,1,Good,Good,0
60041,Ben Lomond (Tas.),64610,Northern Midlands,1,Good,Good,0
60042,Berriedale,62610,Glenorchy,1,Good,Good,0
60043,Beulah (Tas.),63210,Kentish,1,Good,Good,0
60044,Bicheno,62410,Glamorgan-Spring Bay,1,Good,Good,0
60045,Binalong Bay,60210,Break O'Day,1,Good,Good,0
60046,Birchs Bay,63610,Kingborough,1,Good,Good,0
60047,Birralee,64210,Meander Valley,0.8379692,Good,Good,0
60047,Birralee,65810,West Tamar,0.1620308,Good,Good,0
60048,Bishopsbourne,64610,Northern Midlands,1,Good,Good,0
60049,Black Hills,61510,Derwent Valley,0.9999503,Good,Good,0
60049,Black Hills,65010,Southern Midlands,4.97E-05,Good,Good,1
60050,Black River (Tas.),61210,Circular Head,1,Good,Good,0
60051,Blackmans Bay,63610,Kingborough,1,Good,Good,0
60052,Blackstone Heights,64210,Meander Valley,0.9999678,Good,Good,0
60052,Blackstone Heights,65810,West Tamar,3.22E-05,Good,Good,1
60053,Blackwall (Tas.),65810,West Tamar,1,Good,Good,0
60054,Blackwood Creek,64610,Northern Midlands,1,Good,Good,0
60055,Blessington,64010,Launceston,1,Good,Good,0
60056,Blue Rocks,62010,Flinders (Tas.),1,Good,Good,0
60057,Blumont,61810,Dorset,1,Good,Good,0
60058,Boat Harbour (Tas.),65410,Waratah-Wynyard,1,Good,Good,0
60059,Boat Harbour Beach,65410,Waratah-Wynyard,1,Good,Good,0
60060,Bonnet Hill,63610,Kingborough,1,Good,Good,0
60061,Boobyalla,61810,Dorset,1,Good,Good,0
60062,Boomer Bay,64810,Sorell,1,Good,Good,0
60063,Bothwell,61010,Central Highlands (Tas.),1,Good,Good,0
60064,Boyer,60410,Brighton,0.0001724,Good,Good,1
60064,Boyer,61510,Derwent Valley,0.9998276,Good,Good,0
60065,Bracknell,64210,Meander Valley,0.9612878,Good,Good,0
60065,Bracknell,64610,Northern Midlands,0.0387122,Good,Good,0
60066,Bradys Lake,61010,Central Highlands (Tas.),1,Good,Good,0
60067,Brandum,61010,Central Highlands (Tas.),1,Good,Good,0
60068,Branxholm,61810,Dorset,1,Good,Good,0
60069,Breadalbane (Tas.),64610,Northern Midlands,1,Good,Good,0
60070,Bream Creek,64810,Sorell,1,Good,Good,0
60071,Breona,61010,Central Highlands (Tas.),1,Good,Good,0
60072,Bridgenorth,65810,West Tamar,1,Good,Good,0
60073,Bridgewater (Tas.),60410,Brighton,1,Good,Good,0
60074,Bridport,61810,Dorset,1,Good,Good,0
60075,Brighton (Tas.),60410,Brighton,0.9903506,Good,Good,0
60075,Brighton (Tas.),65010,Southern Midlands,0.0096494,Good,Good,1
60076,Brittons Swamp,61210,Circular Head,1,Good,Good,0
60077,Broadmarsh,61510,Derwent Valley,0.0001257,Good,Good,1
60077,Broadmarsh,65010,Southern Midlands,0.9998743,Good,Good,0
60078,Broadmeadows (Tas.),61210,Circular Head,1,Good,Good,0
60079,Bronte Park,61010,Central Highlands (Tas.),1,Good,Good,0
60080,Brooklyn (Tas.),60610,Burnie,1,Good,Good,0
60081,Brooks Bay,63010,Huon Valley,1,Good,Good,0
60082,Buckland (Tas.),62410,Glamorgan-Spring Bay,1,Good,Good,0
60083,Bungaree (Tas.),63410,King Island,1,Good,Good,0
60084,Burnie,60610,Burnie,1,Good,Good,0
60085,Burns Creek,64010,Launceston,1,Good,Good,0
60086,Bushy Park (Tas.),61510,Derwent Valley,1,Good,Good,0
60087,Butlers Gorge,61010,Central Highlands (Tas.),1,Good,Good,0
60088,Cairns Bay,63010,Huon Valley,1,Good,Good,0
60089,Calder,65410,Waratah-Wynyard,1,Good,Good,0
60090,Cambridge (Tas.),61410,Clarence,1,Good,Good,0
60091,Camdale,60610,Burnie,1,Good,Good,0
60092,Camena,60810,Central Coast (Tas.),1,Good,Good,0
60093,Campania,61410,Clarence,0.1338416,Good,Good,0
60093,Campania,65010,Southern Midlands,0.8661584,Good,Good,0
60094,Campbell Town,64610,Northern Midlands,1,Good,Good,0
60095,Cape Barren Island,62010,Flinders (Tas.),1,Good,Good,0
60096,Cape Pillar,65210,Tasman,1,Good,Good,0
60097,Cape Portland,61810,Dorset,1,Good,Good,0
60098,Cape Raoul,65210,Tasman,1,Good,Good,0
60099,Carlton (Tas.),64810,Sorell,1,Good,Good,0
60100,Carlton River,64810,Sorell,1,Good,Good,0
60101,Carrick (Tas.),64210,Meander Valley,1,Good,Good,0
60102,Castle Forbes Bay,63010,Huon Valley,1,Good,Good,0
60103,Castra,60810,Central Coast (Tas.),1,Good,Good,0
60104,Caveside,64210,Meander Valley,1,Good,Good,0
60105,Central Plateau,61010,Central Highlands (Tas.),0.8,Good,Good,0
60105,Central Plateau,64210,Meander Valley,0.2,Good,Good,0
60106,Cethana,63210,Kentish,1,Good,Good,0
60107,Chain Of Lagoons,60210,Break O'Day,1,Good,Good,0
60108,Charlotte Cove,63010,Huon Valley,1,Good,Good,0
60109,Chasm Creek,60610,Burnie,1,Good,Good,0
60110,Chigwell,62610,Glenorchy,1,Good,Good,0
60111,Christmas Hills (Tas.),61210,Circular Head,1,Good,Good,0
60112,Chudleigh,64210,Meander Valley,1,Good,Good,0
60113,Claremont (Tas.),61510,Derwent Valley,0.000956,Good,Good,1
60113,Claremont (Tas.),62610,Glenorchy,0.999044,Good,Good,0
60114,Clarence Point,65810,West Tamar,1,Good,Good,0
60115,Clarendon Vale,61410,Clarence,1,Good,Good,0
60116,Claude Road,63210,Kentish,1,Good,Good,0
60117,Cleveland (Tas.),64610,Northern Midlands,1,Good,Good,0
60118,Clifton Beach (Tas.),61410,Clarence,1,Good,Good,0
60119,Cluan,64210,Meander Valley,1,Good,Good,0
60120,Colebrook,65010,Southern Midlands,1,Good,Good,0
60121,Coles Bay,62410,Glamorgan-Spring Bay,1,Good,Good,0
60122,Collinsvale,61510,Derwent Valley,0.0704198,Good,Good,0
60122,Collinsvale,62610,Glenorchy,0.9295802,Good,Good,0
60123,Conara,64610,Northern Midlands,1,Good,Good,0
60124,Coningham,63610,Kingborough,1,Good,Good,0
60125,Connellys Marsh,64810,Sorell,1,Good,Good,0
60126,Cooee,60610,Burnie,1,Good,Good,0
60127,Copping,64810,Sorell,1,Good,Good,0
60128,Corinna,61210,Circular Head,1,Good,Good,0
60129,Cornwall (Tas.),60210,Break O'Day,1,Good,Good,0
60130,Couta Rocks,61210,Circular Head,1,Good,Good,0
60131,Cowrie Point,61210,Circular Head,1,Good,Good,0
60132,Crabtree,63010,Huon Valley,1,Good,Good,0
60133,Cradle Mountain,63210,Kentish,0.9997974,Good,Good,0
60133,Cradle Mountain,64210,Meander Valley,6.75E-05,Good,Good,1
60133,Cradle Mountain,65610,West Coast,0.0001351,Good,Good,1
60134,Cradoc,63010,Huon Valley,1,Good,Good,0
60135,Cramps Bay,61010,Central Highlands (Tas.),1,Good,Good,0
60136,Cranbrook (Tas.),62410,Glamorgan-Spring Bay,1,Good,Good,0
60137,Crayfish Creek,61210,Circular Head,1,Good,Good,0
60138,Cremorne (Tas.),61410,Clarence,1,Good,Good,0
60139,Cressy (Tas.),64610,Northern Midlands,1,Good,Good,0
60140,Cuckoo,61810,Dorset,1,Good,Good,0
60141,Cuprona,60810,Central Coast (Tas.),1,Good,Good,0
60142,Currie,63410,King Island,1,Good,Good,0
60143,Cygnet,63010,Huon Valley,1,Good,Good,0
60144,Dairy Plains,64210,Meander Valley,1,Good,Good,0
60145,Deddington,64610,Northern Midlands,1,Good,Good,0
60146,Dee,61010,Central Highlands (Tas.),1,Good,Good,0
60147,Deep Bay,63010,Huon Valley,1,Good,Good,0
60148,Deloraine,64210,Meander Valley,1,Good,Good,0
60149,Dennes Point,63610,Kingborough,1,Good,Good,0
60150,Derby (Tas.),61810,Dorset,1,Good,Good,0
60151,Derwent Bridge,61010,Central Highlands (Tas.),1,Good,Good,0
60152,Derwent Park,62610,Glenorchy,1,Good,Good,0
60153,Detention,61210,Circular Head,1,Good,Good,0
60154,Deviot,65810,West Tamar,1,Good,Good,0
60155,Devon Hills,64610,Northern Midlands,1,Good,Good,0
60156,Devonport,61610,Devonport,1,Good,Good,0
60157,Dilston,64010,Launceston,0.999982,Good,Good,0
60157,Dilston,65810,West Tamar,1.80E-05,Good,Good,1
60158,Doctors Point,61010,Central Highlands (Tas.),1,Good,Good,0
60159,Doctors Rocks,65410,Waratah-Wynyard,1,Good,Good,0
60160,Dodges Ferry,64810,Sorell,1,Good,Good,0
60161,Dolphin Sands,62410,Glamorgan-Spring Bay,1,Good,Good,0
60162,Don,61610,Devonport,1,Good,Good,0
60163,Douglas River,60210,Break O'Day,0.5999692,Good,Good,0
60163,Douglas River,62410,Glamorgan-Spring Bay,0.4000308,Good,Good,0
60164,Douglas-Apsley,60210,Break O'Day,0.3333333,Good,Good,0
60164,Douglas-Apsley,62410,Glamorgan-Spring Bay,0.6666667,Good,Good,0
60165,Dover,63010,Huon Valley,1,Good,Good,0
60166,Downlands,60610,Burnie,1,Good,Good,0
60167,Dowsing Point,62610,Glenorchy,1,Good,Good,0
60168,Dromedary (Tas.),60410,Brighton,0.9236289,Good,Good,0
60168,Dromedary (Tas.),61510,Derwent Valley,1.17E-05,Good,Good,1
60168,Dromedary (Tas.),65010,Southern Midlands,0.0763594,Good,Good,0
60169,Dulcot,61410,Clarence,1,Good,Good,0
60170,Dunalley,64810,Sorell,0.9818699,Good,Good,0
60170,Dunalley,65210,Tasman,0.0181301,Good,Good,0
60171,Dunorlan,64210,Meander Valley,1,Good,Good,0
60172,Dynnyrne,62810,Hobart,1,Good,Good,0
60173,Dysart (Tas.),65010,Southern Midlands,1,Good,Good,0
60174,Eaglehawk Neck,65210,Tasman,1,Good,Good,0
60175,East Cam,60610,Burnie,1,Good,Good,0
60176,East Devonport,61610,Devonport,0.9940341,Good,Good,0
60176,East Devonport,63810,Latrobe (Tas.),0.0059659,Good,Good,1
60177,East Launceston,64010,Launceston,1,Good,Good,0
60178,East Ridgley,60610,Burnie,1,Good,Good,0
60179,Eddystone,60210,Break O'Day,1,Good,Good,0
60180,Edgcumbe Beach,61210,Circular Head,1,Good,Good,0
60181,Edith Creek,61210,Circular Head,1,Good,Good,0
60182,Egg Lagoon,63410,King Island,1,Good,Good,0
60183,Eggs And Bacon Bay,63010,Huon Valley,1,Good,Good,0
60184,Elderslie (Tas.),65010,Southern Midlands,1,Good,Good,0
60185,Electrona,63610,Kingborough,1,Good,Good,0
60186,Elizabeth Town,64210,Meander Valley,1,Good,Good,0
60187,Ellendale (Tas.),61010,Central Highlands (Tas.),1,Good,Good,0
60188,Elliott (Tas.),65410,Waratah-Wynyard,1,Good,Good,0
60189,Emita,62010,Flinders (Tas.),1,Good,Good,0
60190,Emu Heights (Tas.),60610,Burnie,1,Good,Good,0
60191,Epping Forest,64610,Northern Midlands,1,Good,Good,0
60192,Erriba,63210,Kentish,1,Good,Good,0
60193,Eugenana,61610,Devonport,1,Good,Good,0
60194,Evandale (Tas.),64610,Northern Midlands,1,Good,Good,0
60195,Exeter (Tas.),65810,West Tamar,1,Good,Good,0
60196,Exton,64210,Meander Valley,1,Good,Good,0
60197,Falmouth,60210,Break O'Day,1,Good,Good,0
60198,Fentonbury,61010,Central Highlands (Tas.),1,Good,Good,0
60199,Fern Tree,62810,Hobart,0.9390399,Good,Good,0
60199,Fern Tree,63610,Kingborough,0.0609601,Good,Good,0
60200,Fingal (Tas.),60210,Break O'Day,1,Good,Good,0
60201,Fitzgerald (Tas.),61510,Derwent Valley,1,Good,Good,0
60202,Flintstone,61010,Central Highlands (Tas.),1,Good,Good,0
60203,Florentine,61010,Central Highlands (Tas.),0.5,Good,Good,0
60203,Florentine,61510,Derwent Valley,0.5,Good,Good,0
60204,Flowerdale (Tas.),65410,Waratah-Wynyard,1,Good,Good,0
60205,Flowerpot,63610,Kingborough,1,Good,Good,0
60206,Flowery Gully,65810,West Tamar,1,Good,Good,0
60207,Forcett,64810,Sorell,1,Good,Good,0
60208,Forest,61210,Circular Head,1,Good,Good,0
60209,Forester,61810,Dorset,1,Good,Good,0
60210,Fortescue (Tas.),65210,Tasman,1,Good,Good,0
60211,Forth,60810,Central Coast (Tas.),0.9452105,Good,Good,0
60211,Forth,61610,Devonport,0.0547895,Good,Good,0
60212,Forthside,61610,Devonport,1,Good,Good,0
60213,Four Mile Creek (Tas.),60210,Break O'Day,1,Good,Good,0
60214,Frankford,63810,Latrobe (Tas.),0.0308324,Good,Good,0
60214,Frankford,64210,Meander Valley,0.0001226,Good,Good,1
60214,Frankford,65810,West Tamar,0.969045,Good,Good,0
60215,Franklin (Tas.),63010,Huon Valley,1,Good,Good,0
60216,Freycinet,62410,Glamorgan-Spring Bay,1,Good,Good,0
60217,Friendly Beaches,62410,Glamorgan-Spring Bay,1,Good,Good,0
60218,Gagebrook,60410,Brighton,1,Good,Good,0
60219,Garden Island (Tas.),63010,Huon Valley,1,Good,Good,0
60220,Garden Island Creek,63010,Huon Valley,0.9999643,Good,Good,0
60220,Garden Island Creek,63610,Kingborough,3.57E-05,Good,Good,1
60221,Gardners Bay,63010,Huon Valley,1,Good,Good,0
60222,Gawler (Tas.),60810,Central Coast (Tas.),1,Good,Good,0
60223,Geeveston,63010,Huon Valley,1,Good,Good,0
60224,Geilston Bay,61410,Clarence,1,Good,Good,0
60225,George Town,62210,George Town,1,Good,Good,0
60226,Gladstone (Tas.),60210,Break O'Day,0.1129916,Good,Good,0
60226,Gladstone (Tas.),61810,Dorset,0.8870084,Good,Good,0
60227,Glaziers Bay,63010,Huon Valley,1,Good,Good,0
60228,Glebe (Tas.),62810,Hobart,1,Good,Good,0
60229,Glen Huon,63010,Huon Valley,1,Good,Good,0
60230,Glendevie,63010,Huon Valley,1,Good,Good,0
60231,Glenfern (Tas.),61510,Derwent Valley,1,Good,Good,0
60232,Glengarry (Tas.),65810,West Tamar,1,Good,Good,0
60233,Glenlusk,61510,Derwent Valley,4.74E-05,Good,Good,1
60233,Glenlusk,62610,Glenorchy,0.9999526,Good,Good,0
60234,Glenora,61510,Derwent Valley,1,Good,Good,0
60235,Glenorchy (Tas.),62610,Glenorchy,1,Good,Good,0
60236,Golconda,61810,Dorset,0.6094291,Good,Good,0
60236,Golconda,64010,Launceston,0.3905709,Good,Good,0
60237,Golden Valley,64210,Meander Valley,1,Good,Good,0
60238,Goodwood (Tas.),62610,Glenorchy,1,Good,Good,0
60239,Gordon (Tas.),63610,Kingborough,1,Good,Good,0
60240,Gormanston,65610,West Coast,1,Good,Good,0
60241,Goshen,60210,Break O'Day,1,Good,Good,0
60242,Goulds Country,60210,Break O'Day,1,Good,Good,0
60243,Gowrie Park,63210,Kentish,1,Good,Good,0
60244,Granton,60410,Brighton,1.06E-05,Good,Good,1
60244,Granton,61510,Derwent Valley,0.2090975,Good,Good,0
60244,Granton,62610,Glenorchy,0.7908919,Good,Good,0
60245,Granville Harbour,65610,West Coast,1,Good,Good,0
60246,Grasstree Hill,61410,Clarence,1,Good,Good,0
60247,Grassy,63410,King Island,1,Good,Good,0
60248,Gravelly Beach,65810,West Tamar,1,Good,Good,0
60249,Gray (Tas.),60210,Break O'Day,1,Good,Good,0
60250,Great Bay,63610,Kingborough,1,Good,Good,0
60251,Greens Beach,65810,West Tamar,1,Good,Good,0
60252,Gretna,61010,Central Highlands (Tas.),1,Good,Good,0
60253,Grindelwald,65810,West Tamar,1,Good,Good,0
60254,Grove,63010,Huon Valley,1,Good,Good,0
60255,Guildford (Tas.),65410,Waratah-Wynyard,1,Good,Good,0
60256,Gunns Plains,60810,Central Coast (Tas.),1,Good,Good,0
60257,Hadspen,64210,Meander Valley,1,Good,Good,0
60258,Hagley,64210,Meander Valley,1,Good,Good,0
60259,Hamilton (Tas.),61010,Central Highlands (Tas.),1,Good,Good,0
60260,Hampshire,60610,Burnie,0.9996083,Good,Good,0
60260,Hampshire,65410,Waratah-Wynyard,0.0003917,Good,Good,1
60261,Harford,63810,Latrobe (Tas.),1,Good,Good,0
60262,Hastings (Tas.),63010,Huon Valley,1,Good,Good,0
60263,Havenview,60610,Burnie,1,Good,Good,0
60264,Hawley Beach,63810,Latrobe (Tas.),1,Good,Good,0
60265,Hayes,61510,Derwent Valley,1,Good,Good,0
60266,Hellyer,61210,Circular Head,1,Good,Good,0
60267,Henrietta,65410,Waratah-Wynyard,1,Good,Good,0
60268,Herdsmans Cove,60410,Brighton,1,Good,Good,0
60269,Hermitage,61010,Central Highlands (Tas.),1,Good,Good,0
60270,Herrick,61810,Dorset,1,Good,Good,0
60271,Heybridge,60610,Burnie,0.0358808,Good,Good,0
60271,Heybridge,60810,Central Coast (Tas.),0.9641192,Good,Good,0
60272,Highclere,60610,Burnie,1,Good,Good,0
60273,Highcroft,65210,Tasman,1,Good,Good,0
60274,Hillcrest (Tas.),60610,Burnie,1,Good,Good,0
60275,Hillwood,62210,George Town,0.9999666,Good,Good,0
60275,Hillwood,65810,West Tamar,3.34E-05,Good,Good,1
60276,Hobart,62810,Hobart,1,Good,Good,0
60277,Hollow Tree,61010,Central Highlands (Tas.),1,Good,Good,0
60278,Holwell,63810,Latrobe (Tas.),0.0001204,Good,Good,1
60278,Holwell,65810,West Tamar,0.9998796,Good,Good,0
60279,Honeywood,60410,Brighton,1,Good,Good,0
60280,Howden,63610,Kingborough,1,Good,Good,0
60281,Howrah,61410,Clarence,1,Good,Good,0
60282,Howth,60810,Central Coast (Tas.),1,Good,Good,0
60283,Huntingfield,63610,Kingborough,1,Good,Good,0
60284,Huon Island,63010,Huon Valley,1,Good,Good,0
60285,Huonville,63010,Huon Valley,1,Good,Good,0
60286,Ida Bay,63010,Huon Valley,1,Good,Good,0
60287,Interlaken,61010,Central Highlands (Tas.),0.9996024,Good,Good,0
60287,Interlaken,65010,Southern Midlands,0.0003976,Good,Good,1
60288,Invermay (Tas.),64010,Launceston,1,Good,Good,0
60289,Irishtown (Tas.),61210,Circular Head,1,Good,Good,0
60290,Jackeys Marsh,64210,Meander Valley,1,Good,Good,0
60291,Jericho (Tas.),65010,Southern Midlands,1,Good,Good,0
60292,Jetsonville,61810,Dorset,1,Good,Good,0
60293,Judbury,63010,Huon Valley,1,Good,Good,0
60294,Kamona,61810,Dorset,1,Good,Good,0
60295,Kaoota,63010,Huon Valley,0.190503,Good,Good,0
60295,Kaoota,63610,Kingborough,0.809497,Good,Good,0
60296,Karanja,61510,Derwent Valley,1,Good,Good,0
60297,Karoola,64010,Launceston,1,Good,Good,0
60298,Kayena,65810,West Tamar,1,Good,Good,0
60299,Kellevie,64810,Sorell,1,Good,Good,0
60300,Kelso (Tas.),65810,West Tamar,1,Good,Good,0
60301,Kempton,65010,Southern Midlands,1,Good,Good,0
60302,Kettering,63610,Kingborough,1,Good,Good,0
60303,Killiecrankie,62010,Flinders (Tas.),1,Good,Good,0
60304,Kimberley (Tas.),64210,Meander Valley,1,Good,Good,0
60305,Kindred,60810,Central Coast (Tas.),1,Good,Good,0
60306,Kings Meadows,64010,Launceston,1,Good,Good,0
60307,Kingston (Tas.),62810,Hobart,0.0044748,Good,Good,1
60307,Kingston (Tas.),63610,Kingborough,0.9955252,Good,Good,0
60308,Kingston Beach,63610,Kingborough,1,Good,Good,0
60309,Koonya,65210,Tasman,1,Good,Good,0
60310,Lachlan,61510,Derwent Valley,1,Good,Good,0
60311,Lackrana,62010,Flinders (Tas.),1,Good,Good,0
60312,Lady Barron,62010,Flinders (Tas.),1,Good,Good,0
60313,Lake Leake,62410,Glamorgan-Spring Bay,0.0638466,Good,Good,0
60313,Lake Leake,64610,Northern Midlands,0.9361534,Good,Good,0
60314,Lake Margaret,65610,West Coast,1,Good,Good,0
60315,Lake Sorell,61010,Central Highlands (Tas.),0.8571429,Good,Good,0
60315,Lake Sorell,64610,Northern Midlands,0.1428571,Good,Good,0
60316,Lake St Clair,61010,Central Highlands (Tas.),0.9966924,Good,Good,0
60316,Lake St Clair,64210,Meander Valley,0.0022051,Good,Good,1
60316,Lake St Clair,65610,West Coast,0.0011025,Good,Good,1
60317,Lalla,64010,Launceston,1,Good,Good,0
60318,Lanena,65810,West Tamar,1,Good,Good,0
60319,Lapoinya,65410,Waratah-Wynyard,1,Good,Good,0
60320,Latrobe,61610,Devonport,0.0013954,Good,Good,1
60320,Latrobe,63810,Latrobe (Tas.),0.9986046,Good,Good,0
60321,Lauderdale,61410,Clarence,1,Good,Good,0
60322,Launceston,64010,Launceston,1,Good,Good,0
60323,Lawitta,61510,Derwent Valley,1,Good,Good,0
60324,Lebrina,64010,Launceston,1,Good,Good,0
60325,Leeka,62010,Flinders (Tas.),1,Good,Good,0
60326,Lefroy,62210,George Town,1,Good,Good,0
60327,Legana,65810,West Tamar,1,Good,Good,0
60328,Legerwood,61810,Dorset,1,Good,Good,0
60329,Leith,60810,Central Coast (Tas.),0.8891111,Good,Good,0
60329,Leith,61610,Devonport,0.1108889,Good,Good,0
60330,Lemont,64610,Northern Midlands,0.0003839,Good,Good,1
60330,Lemont,65010,Southern Midlands,0.9996161,Good,Good,0
60331,Lenah Valley,62610,Glenorchy,0.0089126,Good,Good,1
60331,Lenah Valley,62810,Hobart,0.9910874,Good,Good,0
60332,Leslie Vale,63610,Kingborough,1,Good,Good,0
60333,Levendale,62410,Glamorgan-Spring Bay,0.1333383,Good,Good,0
60333,Levendale,65010,Southern Midlands,0.8666617,Good,Good,0
60334,Lewisham (Tas.),64810,Sorell,1,Good,Good,0
60335,Liawenee,61010,Central Highlands (Tas.),1,Good,Good,0
60336,Liena,63210,Kentish,0.0006445,Good,Good,1
60336,Liena,64210,Meander Valley,0.9993555,Good,Good,0
60337,Lietinna,61810,Dorset,1,Good,Good,0
60338,Liffey,64210,Meander Valley,0.4374961,Good,Good,0
60338,Liffey,64610,Northern Midlands,0.5625039,Good,Good,0
60339,Lileah,61210,Circular Head,1,Good,Good,0
60340,Lillico (Tas.),61610,Devonport,1,Good,Good,0
60341,Lilydale (Tas.),61810,Dorset,1.51E-05,Good,Good,1
60341,Lilydale (Tas.),64010,Launceston,0.9999849,Good,Good,0
60342,Lindisfarne,61410,Clarence,1,Good,Good,0
60343,Lisle,61810,Dorset,1,Good,Good,0
60344,Little Pine Lagoon,61010,Central Highlands (Tas.),1,Good,Good,0
60345,Little Swanport,62410,Glamorgan-Spring Bay,1,Good,Good,0
60346,Loccota,62010,Flinders (Tas.),1,Good,Good,0
60347,Loira,65810,West Tamar,1,Good,Good,0
60348,London Lakes,61010,Central Highlands (Tas.),1,Good,Good,0
60349,Long Reach,62210,George Town,1,Good,Good,0
60350,Longford (Tas.),64610,Northern Midlands,1,Good,Good,0
60351,Longley,63610,Kingborough,1,Good,Good,0
60352,Lonnavale,63010,Huon Valley,1,Good,Good,0
60353,Loongana,60810,Central Coast (Tas.),1,Good,Good,0
60354,Loorana,63410,King Island,1,Good,Good,0
60355,Lorinna,63210,Kentish,1,Good,Good,0
60356,Lottah,60210,Break O'Day,1,Good,Good,0
60357,Low Head,62210,George Town,1,Good,Good,0
60358,Lower Barrington,63210,Kentish,1,Good,Good,0
60359,Lower Beulah,63210,Kentish,1,Good,Good,0
60360,Lower Longley,63010,Huon Valley,0.2835982,Good,Good,0
60360,Lower Longley,63610,Kingborough,0.7164018,Good,Good,0
60361,Lower Marshes,61010,Central Highlands (Tas.),0.8746878,Good,Good,0
60361,Lower Marshes,65010,Southern Midlands,0.1253122,Good,Good,0
60362,Lower Snug,63610,Kingborough,1,Good,Good,0
60363,Lower Turners Marsh,62210,George Town,0.1037216,Good,Good,0
60363,Lower Turners Marsh,64010,Launceston,0.8962784,Good,Good,0
60364,Lower Wattle Grove,63010,Huon Valley,1,Good,Good,0
60365,Lower Wilmot,63210,Kentish,1,Good,Good,0
60366,Loyetea,60810,Central Coast (Tas.),1,Good,Good,0
60367,Lucaston,63010,Huon Valley,1,Good,Good,0
60368,Lughrata,62010,Flinders (Tas.),1,Good,Good,0
60369,Luina,65410,Waratah-Wynyard,1,Good,Good,0
60370,Lulworth,62210,George Town,1,Good,Good,0
60371,Lunawanna,63610,Kingborough,1,Good,Good,0
60372,Lune River,63010,Huon Valley,1,Good,Good,0
60373,Lutana,62610,Glenorchy,1,Good,Good,0
60374,Lymington,63010,Huon Valley,1,Good,Good,0
60375,Lymwood,63410,King Island,1,Good,Good,0
60376,Macquarie Heads,65610,West Coast,1,Good,Good,0
60377,Macquarie Plains,61510,Derwent Valley,1,Good,Good,0
60378,Magra,61510,Derwent Valley,0.999987,Good,Good,0
60378,Magra,65010,Southern Midlands,1.30E-05,Good,Good,1
60379,Malbina,61510,Derwent Valley,1,Good,Good,0
60380,Mangalore (Tas.),65010,Southern Midlands,1,Good,Good,0
60381,Mangana,60210,Break O'Day,1,Good,Good,0
60382,Margate (Tas.),63610,Kingborough,1,Good,Good,0
60383,Maria Island,62410,Glamorgan-Spring Bay,1,Good,Good,0
60384,Marion Bay (Tas.),64810,Sorell,1,Good,Good,0
60385,Marrawah,61210,Circular Head,1,Good,Good,0
60386,Mathinna,60210,Break O'Day,0.9999225,Good,Good,0
60386,Mathinna,61810,Dorset,7.75E-05,Good,Good,1
60387,Mawbanna,61210,Circular Head,1,Good,Good,0
60388,Mayberry,64210,Meander Valley,1,Good,Good,0
60389,Maydena,61510,Derwent Valley,1,Good,Good,0
60390,Mayfield (Tas.),64010,Launceston,1,Good,Good,0
60391,Meadowbank (Tas.),61010,Central Highlands (Tas.),1,Good,Good,0
60392,Meander,64210,Meander Valley,1,Good,Good,0
60393,Mella,61210,Circular Head,1,Good,Good,0
60394,Melrose (Tas.),61610,Devonport,1,Good,Good,0
60395,Melton Mowbray,61010,Central Highlands (Tas.),0.000147,Good,Good,1
60395,Melton Mowbray,65010,Southern Midlands,0.999853,Good,Good,0
60396,Memana,62010,Flinders (Tas.),1,Good,Good,0
60397,Mengha,61210,Circular Head,1,Good,Good,0
60398,Mersey Forest,63210,Kentish,0.5384615,Good,Good,0
60398,Mersey Forest,64210,Meander Valley,0.4615385,Good,Good,0
60399,Merseylea,63210,Kentish,0.7322635,Good,Good,0
60399,Merseylea,63810,Latrobe (Tas.),0.2677365,Good,Good,0
60400,Meunna,61210,Circular Head,0.5,Good,Good,0
60400,Meunna,65410,Waratah-Wynyard,0.5,Good,Good,0
60401,Miandetta (Tas.),61610,Devonport,1,Good,Good,0
60402,Middlesex (Tas.),60810,Central Coast (Tas.),0.0010953,Good,Good,1
60402,Middlesex (Tas.),63210,Kentish,0.9978094,Good,Good,0
60402,Middlesex (Tas.),64210,Meander Valley,0.0010953,Good,Good,1
60403,Middleton (Tas.),63010,Huon Valley,3.50E-05,Good,Good,1
60403,Middleton (Tas.),63610,Kingborough,0.999965,Good,Good,0
60404,Midway Point,64810,Sorell,1,Good,Good,0
60405,Miena,61010,Central Highlands (Tas.),1,Good,Good,0
60406,Milabena,61210,Circular Head,0.0003996,Good,Good,1
60406,Milabena,65410,Waratah-Wynyard,0.9996004,Good,Good,0
60407,Millers Bluff,61010,Central Highlands (Tas.),0.8,Good,Good,0
60407,Millers Bluff,64610,Northern Midlands,0.2,Good,Good,0
60408,Moina,63210,Kentish,1,Good,Good,0
60409,Mole Creek,63210,Kentish,1.90E-05,Good,Good,1
60409,Mole Creek,64210,Meander Valley,0.999981,Good,Good,0
60410,Molesworth (Tas.),61510,Derwent Valley,1,Good,Good,0
60411,Moltema,64210,Meander Valley,1,Good,Good,0
60412,Montagu,61210,Circular Head,1,Good,Good,0
60413,Montagu Bay,61410,Clarence,1,Good,Good,0
60414,Montana,64210,Meander Valley,1,Good,Good,0
60415,Montello,60610,Burnie,1,Good,Good,0
60416,Montrose (Tas.),62610,Glenorchy,1,Good,Good,0
60417,Montumana,61210,Circular Head,1,Good,Good,0
60418,Moogara,61510,Derwent Valley,1,Good,Good,0
60419,Moonah,62610,Glenorchy,1,Good,Good,0
60420,Mooreville,60610,Burnie,1,Good,Good,0
60421,Moorina (Tas.),61810,Dorset,1,Good,Good,0
60422,Moorleah,65410,Waratah-Wynyard,1,Good,Good,0
60423,Morass Bay,61010,Central Highlands (Tas.),1,Good,Good,0
60424,Moriarty,63810,Latrobe (Tas.),1,Good,Good,0
60425,Mornington (Tas.),61410,Clarence,1,Good,Good,0
60426,Mount Direction,62210,George Town,0.9071417,Good,Good,0
60426,Mount Direction,64010,Launceston,0.0928583,Good,Good,0
60427,Mount Field,61010,Central Highlands (Tas.),0.5,Good,Good,0
60427,Mount Field,61510,Derwent Valley,0.5,Good,Good,0
60428,Mount Hicks,65410,Waratah-Wynyard,1,Good,Good,0
60429,Mount Lloyd,61510,Derwent Valley,1,Good,Good,0
60430,Mount Nelson,62810,Hobart,1,Good,Good,0
60431,Mount Roland,63210,Kentish,0.6666667,Good,Good,0
60431,Mount Roland,64210,Meander Valley,0.3333333,Good,Good,0
60432,Mount Rumney,61410,Clarence,1,Good,Good,0
60433,Mount Seymour,65010,Southern Midlands,1,Good,Good,0
60434,Mount Stuart (Tas.),62810,Hobart,1,Good,Good,0
60435,Mount William,60210,Break O'Day,0.5333333,Good,Good,0
60435,Mount William,61810,Dorset,0.4666667,Good,Good,0
60436,Mountain River,63010,Huon Valley,1,Good,Good,0
60437,Mowbray (Tas.),64010,Launceston,1,Good,Good,0
60438,Murdunna,65210,Tasman,1,Good,Good,0
60439,Musselroe Bay,61810,Dorset,1,Good,Good,0
60440,Myalla (Tas.),65410,Waratah-Wynyard,1,Good,Good,0
60441,Myrtle Bank (Tas.),64010,Launceston,1,Good,Good,0
60442,Nabageena,61210,Circular Head,1,Good,Good,0
60443,Nabowla,61810,Dorset,1,Good,Good,0
60444,Naracoopa,63410,King Island,1,Good,Good,0
60445,National Park,61010,Central Highlands (Tas.),0.1265939,Good,Good,0
60445,National Park,61510,Derwent Valley,0.8734061,Good,Good,0
60446,Natone,60610,Burnie,1,Good,Good,0
60447,Needles,64210,Meander Valley,1,Good,Good,0
60448,Neika,63610,Kingborough,1,Good,Good,0
60449,Nelson Bay (Tas.),61210,Circular Head,1,Good,Good,0
60450,New Norfolk,61510,Derwent Valley,1,Good,Good,0
60451,New Town (Tas.),62610,Glenorchy,0.0061986,Good,Good,1
60451,New Town (Tas.),62810,Hobart,0.9938014,Good,Good,0
60452,Newnham,64010,Launceston,1,Good,Good,0
60453,Newstead (Tas.),64010,Launceston,1,Good,Good,0
60454,Nicholls Rivulet,63010,Huon Valley,1,Good,Good,0
60455,Nietta,60810,Central Coast (Tas.),1,Good,Good,0
60456,Nile,64610,Northern Midlands,1,Good,Good,0
60457,Nook,63210,Kentish,1,Good,Good,0
60458,North Bruny,63610,Kingborough,1,Good,Good,0
60459,North Hobart,62810,Hobart,1,Good,Good,0
60460,North Lilydale,61810,Dorset,0.0001219,Good,Good,1
60460,North Lilydale,64010,Launceston,0.9998781,Good,Good,0
60461,North Motton,60810,Central Coast (Tas.),1,Good,Good,0
60462,North Scottsdale,61810,Dorset,1,Good,Good,0
60463,Northdown,63810,Latrobe (Tas.),1,Good,Good,0
60464,Norwood (Tas.),64010,Launceston,1,Good,Good,0
60465,Notley Hills,65810,West Tamar,1,Good,Good,0
60466,Nowhere Else,63210,Kentish,1,Good,Good,0
60467,Nubeena,65210,Tasman,1,Good,Good,0
60468,Nugara,63410,King Island,1,Good,Good,0
60469,Nugent,62410,Glamorgan-Spring Bay,0.0518653,Good,Good,0
60469,Nugent,64810,Sorell,0.9481347,Good,Good,0
60470,Nunamara,64010,Launceston,1,Good,Good,0
60471,Oakdowns,61410,Clarence,1,Good,Good,0
60472,Oaks,64210,Meander Valley,1,Good,Good,0
60473,Oatlands (Tas.),65010,Southern Midlands,1,Good,Good,0
60474,Ocean Vista,60610,Burnie,1,Good,Good,0
60475,Old Beach,60410,Brighton,1,Good,Good,0
60476,Oldina,65410,Waratah-Wynyard,1,Good,Good,0
60477,Oonah,60610,Burnie,0.5,Good,Good,0
60477,Oonah,65410,Waratah-Wynyard,0.5,Good,Good,0
60478,Opossum Bay,61410,Clarence,1,Good,Good,0
60479,Orford (Tas.),62410,Glamorgan-Spring Bay,1,Good,Good,0
60480,Orielton,61410,Clarence,0.0974642,Good,Good,0
60480,Orielton,64810,Sorell,0.9025358,Good,Good,0
60481,Osmaston,64210,Meander Valley,1,Good,Good,0
60482,Osterley (Tas.),61010,Central Highlands (Tas.),1,Good,Good,0
60483,Otago,60410,Brighton,1.68E-05,Good,Good,1
60483,Otago,61410,Clarence,0.9999832,Good,Good,0
60484,Ouse,61010,Central Highlands (Tas.),1,Good,Good,0
60485,Oyster Cove (Tas.),63010,Huon Valley,3.04E-05,Good,Good,1
60485,Oyster Cove (Tas.),63610,Kingborough,0.9999696,Good,Good,0
60486,Palana,62010,Flinders (Tas.),1,Good,Good,0
60487,Paloona,61610,Devonport,0.892445,Good,Good,0
60487,Paloona,63210,Kentish,0.107555,Good,Good,0
60488,Paradise (Tas.),63210,Kentish,1,Good,Good,0
60489,Parattah,65010,Southern Midlands,1,Good,Good,0
60490,Park Grove,60610,Burnie,1,Good,Good,0
60491,Parkham,64210,Meander Valley,0.99991,Good,Good,0
60491,Parkham,65810,West Tamar,9.00E-05,Good,Good,1
60492,Parklands (Tas.),60610,Burnie,1,Good,Good,0
60493,Parrawe,60610,Burnie,0.25,Good,Good,0
60493,Parrawe,65410,Waratah-Wynyard,0.75,Good,Good,0
60494,Patersonia,64010,Launceston,1,Good,Good,0
60495,Pawleena,64810,Sorell,1,Good,Good,0
60496,Pawtella,65010,Southern Midlands,1,Good,Good,0
60497,Pearshape,63410,King Island,1,Good,Good,0
60498,Pegarah,63410,King Island,1,Good,Good,0
60499,Pelham (Tas.),61010,Central Highlands (Tas.),0.9995839,Good,Good,0
60499,Pelham (Tas.),65010,Southern Midlands,0.0004161,Good,Good,1
60500,Pelverata,63010,Huon Valley,1,Good,Good,0
60501,Penguin,60810,Central Coast (Tas.),1,Good,Good,0
60502,Penna,61410,Clarence,2.30E-05,Good,Good,1
60502,Penna,64810,Sorell,0.999977,Good,Good,0
60503,Perth (Tas.),64610,Northern Midlands,1,Good,Good,0
60504,Petcheys Bay,63010,Huon Valley,1,Good,Good,0
60505,Pioneer (Tas.),61810,Dorset,1,Good,Good,0
60506,Pipers Brook,61810,Dorset,9.08E-05,Good,Good,1
60506,Pipers Brook,62210,George Town,0.8723771,Good,Good,0
60506,Pipers Brook,64010,Launceston,0.127532,Good,Good,0
60507,Pipers River,62210,George Town,0.999977,Good,Good,0
60507,Pipers River,64010,Launceston,2.30E-05,Good,Good,1
60508,Plenty (Tas.),61510,Derwent Valley,1,Good,Good,0
60509,Poatina,64610,Northern Midlands,1,Good,Good,0
60510,Police Point,63010,Huon Valley,1,Good,Good,0
60511,Pontville,60410,Brighton,0.9148302,Good,Good,0
60511,Pontville,65010,Southern Midlands,0.0851698,Good,Good,0
60512,Pontypool,62410,Glamorgan-Spring Bay,1,Good,Good,0
60513,Port Arthur (Tas.),65210,Tasman,1,Good,Good,0
60514,Port Huon,63010,Huon Valley,1,Good,Good,0
60515,Port Latta,61210,Circular Head,1,Good,Good,0
60516,Port Sorell,63810,Latrobe (Tas.),1,Good,Good,0
60517,Powranna,64610,Northern Midlands,1,Good,Good,0
60518,Premaydena,65210,Tasman,1,Good,Good,0
60519,Preolenna,65410,Waratah-Wynyard,1,Good,Good,0
60520,Preservation Bay,60810,Central Coast (Tas.),1,Good,Good,0
60521,Preston (Tas.),60810,Central Coast (Tas.),1,Good,Good,0
60522,Primrose Sands,64810,Sorell,1,Good,Good,0
60523,Promised Land,63210,Kentish,1,Good,Good,0
60524,Prospect (Tas.),64010,Launceston,1,Good,Good,0
60525,Prospect Vale,64210,Meander Valley,1,Good,Good,0
60526,Punchbowl (Tas.),64010,Launceston,1,Good,Good,0
60527,Pyengana,60210,Break O'Day,1,Good,Good,0
60528,Quamby Bend,64210,Meander Valley,1,Good,Good,0
60529,Quamby Brook,64210,Meander Valley,1,Good,Good,0
60530,Queens Domain,62810,Hobart,1,Good,Good,0
60531,Queenstown (Tas.),65610,West Coast,1,Good,Good,0
60532,Quoiba,61610,Devonport,1,Good,Good,0
60533,Railton,63210,Kentish,0.9999908,Good,Good,0
60533,Railton,63810,Latrobe (Tas.),9.20E-06,Good,Good,1
60534,Raminea,63010,Huon Valley,1,Good,Good,0
60535,Randalls Bay,63010,Huon Valley,1,Good,Good,0
60536,Ranelagh,63010,Huon Valley,1,Good,Good,0
60537,Ranga,62010,Flinders (Tas.),1,Good,Good,0
60538,Ravenswood (Tas.),64010,Launceston,1,Good,Good,0
60539,Recherche,63010,Huon Valley,1,Good,Good,0
60540,Red Hills,64210,Meander Valley,1,Good,Good,0
60541,Redpa,61210,Circular Head,1,Good,Good,0
60542,Reedy Marsh,64210,Meander Valley,1,Good,Good,0
60543,Reekara,63410,King Island,1,Good,Good,0
60544,Relbia,64010,Launceston,0.881329,Good,Good,0
60544,Relbia,64610,Northern Midlands,0.118671,Good,Good,0
60545,Renison Bell,65610,West Coast,1,Good,Good,0
60546,Retreat (Tas.),62210,George Town,0.001108,Good,Good,1
60546,Retreat (Tas.),64010,Launceston,0.998892,Good,Good,0
60547,Reynolds Neck,61010,Central Highlands (Tas.),1,Good,Good,0
60548,Rheban,62410,Glamorgan-Spring Bay,1,Good,Good,0
60549,Rhyndaston,65010,Southern Midlands,1,Good,Good,0
60550,Riana,60810,Central Coast (Tas.),1,Good,Good,0
60551,Richmond (Tas.),61410,Clarence,1,Good,Good,0
60552,Ridgeway,62810,Hobart,1,Good,Good,0
60553,Ridgley,60610,Burnie,1,Good,Good,0
60554,Ringarooma,61810,Dorset,1,Good,Good,0
60555,Risdon,61410,Clarence,1,Good,Good,0
60556,Risdon Vale,61410,Clarence,1,Good,Good,0
60557,Riverside (Tas.),65810,West Tamar,1,Good,Good,0
60558,Robigana,65810,West Tamar,1,Good,Good,0
60559,Rocherlea,64010,Launceston,1,Good,Good,0
60560,Roches Beach,61410,Clarence,1,Good,Good,0
60561,Rocky Cape,61210,Circular Head,0.9999517,Good,Good,0
60561,Rocky Cape,65410,Waratah-Wynyard,4.83E-05,Good,Good,1
60562,Rocky Hills,62410,Glamorgan-Spring Bay,1,Good,Good,0
60563,Roger River,61210,Circular Head,1,Good,Good,0
60564,Rokeby (Tas.),61410,Clarence,1,Good,Good,0
60565,Roland,63210,Kentish,1,Good,Good,0
60566,Romaine,60610,Burnie,1,Good,Good,0
60567,Rose Bay (Tas.),61410,Clarence,1,Good,Good,0
60568,Rosebery (Tas.),65610,West Coast,1,Good,Good,0
60569,Rosegarland,61510,Derwent Valley,1,Good,Good,0
60570,Rosetta,62610,Glenorchy,1,Good,Good,0
60571,Rosevale (Tas.),64210,Meander Valley,0.9999243,Good,Good,0
60571,Rosevale (Tas.),65810,West Tamar,7.57E-05,Good,Good,1
60572,Rosevears,65810,West Tamar,1,Good,Good,0
60573,Rosny,61410,Clarence,1,Good,Good,0
60574,Rosny Park,61410,Clarence,1,Good,Good,0
60575,Ross (Tas.),64610,Northern Midlands,1,Good,Good,0
60576,Rossarden,64610,Northern Midlands,1,Good,Good,0
60577,Round Hill (Tas.),60610,Burnie,1,Good,Good,0
60578,Rowella,65810,West Tamar,1,Good,Good,0
60579,Royal George,60210,Break O'Day,0.0001692,Good,Good,1
60579,Royal George,62410,Glamorgan-Spring Bay,0.0005076,Good,Good,1
60579,Royal George,64610,Northern Midlands,0.9993232,Good,Good,0
60580,Runnymede (Tas.),62410,Glamorgan-Spring Bay,0.0001389,Good,Good,1
60580,Runnymede (Tas.),65010,Southern Midlands,0.9998611,Good,Good,0
60581,Rushy Lagoon,61810,Dorset,1,Good,Good,0
60582,Saltwater River,65210,Tasman,1,Good,Good,0
60583,Sandfly,63610,Kingborough,1,Good,Good,0
60584,Sandford (Tas.),61410,Clarence,1,Good,Good,0
60585,Sandy Bay,62810,Hobart,1,Good,Good,0
60586,Sassafras (Tas.),63810,Latrobe (Tas.),0.9999718,Good,Good,0
60586,Sassafras (Tas.),64210,Meander Valley,2.82E-05,Good,Good,1
60587,Savage River,65410,Waratah-Wynyard,1,Good,Good,0
60588,Scamander,60210,Break O'Day,1,Good,Good,0
60589,Schouten Island,62410,Glamorgan-Spring Bay,1,Good,Good,0
60590,Scopus,61210,Circular Head,1,Good,Good,0
60591,Scotchtown,61210,Circular Head,1,Good,Good,0
60592,Scottsdale,61810,Dorset,1,Good,Good,0
60593,Sea Elephant,63410,King Island,1,Good,Good,0
60594,Selbourne,64210,Meander Valley,0.9997185,Good,Good,0
60594,Selbourne,65810,West Tamar,0.0002815,Good,Good,1
60595,Seven Mile Beach,61410,Clarence,0.9999932,Good,Good,0
60595,Seven Mile Beach,64810,Sorell,6.80E-06,Good,Good,1
60596,Seymour (Tas.),60210,Break O'Day,1,Good,Good,0
60597,Shannon (Tas.),61010,Central Highlands (Tas.),1,Good,Good,0
60598,Shearwater,63810,Latrobe (Tas.),1,Good,Good,0
60599,Sheffield,63210,Kentish,1,Good,Good,0
60600,Shorewell Park,60610,Burnie,1,Good,Good,0
60601,Sidmouth,65810,West Tamar,1,Good,Good,0
60602,Simpsons Bay,63610,Kingborough,1,Good,Good,0
60603,Sisters Beach,65410,Waratah-Wynyard,1,Good,Good,0
60604,Sisters Creek,61210,Circular Head,6.41E-05,Good,Good,1
60604,Sisters Creek,65410,Waratah-Wynyard,0.9999359,Good,Good,0
60605,Sloping Main,65210,Tasman,1,Good,Good,0
60606,Smithton,61210,Circular Head,1,Good,Good,0
60607,Snug,63010,Huon Valley,7.00E-06,Good,Good,1
60607,Snug,63610,Kingborough,0.999993,Good,Good,0
60608,Somerset (Tas.),65410,Waratah-Wynyard,1,Good,Good,0
60609,Sorell,64810,Sorell,1,Good,Good,0
60610,Sorell Creek,61510,Derwent Valley,1,Good,Good,0
60611,South Arm (Tas.),61410,Clarence,1,Good,Good,0
60612,South Bruny,63610,Kingborough,1,Good,Good,0
60613,South Burnie,60610,Burnie,1,Good,Good,0
60614,South Forest,61210,Circular Head,1,Good,Good,0
60615,South Hobart,62810,Hobart,1,Good,Good,0
60616,South Launceston,64010,Launceston,1,Good,Good,0
60617,South Mount Cameron,61810,Dorset,1,Good,Good,0
60618,South Nietta,60810,Central Coast (Tas.),0.9988914,Good,Good,0
60618,South Nietta,63210,Kentish,0.0011086,Good,Good,1
60619,South Preston,60810,Central Coast (Tas.),1,Good,Good,0
60620,South Riana,60810,Central Coast (Tas.),1,Good,Good,0
60621,South Spreyton,63210,Kentish,1,Good,Good,0
60622,South Springfield,61810,Dorset,1,Good,Good,0
60623,Southport (Tas.),63010,Huon Valley,1,Good,Good,0
60624,Southport Lagoon,63010,Huon Valley,1,Good,Good,0
60625,Southwest,61010,Central Highlands (Tas.),0.0186335,Good,Good,0
60625,Southwest,61510,Derwent Valley,0.1863354,Good,Good,0
60625,Southwest,63010,Huon Valley,0.515528,Good,Good,0
60625,Southwest,65610,West Coast,0.2795031,Good,Good,0
60626,Spalford,60810,Central Coast (Tas.),1,Good,Good,0
60627,Sprent,60810,Central Coast (Tas.),1,Good,Good,0
60628,Spreyton,61610,Devonport,0.9220553,Good,Good,0
60628,Spreyton,63810,Latrobe (Tas.),0.0779447,Good,Good,0
60629,Spring Beach,62410,Glamorgan-Spring Bay,1,Good,Good,0
60630,Springfield (Tas.),61810,Dorset,0.9999107,Good,Good,0
60630,Springfield (Tas.),64010,Launceston,8.93E-05,Good,Good,1
60631,Squeaking Point,63810,Latrobe (Tas.),1,Good,Good,0
60632,St Helens (Tas.),60210,Break O'Day,1,Good,Good,0
60633,St Leonards (Tas.),64010,Launceston,1,Good,Good,0
60634,St Marys (Tas.),60210,Break O'Day,1,Good,Good,0
60635,Stanley (Tas.),61210,Circular Head,1,Good,Good,0
60636,Staverton,63210,Kentish,1,Good,Good,0
60637,Steppes,61010,Central Highlands (Tas.),1,Good,Good,0
60638,Stieglitz,60210,Break O'Day,1,Good,Good,0
60639,Stonehenge (Tas.),65010,Southern Midlands,1,Good,Good,0
60640,Stonor,65010,Southern Midlands,1,Good,Good,0
60641,Stony Head,62210,George Town,1,Good,Good,0
60642,Stony Rise,61610,Devonport,1,Good,Good,0
60643,Stoodley,63210,Kentish,1,Good,Good,0
60644,Stormlea,65210,Tasman,1,Good,Good,0
60645,Stowport,60610,Burnie,1,Good,Good,0
60646,Strahan,65610,West Coast,1,Good,Good,0
60647,Strathblane,63010,Huon Valley,1,Good,Good,0
60648,Strathgordon,61510,Derwent Valley,1,Good,Good,0
60649,Strickland,61010,Central Highlands (Tas.),1,Good,Good,0
60650,Strzelecki (Tas.),62010,Flinders (Tas.),1,Good,Good,0
60651,Styx,61510,Derwent Valley,1,Good,Good,0
60652,Sulphur Creek,60810,Central Coast (Tas.),1,Good,Good,0
60653,Summerhill,64010,Launceston,0.9689771,Good,Good,0
60653,Summerhill,64210,Meander Valley,0.0310229,Good,Good,0
60654,Sunnyside (Tas.),63210,Kentish,1,Good,Good,0
60655,Surges Bay,63010,Huon Valley,1,Good,Good,0
60656,Surprise Bay,63410,King Island,1,Good,Good,0
60657,Surveyors Bay,63010,Huon Valley,1,Good,Good,0
60658,Swan Bay (Tas.),64010,Launceston,1,Good,Good,0
60659,Swan Point,65810,West Tamar,1,Good,Good,0
60660,Swansea (Tas.),62410,Glamorgan-Spring Bay,1,Good,Good,0
60661,Swanston,65010,Southern Midlands,1,Good,Good,0
60662,Table Cape,65410,Waratah-Wynyard,1,Good,Good,0
60663,Takone,65410,Waratah-Wynyard,1,Good,Good,0
60664,Talawa,61810,Dorset,1,Good,Good,0
60665,Taranna,65210,Tasman,1,Good,Good,0
60666,Targa,64010,Launceston,1,Good,Good,0
60667,Tarleton,63810,Latrobe (Tas.),1,Good,Good,0
60668,Taroona,63610,Kingborough,1,Good,Good,0
60669,Tarraleah,61010,Central Highlands (Tas.),1,Good,Good,0
60670,Tayene,61810,Dorset,0.0003995,Good,Good,1
60670,Tayene,64010,Launceston,0.9996005,Good,Good,0
60671,Tea Tree,60410,Brighton,0.7775282,Good,Good,0
60671,Tea Tree,65010,Southern Midlands,0.2224718,Good,Good,0
60672,Telita,61810,Dorset,1,Good,Good,0
60673,Temma,61210,Circular Head,1,Good,Good,0
60674,Tewkesbury,60610,Burnie,1,Good,Good,0
60675,The Gardens (Tas.),60210,Break O'Day,1,Good,Good,0
60676,Thirlstane,63810,Latrobe (Tas.),1,Good,Good,0
60677,Tiberias,65010,Southern Midlands,1,Good,Good,0
60678,Tinderbox,63610,Kingborough,1,Good,Good,0
60679,Tods Corner,61010,Central Highlands (Tas.),1,Good,Good,0
60680,Togari,61210,Circular Head,1,Good,Good,0
60681,Toiberry,64610,Northern Midlands,1,Good,Good,0
60682,Tolmans Hill,62810,Hobart,1,Good,Good,0
60683,Tomahawk,61810,Dorset,1,Good,Good,0
60684,Tonganah,61810,Dorset,1,Good,Good,0
60685,Tooms Lake,62410,Glamorgan-Spring Bay,0.0012438,Good,Good,1
60685,Tooms Lake,64610,Northern Midlands,0.9987562,Good,Good,0
60686,Tranmere (Tas.),61410,Clarence,1,Good,Good,0
60687,Travellers Rest,64210,Meander Valley,1,Good,Good,0
60688,Trenah,61810,Dorset,1,Good,Good,0
60689,Trevallyn,64010,Launceston,0.4001309,Good,Good,0
60689,Trevallyn,65810,West Tamar,0.5998691,Good,Good,0
60690,Triabunna,62410,Glamorgan-Spring Bay,1,Good,Good,0
60691,Trial Harbour,65610,West Coast,1,Good,Good,0
60692,Trowutta,61210,Circular Head,1,Good,Good,0
60693,Tugrah,61610,Devonport,1,Good,Good,0
60694,Tulendeena,61810,Dorset,1,Good,Good,0
60695,Tullah,65610,West Coast,1,Good,Good,0
60696,Tunbridge,64610,Northern Midlands,0.1002748,Good,Good,0
60696,Tunbridge,65010,Southern Midlands,0.8997252,Good,Good,0
60697,Tunnack,65010,Southern Midlands,1,Good,Good,0
60698,Tunnel,64010,Launceston,1,Good,Good,0
60699,Turners Beach,60810,Central Coast (Tas.),1,Good,Good,0
60700,Turners Marsh,64010,Launceston,1,Good,Good,0
60701,Tyenna (Tas.),61510,Derwent Valley,1,Good,Good,0
60702,Ulverstone,60810,Central Coast (Tas.),1,Good,Good,0
60703,Underwood (Tas.),64010,Launceston,1,Good,Good,0
60704,Upper Blessington,60210,Break O'Day,0.0001612,Good,Good,1
60704,Upper Blessington,64010,Launceston,0.9998388,Good,Good,0
60705,Upper Burnie,60610,Burnie,1,Good,Good,0
60706,Upper Castra,60810,Central Coast (Tas.),1,Good,Good,0
60707,Upper Esk,60210,Break O'Day,0.9996003,Good,Good,0
60707,Upper Esk,61810,Dorset,0.0003997,Good,Good,1
60708,Upper Natone,60610,Burnie,1,Good,Good,0
60709,Upper Scamander,60210,Break O'Day,1,Good,Good,0
60710,Upper Stowport,60610,Burnie,1,Good,Good,0
60711,Upper Woodstock,63010,Huon Valley,1,Good,Good,0
60712,Uxbridge,61510,Derwent Valley,1,Good,Good,0
60713,Verona Sands,63010,Huon Valley,1,Good,Good,0
60714,Victoria Valley (Tas.),61010,Central Highlands (Tas.),1,Good,Good,0
60715,Waddamana,61010,Central Highlands (Tas.),1,Good,Good,0
60716,Walls Of Jerusalem,61010,Central Highlands (Tas.),0.5238095,Good,Good,0
60716,Walls Of Jerusalem,64210,Meander Valley,0.4761905,Good,Good,0
60717,Waratah (Tas.),65410,Waratah-Wynyard,1,Good,Good,0
60718,Warrane,61410,Clarence,1,Good,Good,0
60719,Warrentinna,61810,Dorset,1,Good,Good,0
60720,Waterhouse,61810,Dorset,1,Good,Good,0
60721,Waterloo (Tas.),63010,Huon Valley,1,Good,Good,0
60722,Wattle Grove (Tas.),63010,Huon Valley,1,Good,Good,0
60723,Wattle Hill (Tas.),64810,Sorell,1,Good,Good,0
60724,Waverley (Tas.),64010,Launceston,1,Good,Good,0
60725,Wayatinah,61010,Central Highlands (Tas.),1,Good,Good,0
60726,Weegena,63210,Kentish,0.0761791,Good,Good,0
60726,Weegena,64210,Meander Valley,0.9238209,Good,Good,0
60727,Weetah,64210,Meander Valley,1,Good,Good,0
60728,Weldborough,60210,Break O'Day,1,Good,Good,0
60729,Wellington Park,61510,Derwent Valley,0.2941176,Good,Good,0
60729,Wellington Park,62610,Glenorchy,0.4117647,Good,Good,0
60729,Wellington Park,62810,Hobart,0.1764706,Good,Good,0
60729,Wellington Park,63010,Huon Valley,0.0588235,Good,Good,0
60729,Wellington Park,63610,Kingborough,0.0588235,Good,Good,0
60730,Wesley Vale,63810,Latrobe (Tas.),1,Good,Good,0
60731,West Coast,61210,Circular Head,0.5291971,Good,Good,0
60731,West Coast,63210,Kentish,0.0007299,Good,Good,1
60731,West Coast,65410,Waratah-Wynyard,0.0029197,Good,Good,1
60731,West Coast,65610,West Coast,0.4671533,Good,Good,0
60732,West Hobart,62810,Hobart,1,Good,Good,0
60733,West Kentish,63210,Kentish,1,Good,Good,0
60734,West Launceston,64010,Launceston,1,Good,Good,0
60735,West Montagu,61210,Circular Head,1,Good,Good,0
60736,West Moonah,62610,Glenorchy,1,Good,Good,0
60737,West Mooreville,60610,Burnie,1,Good,Good,0
60738,West Pine,60810,Central Coast (Tas.),1,Good,Good,0
60739,West Ridgley,60610,Burnie,1,Good,Good,0
60740,West Scottsdale,61810,Dorset,1,Good,Good,0
60741,West Takone,61210,Circular Head,0.0032895,Good,Good,1
60741,West Takone,65410,Waratah-Wynyard,0.9967105,Good,Good,0
60742,West Ulverstone,60810,Central Coast (Tas.),1,Good,Good,0
60743,Westbury (Tas.),64210,Meander Valley,1,Good,Good,0
60744,Western Creek (Tas.),64210,Meander Valley,1,Good,Good,0
60745,Western Junction,64610,Northern Midlands,1,Good,Good,0
60746,Westerway,61010,Central Highlands (Tas.),0.4365847,Good,Good,0
60746,Westerway,61510,Derwent Valley,0.5634153,Good,Good,0
60747,Westwood (Tas.),64210,Meander Valley,1,Good,Good,0
60748,Weymouth,62210,George Town,1,Good,Good,0
60749,White Beach,65210,Tasman,1,Good,Good,0
60750,White Hills (Tas.),64010,Launceston,0.9117215,Good,Good,0
60750,White Hills (Tas.),64610,Northern Midlands,0.0882785,Good,Good,0
60751,Whitefoord,65010,Southern Midlands,1,Good,Good,0
60752,Whitemark,62010,Flinders (Tas.),1,Good,Good,0
60753,Whitemore,64210,Meander Valley,1,Good,Good,0
60754,Wickham (Tas.),63410,King Island,1,Good,Good,0
60755,Wilburville,61010,Central Highlands (Tas.),1,Good,Good,0
60756,Wilmot,63210,Kentish,1,Good,Good,0
60757,Wiltshire,61210,Circular Head,1,Good,Good,0
60758,Windermere (Tas.),64010,Launceston,1,Good,Good,0
60759,Wingaroo,62010,Flinders (Tas.),1,Good,Good,0
60760,Winkleigh,65810,West Tamar,1,Good,Good,0
60761,Winnaleah,61810,Dorset,1,Good,Good,0
60762,Wivenhoe,60610,Burnie,1,Good,Good,0
60763,Woodbridge (Tas.),63610,Kingborough,1,Good,Good,0
60764,Woodbury (Tas.),65010,Southern Midlands,1,Good,Good,0
60765,Woodsdale,62410,Glamorgan-Spring Bay,0.0001162,Good,Good,1
60765,Woodsdale,65010,Southern Midlands,0.9998838,Good,Good,0
60766,Woodstock (Tas.),63010,Huon Valley,1,Good,Good,0
60767,Woolnorth,61210,Circular Head,1,Good,Good,0
60768,Wyena,61810,Dorset,0.6181214,Good,Good,0
60768,Wyena,64010,Launceston,0.3818786,Good,Good,0
60769,Wynyard,65410,Waratah-Wynyard,1,Good,Good,0
60770,Yambacoona,63410,King Island,1,Good,Good,0
60771,Yarra Creek,63410,King Island,1,Good,Good,0
60772,Yolla,65410,Waratah-Wynyard,1,Good,Good,0
60773,York Plains (Tas.),65010,Southern Midlands,1,Good,Good,0
60774,York Town,63810,Latrobe (Tas.),0.0001232,Good,Good,1
60774,York Town,65810,West Tamar,0.9998768,Good,Good,0
60775,Youngtown,64010,Launceston,1,Good,Good,0
60776,Zeehan,65610,West Coast,1,Good,Good,0
69494,No usual address (Tas.),69499,No usual address (Tas.),1,Good,Good,0
69797,Migratory - Offshore - Shipping (Tas.),69799,Migratory - Offshore - Shipping (Tas.),1,Good,Good,0
70001,Acacia Hills (NT),72300,Litchfield,1,Good,Good,0
70002,Adelaide River,70700,Coomalie,1,Good,Good,0
70003,Alawa,71000,Darwin,1,Good,Good,0
70004,Ali Curung,70420,Barkly,1,Good,Good,0
70005,Alice Springs,70200,Alice Springs,1,Good,Good,0
70006,Alpurrurulam,70420,Barkly,1,Good,Good,0
70007,Alyangula,71300,East Arnhem,1.33E-05,Good,Good,1
70007,Alyangula,79399,Unincorporated NT,0.9999867,Good,Good,0
70008,Amoonguna,72330,MacDonnell,1,Good,Good,0
70009,Ampilatwatja,70420,Barkly,1,Good,Good,0
70010,Anatye,70620,Central Desert,1,Good,Good,0
70011,Angurugu,71300,East Arnhem,1,Good,Good,0
70012,Anindilyakwa,71300,East Arnhem,1,Good,Good,0
70013,Anmatjere,70420,Barkly,0.0553393,Good,Good,0
70013,Anmatjere,70620,Central Desert,0.9446607,Good,Good,0
70014,Anula,71000,Darwin,1,Good,Good,0
70015,Araluen (NT),70200,Alice Springs,1,Good,Good,0
70016,Archer,72800,Palmerston,1,Good,Good,0
70017,Areyonga,72330,MacDonnell,1,Good,Good,0
70018,Arnold (NT),73600,Roper Gulf,1,Good,Good,0
70019,Arumbera,70200,Alice Springs,1,Good,Good,0
70020,Atitjere,70620,Central Desert,1,Good,Good,0
70021,Baines,74550,Victoria Daly,1,Good,Good,0
70022,Bakewell,72800,Palmerston,1,Good,Good,0
70023,Barunga,73600,Roper Gulf,1,Good,Good,0
70024,Batchelor,70700,Coomalie,1,Good,Good,0
70025,Bayview (NT),71000,Darwin,1,Good,Good,0
70026,Bees Creek,72300,Litchfield,1,Good,Good,0
70027,Bellamack,72800,Palmerston,1,Good,Good,0
70028,Belyuen,70540,Belyuen,1,Good,Good,0
70029,Berrimah,71000,Darwin,0.6675202,Good,Good,0
70029,Berrimah,79399,Unincorporated NT,0.3324798,Good,Good,0
70030,Berry Springs,72300,Litchfield,1,Good,Good,0
70031,Beswick,73600,Roper Gulf,1,Good,Good,0
70032,Beswick Creek,73600,Roper Gulf,1,Good,Good,0
70033,Binjari,72200,Katherine,1,Good,Good,0
70034,Birdum,73600,Roper Gulf,1,Good,Good,0
70035,Black Jungle,72300,Litchfield,1,Good,Good,0
70036,Blackmore,72300,Litchfield,1,Good,Good,0
70037,Borroloola,73600,Roper Gulf,1,Good,Good,0
70038,Bradshaw,74550,Victoria Daly,1,Good,Good,0
70039,Braitling,70200,Alice Springs,1,Good,Good,0
70040,Brinkin,71000,Darwin,1,Good,Good,0
70041,Buchanan (NT),74550,Victoria Daly,1,Good,Good,0
70042,Buffalo Creek,71000,Darwin,1,Good,Good,0
70043,Bulman Weemol,73600,Roper Gulf,1,Good,Good,0
70044,Burrundie,74550,Victoria Daly,0.9987531,Good,Good,0
70044,Burrundie,79399,Unincorporated NT,0.0012469,Good,Good,1
70045,Burt Plain,72330,MacDonnell,1,Good,Good,0
70046,Bynoe,79399,Unincorporated NT,1,Good,Good,0
70047,Bynoe Harbour,79399,Unincorporated NT,1,Good,Good,0
70048,Calvert (NT),73600,Roper Gulf,1,Good,Good,0
70049,Camp Creek (NT),70700,Coomalie,1,Good,Good,0
70050,Canteen Creek,70420,Barkly,1,Good,Good,0
70051,Casuarina (NT),71000,Darwin,1,Good,Good,0
70052,Channel Island,72300,Litchfield,1,Good,Good,0
70053,Charles Darwin,71000,Darwin,0.25,Good,Good,0
70053,Charles Darwin,79399,Unincorporated NT,0.75,Good,Good,0
70054,Charlotte,79399,Unincorporated NT,1,Good,Good,0
70055,Chilla Well,70620,Central Desert,1,Good,Good,0
70056,Ciccone,70200,Alice Springs,1,Good,Good,0
70057,Claravale,72200,Katherine,0.5,Good,Good,0
70057,Claravale,74550,Victoria Daly,0.5,Good,Good,0
70058,Cobourg,74660,West Arnhem,1,Good,Good,0
70059,Coconut Grove,71000,Darwin,1,Good,Good,0
70060,Collett Creek,70700,Coomalie,1,Good,Good,0
70061,Connellan,70200,Alice Springs,1,Good,Good,0
70062,Coolalinga,72300,Litchfield,1,Good,Good,0
70063,Coomalie Creek,70700,Coomalie,1,Good,Good,0
70064,Coonawarra (NT),71000,Darwin,1,Good,Good,0
70065,Cossack (NT),72200,Katherine,1,Good,Good,0
70066,Costello,70420,Barkly,1,Good,Good,0
70067,Cox Peninsula,79399,Unincorporated NT,1,Good,Good,0
70068,Creswell,70420,Barkly,1,Good,Good,0
70069,Daguragu,74550,Victoria Daly,1,Good,Good,0
70070,Daly,72300,Litchfield,1,Good,Good,0
70071,Daly River,74550,Victoria Daly,0.9058602,Good,Good,0
70071,Daly River,79399,Unincorporated NT,0.0941398,Good,Good,0
70072,Daly Waters,73600,Roper Gulf,1,Good,Good,0
70073,Darwin City,71000,Darwin,0.9603969,Good,Good,0
70073,Darwin City,71150,Darwin Waterfront Precinct,0.0396031,Poor,Good,0
70074,Darwin River,72300,Litchfield,1,Good,Good,0
70075,Darwin River Dam,70700,Coomalie,1,Good,Good,0
70076,Davenport (NT),70420,Barkly,1,Good,Good,0
70077,Delamere (NT),74550,Victoria Daly,1,Good,Good,0
70078,Desert Springs,70200,Alice Springs,1,Good,Good,0
70079,Douglas-Daly,74550,Victoria Daly,0.0001183,Good,Good,1
70079,Douglas-Daly,79399,Unincorporated NT,0.9998817,Good,Good,0
70080,Driver,72800,Palmerston,1,Good,Good,0
70081,Dundee Beach,79399,Unincorporated NT,1,Good,Good,0
70082,Dundee Downs,79399,Unincorporated NT,1,Good,Good,0
70083,Dundee Forest,79399,Unincorporated NT,1,Good,Good,0
70084,Durack (NT),72800,Palmerston,1,Good,Good,0
70085,East Arm,79399,Unincorporated NT,1,Good,Good,0
70086,East Arnhem,71300,East Arnhem,0.9999916,Good,Good,0
70086,East Arnhem,74660,West Arnhem,8.40E-06,Good,Good,1
70087,East Point,71000,Darwin,1,Good,Good,0
70088,East Side,70200,Alice Springs,1,Good,Good,0
70089,Eaton (NT),71000,Darwin,1,Good,Good,0
70090,Edith (NT),72200,Katherine,0.9741819,Good,Good,0
70090,Edith (NT),74550,Victoria Daly,0.0258181,Good,Good,0
70091,Elliott (NT),70420,Barkly,1,Good,Good,0
70092,Elrundie,79399,Unincorporated NT,1,Good,Good,0
70093,Elsey,73600,Roper Gulf,1,Good,Good,0
70094,Emungalan,72200,Katherine,1,Good,Good,0
70095,Engawala,70620,Central Desert,1,Good,Good,0
70096,Eva Valley,70700,Coomalie,1,Good,Good,0
70097,Fannie Bay,71000,Darwin,1,Good,Good,0
70098,Farrar,72800,Palmerston,1,Good,Good,0
70099,Finke,72330,MacDonnell,1,Good,Good,0
70100,Finniss Valley,70700,Coomalie,1,Good,Good,0
70101,Florina,72200,Katherine,1,Good,Good,0
70102,Fly Creek,72300,Litchfield,1,Good,Good,0
70103,Flying Fox (NT),73600,Roper Gulf,1,Good,Good,0
70104,Flynn (NT),70200,Alice Springs,1,Good,Good,0
70105,Freds Pass,72300,Litchfield,1,Good,Good,0
70106,Galiwinku,71300,East Arnhem,1,Good,Good,0
70107,Gapuwiyak,71300,East Arnhem,1,Good,Good,0
70108,Ghan,72330,MacDonnell,1,Good,Good,0
70109,Gillen,70200,Alice Springs,1,Good,Good,0
70110,Girraween (NT),72300,Litchfield,1,Good,Good,0
70111,Glyde Point,72300,Litchfield,1,Good,Good,0
70112,Gray (NT),72800,Palmerston,1,Good,Good,0
70113,Gregory (NT),74550,Victoria Daly,1,Good,Good,0
70114,Gulung Mardrulk,73600,Roper Gulf,1,Good,Good,0
70115,Gunbalanya,74660,West Arnhem,1,Good,Good,0
70116,Gunn,72800,Palmerston,1,Good,Good,0
70117,Gunn Point,72300,Litchfield,1,Good,Good,0
70118,Gunyangara,71300,East Arnhem,1,Good,Good,0
70119,Gurindji,70620,Central Desert,0.0005549,Good,Good,1
70119,Gurindji,74550,Victoria Daly,0.9994451,Good,Good,0
70120,Haasts Bluff,72330,MacDonnell,1,Good,Good,0
70121,Hale,72330,MacDonnell,1,Good,Good,0
70122,Hart (NT),70620,Central Desert,1,Good,Good,0
70123,Herbert,72300,Litchfield,1,Good,Good,0
70124,Hermannsburg,72330,MacDonnell,1,Good,Good,0
70125,Hidden Valley (NT),71000,Darwin,0.0098684,Good,Good,1
70125,Hidden Valley (NT),79399,Unincorporated NT,0.9901316,Good,Good,0
70126,Holmes,71000,Darwin,1,Good,Good,0
70127,Holtze,72300,Litchfield,1,Good,Good,0
70128,Hotham,79399,Unincorporated NT,1,Good,Good,0
70129,Howard Springs,72300,Litchfield,1,Good,Good,0
70130,Hugh,72330,MacDonnell,1,Good,Good,0
70131,Hughes (NT),72300,Litchfield,1,Good,Good,0
70132,Humpty Doo,72300,Litchfield,1,Good,Good,0
70133,Ilparpa,70200,Alice Springs,1,Good,Good,0
70134,Imanpa,72330,MacDonnell,1,Good,Good,0
70135,Irlpme,70200,Alice Springs,1,Good,Good,0
70136,Jabiru,74660,West Arnhem,1,Good,Good,0
70137,Jilkminggan,73600,Roper Gulf,1,Good,Good,0
70138,Jingili,71000,Darwin,1,Good,Good,0
70139,Johnston,72800,Palmerston,1,Good,Good,0
70140,Kakadu,74660,West Arnhem,1,Good,Good,0
70141,Kalkarindji,74550,Victoria Daly,1,Good,Good,0
70142,Kaltukatjara,72330,MacDonnell,1,Good,Good,0
70143,Karama,71000,Darwin,1,Good,Good,0
70144,Katherine,72200,Katherine,1,Good,Good,0
70145,Katherine East,72200,Katherine,1,Good,Good,0
70146,Katherine South,72200,Katherine,1,Good,Good,0
70147,Kilgariff,70200,Alice Springs,1,Good,Good,0
70148,Kintore,72330,MacDonnell,1,Good,Good,0
70149,Knuckey Lagoon,72300,Litchfield,1,Good,Good,0
70150,Koolpinyah,72300,Litchfield,1,Good,Good,0
70151,Kunparrka,72330,MacDonnell,1,Good,Good,0
70152,Lajamanu,70620,Central Desert,0.9999848,Good,Good,0
70152,Lajamanu,74550,Victoria Daly,1.52E-05,Good,Good,1
70153,Lake Bennett,70700,Coomalie,1,Good,Good,0
70154,Lake Mackay,70620,Central Desert,0.9992867,Good,Good,0
70154,Lake Mackay,72330,MacDonnell,0.0007133,Good,Good,1
70155,Lambells Lagoon,72300,Litchfield,1,Good,Good,0
70156,Lansdowne (NT),72200,Katherine,0.9619846,Good,Good,0
70156,Lansdowne (NT),73600,Roper Gulf,0.0380154,Good,Good,0
70157,Laramba,70620,Central Desert,1,Good,Good,0
70158,Larapinta (NT),70200,Alice Springs,1,Good,Good,0
70159,Larrakeyah,71000,Darwin,1,Good,Good,0
70160,Larrimah,73600,Roper Gulf,1,Good,Good,0
70161,Leanyer,71000,Darwin,1,Good,Good,0
70162,Lee Point,71000,Darwin,1,Good,Good,0
70163,Limmen,73600,Roper Gulf,1,Good,Good,0
70164,Litchfield Park,79399,Unincorporated NT,1,Good,Good,0
70165,Livingstone,72300,Litchfield,1,Good,Good,0
70166,Lloyd Creek,72300,Litchfield,1,Good,Good,0
70167,Ludmilla,71000,Darwin,1,Good,Good,0
70168,Lyons (NT),71000,Darwin,1,Good,Good,0
70169,Malak,71000,Darwin,1,Good,Good,0
70170,Manbulloo,72200,Katherine,1,Good,Good,0
70171,Mandorah,74560,Wagait,0.8,Good,Good,0
70171,Mandorah,79399,Unincorporated NT,0.2,Good,Good,0
70172,Maningrida,74660,West Arnhem,1,Good,Good,0
70173,Manton (NT),72300,Litchfield,1,Good,Good,0
70174,Maranunga,74550,Victoria Daly,1,Good,Good,0
70175,Margaret River (NT),79399,Unincorporated NT,1,Good,Good,0
70176,Marlow Lagoon,72800,Palmerston,1,Good,Good,0
70177,Marrakai,79399,Unincorporated NT,1,Good,Good,0
70178,Marrara,71000,Darwin,1,Good,Good,0
70179,Mataranka,73600,Roper Gulf,1,Good,Good,0
70180,McArthur,73600,Roper Gulf,1,Good,Good,0
70181,McMinns Lagoon,72300,Litchfield,1,Good,Good,0
70182,Mereenie,72330,MacDonnell,1,Good,Good,0
70183,Micket Creek,72300,Litchfield,1,Good,Good,0
70184,Middle Point,72300,Litchfield,1,Good,Good,0
70185,Milikapiti,74050,Tiwi Islands,1,Good,Good,0
70186,Milingimbi,71300,East Arnhem,1,Good,Good,0
70187,Millner,71000,Darwin,1,Good,Good,0
70188,Milyakburra,71300,East Arnhem,1,Good,Good,0
70189,Miniyeri,73600,Roper Gulf,1,Good,Good,0
70190,Minjilang,74660,West Arnhem,1,Good,Good,0
70191,Mitchell (NT),72800,Palmerston,1,Good,Good,0
70192,Moil,71000,Darwin,1,Good,Good,0
70193,Moulden,72800,Palmerston,1,Good,Good,0
70194,Mount Bundey,79399,Unincorporated NT,1,Good,Good,0
70195,Mount Johns,70200,Alice Springs,1,Good,Good,0
70196,Mount Liebig,72330,MacDonnell,1,Good,Good,0
70197,Mount Zeil,72330,MacDonnell,1,Good,Good,0
70198,Muirhead,71000,Darwin,1,Good,Good,0
70199,Murrumujuk,72300,Litchfield,1,Good,Good,0
70200,Mutitjulu,72330,MacDonnell,1,Good,Good,0
70201,Nakara,71000,Darwin,1,Good,Good,0
70202,Namatjira,72330,MacDonnell,1,Good,Good,0
70203,Nauiyu,74550,Victoria Daly,1,Good,Good,0
70204,Nemarluk,74550,Victoria Daly,3.31E-05,Good,Good,1
70204,Nemarluk,74680,West Daly,0.9999669,Good,Good,0
70205,Newcastle Waters,70420,Barkly,1,Good,Good,0
70206,Nganmarriyanga,74680,West Daly,1,Good,Good,0
70207,Ngukurr,73600,Roper Gulf,1,Good,Good,0
70208,Nhulunbuy,71300,East Arnhem,0.0256959,Good,Good,0
70208,Nhulunbuy,79399,Unincorporated NT,0.9743041,Good,Good,0
70209,Nicholson (NT),70420,Barkly,1,Good,Good,0
70210,Nightcliff,71000,Darwin,1,Good,Good,0
70211,Nitmiluk,73600,Roper Gulf,1,Good,Good,0
70212,Noonamah,72300,Litchfield,1,Good,Good,0
70213,Numbulwar,73600,Roper Gulf,1,Good,Good,0
70214,Numburindi,73600,Roper Gulf,1,Good,Good,0
70215,Nyirripi,70620,Central Desert,1,Good,Good,0
70216,Palmerston City,72800,Palmerston,1,Good,Good,0
70217,Pamayu,70420,Barkly,1,Good,Good,0
70218,Papunya,72330,MacDonnell,1,Good,Good,0
70219,Parap,71000,Darwin,1,Good,Good,0
70220,Pellew Islands,73600,Roper Gulf,1,Good,Good,0
70221,Peppimenarti,74680,West Daly,1,Good,Good,0
70222,Petermann,72330,MacDonnell,1,Good,Good,0
70223,Pigeon Hole,74550,Victoria Daly,1,Good,Good,0
70224,Pine Creek (NT),74550,Victoria Daly,1,Good,Good,0
70225,Pinelands (NT),72800,Palmerston,1,Good,Good,0
70226,Pirlangimpi,74050,Tiwi Islands,1,Good,Good,0
70227,Point Stuart,79399,Unincorporated NT,1,Good,Good,0
70228,Rakula,79399,Unincorporated NT,1,Good,Good,0
70229,Ramingining,71300,East Arnhem,1,Good,Good,0
70230,Ranken,70420,Barkly,1,Good,Good,0
70231,Rapid Creek,71000,Darwin,1,Good,Good,0
70232,Robin Falls,70700,Coomalie,1,Good,Good,0
70233,Robinson River,73600,Roper Gulf,1,Good,Good,0
70234,Rosebery (NT),72800,Palmerston,1,Good,Good,0
70235,Ross (NT),70200,Alice Springs,1,Good,Good,0
70236,Rum Jungle,70700,Coomalie,1,Good,Good,0
70237,Sadadeen,70200,Alice Springs,1,Good,Good,0
70238,Sandover,70420,Barkly,0.982533,Good,Good,0
70238,Sandover,70620,Central Desert,0.017467,Good,Good,0
70239,Santa Teresa,72330,MacDonnell,1,Good,Good,0
70240,Shoal Bay (NT),72300,Litchfield,1,Good,Good,0
70241,Simpson (NT),72330,MacDonnell,1,Good,Good,0
70242,Southport (NT),72300,Litchfield,1,Good,Good,0
70243,Stapleton,70700,Coomalie,1,Good,Good,0
70244,Stuart (NT),70200,Alice Springs,1,Good,Good,0
70245,Stuart Park,71000,Darwin,1,Good,Good,0
70246,Sturt Plateau,73600,Roper Gulf,1,Good,Good,0
70247,Tablelands (NT),70420,Barkly,1,Good,Good,0
70248,Tanami (NT),70620,Central Desert,1,Good,Good,0
70249,Tanami East,70420,Barkly,1,Good,Good,0
70250,Tara (NT),70420,Barkly,1,Good,Good,0
70251,Tennant Creek,70420,Barkly,1,Good,Good,0
70252,Thamarrurr,74680,West Daly,1,Good,Good,0
70253,The Gap (NT),70200,Alice Springs,1,Good,Good,0
70254,The Gardens (NT),71000,Darwin,1,Good,Good,0
70255,The Narrows (NT),71000,Darwin,1,Good,Good,0
70256,Ti Tree,70620,Central Desert,1,Good,Good,0
70257,Timber Creek,74550,Victoria Daly,1,Good,Good,0
70258,Tindal,72200,Katherine,1,Good,Good,0
70259,Tipperary (NT),74550,Victoria Daly,1,Good,Good,0
70260,Titjikala,72330,MacDonnell,1,Good,Good,0
70261,Tivendale,79399,Unincorporated NT,1,Good,Good,0
70262,Tiwi,71000,Darwin,1,Good,Good,0
70263,Tiwi Islands,74050,Tiwi Islands,1,Good,Good,0
70264,Top Springs,74550,Victoria Daly,1,Good,Good,0
70265,Tortilla Flats,70700,Coomalie,1,Good,Good,0
70266,Tumbling Waters,72300,Litchfield,1,Good,Good,0
70267,Umbakumba,71300,East Arnhem,1,Good,Good,0
70268,Undoolya,70200,Alice Springs,1,Good,Good,0
70269,Uralla (NT),72200,Katherine,1,Good,Good,0
70270,Van Diemen Gulf,79399,Unincorporated NT,1,Good,Good,0
70271,Venn,72200,Katherine,1,Good,Good,0
70272,Vernon Islands,79399,Unincorporated NT,1,Good,Good,0
70273,Victoria River,74550,Victoria Daly,1,Good,Good,0
70274,Virginia (NT),72300,Litchfield,1,Good,Good,0
70275,Wadeye,74680,West Daly,1,Good,Good,0
70276,Wagait Beach,74560,Wagait,0.9999522,Good,Good,0
70276,Wagait Beach,79399,Unincorporated NT,4.78E-05,Good,Good,1
70277,Wagaman,71000,Darwin,1,Good,Good,0
70278,Wak Wak,72300,Litchfield,1,Good,Good,0
70279,Wallace Rockhole,72330,MacDonnell,1,Good,Good,0
70280,Wanguri,71000,Darwin,1,Good,Good,0
70281,Warruwi,74660,West Arnhem,1,Good,Good,0
70282,Warumungu,70420,Barkly,1,Good,Good,0
70283,Weddell,72300,Litchfield,1,Good,Good,0
70284,West Arnhem,71300,East Arnhem,2.55E-05,Good,Good,1
70284,West Arnhem,74660,West Arnhem,0.9999745,Good,Good,0
70285,White Gums,70200,Alice Springs,1,Good,Good,0
70286,Wickham (NT),72300,Litchfield,1,Good,Good,0
70287,Willowra,70620,Central Desert,1,Good,Good,0
70288,Wilora,70620,Central Desert,1,Good,Good,0
70289,Wilton (NT),73600,Roper Gulf,1,Good,Good,0
70290,Winnellie,71000,Darwin,1,Good,Good,0
70291,Wishart (NT),79399,Unincorporated NT,1,Good,Good,0
70292,Woodroffe,72800,Palmerston,1,Good,Good,0
70293,Woolner,71000,Darwin,1,Good,Good,0
70294,Wulagi,71000,Darwin,1,Good,Good,0
70295,Wurrumiyanga,74050,Tiwi Islands,1,Good,Good,0
70296,Wutunugurra,70420,Barkly,1,Good,Good,0
70297,Yarralin,74550,Victoria Daly,1,Good,Good,0
70298,Yarrawonga (NT),72800,Palmerston,1,Good,Good,0
70299,Yirrkala,71300,East Arnhem,1,Good,Good,0
70300,Yuelamu,70620,Central Desert,1,Good,Good,0
70301,Yuendumu,70620,Central Desert,1,Good,Good,0
70302,Yulara,79399,Unincorporated NT,1,Good,Good,0
70303,Zuccoli,72800,Palmerston,1,Good,Good,0
79494,No usual address (NT),79499,No usual address (NT),1,Good,Good,0
79797,Migratory - Offshore - Shipping (NT),79799,Migratory - Offshore - Shipping (NT),1,Good,Good,0
80001,ACT Remainder - Belconnen,89399,Unincorporated ACT,1,Good,Good,0
80002,ACT Remainder - Booth,89399,Unincorporated ACT,1,Good,Good,0
80003,ACT Remainder - Canberra Central,89399,Unincorporated ACT,1,Good,Good,0
80004,ACT Remainder - Coree,89399,Unincorporated ACT,1,Good,Good,0
80005,ACT Remainder - Cotter River,89399,Unincorporated ACT,1,Good,Good,0
80006,ACT Remainder - Gungahlin,89399,Unincorporated ACT,1,Good,Good,0
80007,ACT Remainder - Hall,89399,Unincorporated ACT,1,Good,Good,0
80008,ACT Remainder - Jerrabomberra,89399,Unincorporated ACT,1,Good,Good,0
80009,ACT Remainder - Kowen,89399,Unincorporated ACT,1,Good,Good,0
80010,ACT Remainder - Majura,89399,Unincorporated ACT,1,Good,Good,0
80011,ACT Remainder - Molonglo Valley,89399,Unincorporated ACT,1,Good,Good,0
80012,ACT Remainder - Paddys River,89399,Unincorporated ACT,1,Good,Good,0
80013,ACT Remainder - Rendezvous Creek,89399,Unincorporated ACT,1,Good,Good,0
80014,ACT Remainder - Stromlo,89399,Unincorporated ACT,1,Good,Good,0
80015,ACT Remainder - Tuggeranong,89399,Unincorporated ACT,1,Good,Good,0
80016,ACT Remainder - Weston Creek,89399,Unincorporated ACT,1,Good,Good,0
80017,Acton (ACT),89399,Unincorporated ACT,1,Good,Good,0
80018,Ainslie,89399,Unincorporated ACT,1,Good,Good,0
80019,Amaroo (ACT),89399,Unincorporated ACT,1,Good,Good,0
80020,Aranda,89399,Unincorporated ACT,1,Good,Good,0
80021,Banks,89399,Unincorporated ACT,1,Good,Good,0
80022,Barton,89399,Unincorporated ACT,1,Good,Good,0
80023,Beard,89399,Unincorporated ACT,1,Good,Good,0
80024,Belconnen,89399,Unincorporated ACT,1,Good,Good,0
80025,Bonner,89399,Unincorporated ACT,1,Good,Good,0
80026,Bonython,89399,Unincorporated ACT,1,Good,Good,0
80027,Braddon,89399,Unincorporated ACT,1,Good,Good,0
80028,Bruce (ACT),89399,Unincorporated ACT,1,Good,Good,0
80029,Calwell,89399,Unincorporated ACT,1,Good,Good,0
80030,Campbell,89399,Unincorporated ACT,1,Good,Good,0
80031,Canberra Airport,89399,Unincorporated ACT,1,Good,Good,0
80032,Capital Hill,89399,Unincorporated ACT,1,Good,Good,0
80033,Casey,89399,Unincorporated ACT,1,Good,Good,0
80034,Chapman,89399,Unincorporated ACT,1,Good,Good,0
80035,Charnwood,89399,Unincorporated ACT,1,Good,Good,0
80036,Chifley (ACT),89399,Unincorporated ACT,1,Good,Good,0
80037,Chisholm (ACT),89399,Unincorporated ACT,1,Good,Good,0
80038,City,89399,Unincorporated ACT,1,Good,Good,0
80039,Conder,89399,Unincorporated ACT,1,Good,Good,0
80040,Cook,89399,Unincorporated ACT,1,Good,Good,0
80041,Coombs,89399,Unincorporated ACT,1,Good,Good,0
80042,Crace,89399,Unincorporated ACT,1,Good,Good,0
80043,Curtin,89399,Unincorporated ACT,1,Good,Good,0
80044,Deakin,89399,Unincorporated ACT,1,Good,Good,0
80045,Denman Prospect,89399,Unincorporated ACT,1,Good,Good,0
80046,Dickson,89399,Unincorporated ACT,1,Good,Good,0
80047,Downer,89399,Unincorporated ACT,1,Good,Good,0
80048,Duffy,89399,Unincorporated ACT,1,Good,Good,0
80049,Dunlop,89399,Unincorporated ACT,1,Good,Good,0
80050,Evatt,89399,Unincorporated ACT,1,Good,Good,0
80051,Fadden,89399,Unincorporated ACT,1,Good,Good,0
80052,Farrer,89399,Unincorporated ACT,1,Good,Good,0
80053,Fisher (ACT),89399,Unincorporated ACT,1,Good,Good,0
80054,Florey,89399,Unincorporated ACT,1,Good,Good,0
80055,Flynn (ACT),89399,Unincorporated ACT,1,Good,Good,0
80056,Forde,89399,Unincorporated ACT,1,Good,Good,0
80057,Forrest (ACT),89399,Unincorporated ACT,1,Good,Good,0
80058,Franklin (ACT),89399,Unincorporated ACT,1,Good,Good,0
80059,Fraser,89399,Unincorporated ACT,1,Good,Good,0
80060,Fyshwick,89399,Unincorporated ACT,1,Good,Good,0
80061,Garran,89399,Unincorporated ACT,1,Good,Good,0
80062,Gilmore (ACT),89399,Unincorporated ACT,1,Good,Good,0
80063,Giralang,89399,Unincorporated ACT,1,Good,Good,0
80064,Gordon (ACT),89399,Unincorporated ACT,1,Good,Good,0
80065,Gowrie (ACT),89399,Unincorporated ACT,1,Good,Good,0
80066,Greenway,89399,Unincorporated ACT,1,Good,Good,0
80067,Griffith (ACT),89399,Unincorporated ACT,1,Good,Good,0
80068,Gungahlin,89399,Unincorporated ACT,1,Good,Good,0
80069,Hackett,89399,Unincorporated ACT,1,Good,Good,0
80070,Hall,89399,Unincorporated ACT,1,Good,Good,0
80071,Harrison,89399,Unincorporated ACT,1,Good,Good,0
80072,Hawker (ACT),89399,Unincorporated ACT,1,Good,Good,0
80073,Higgins,89399,Unincorporated ACT,1,Good,Good,0
80074,Holder (ACT),89399,Unincorporated ACT,1,Good,Good,0
80075,Holt,89399,Unincorporated ACT,1,Good,Good,0
80076,Hughes (ACT),89399,Unincorporated ACT,1,Good,Good,0
80077,Hume,89399,Unincorporated ACT,1,Good,Good,0
80078,Isaacs,89399,Unincorporated ACT,1,Good,Good,0
80079,Isabella Plains,89399,Unincorporated ACT,1,Good,Good,0
80080,Jacka,89399,Unincorporated ACT,1,Good,Good,0
80081,Kaleen,89399,Unincorporated ACT,1,Good,Good,0
80082,Kambah,89399,Unincorporated ACT,1,Good,Good,0
80083,Kingston (ACT),89399,Unincorporated ACT,1,Good,Good,0
80084,Latham (ACT),89399,Unincorporated ACT,1,Good,Good,0
80085,Lawson (ACT),89399,Unincorporated ACT,1,Good,Good,0
80086,Lyneham,89399,Unincorporated ACT,1,Good,Good,0
80087,Lyons (ACT),89399,Unincorporated ACT,1,Good,Good,0
80088,Macarthur (ACT),89399,Unincorporated ACT,1,Good,Good,0
80089,Macgregor (ACT),89399,Unincorporated ACT,1,Good,Good,0
80090,Macnamara,89399,Unincorporated ACT,1,Good,Good,0
80091,Macquarie,89399,Unincorporated ACT,1,Good,Good,0
80092,Mawson,89399,Unincorporated ACT,1,Good,Good,0
80093,McKellar,89399,Unincorporated ACT,1,Good,Good,0
80094,Melba,89399,Unincorporated ACT,1,Good,Good,0
80095,Mitchell (ACT),89399,Unincorporated ACT,1,Good,Good,0
80096,Molonglo,89399,Unincorporated ACT,1,Good,Good,0
80097,Monash (ACT),89399,Unincorporated ACT,1,Good,Good,0
80098,Moncrieff,89399,Unincorporated ACT,1,Good,Good,0
80099,Narrabundah,89399,Unincorporated ACT,1,Good,Good,0
80100,Ngunnawal,89399,Unincorporated ACT,1,Good,Good,0
80101,Nicholls,89399,Unincorporated ACT,1,Good,Good,0
80102,O'Connor (ACT),89399,Unincorporated ACT,1,Good,Good,0
80103,O'Malley,89399,Unincorporated ACT,1,Good,Good,0
80104,Oaks Estate,89399,Unincorporated ACT,1,Good,Good,0
80105,Oxley (ACT),89399,Unincorporated ACT,1,Good,Good,0
80106,Page,89399,Unincorporated ACT,1,Good,Good,0
80107,Palmerston (ACT),89399,Unincorporated ACT,1,Good,Good,0
80108,Parkes (ACT),89399,Unincorporated ACT,1,Good,Good,0
80109,Pearce,89399,Unincorporated ACT,1,Good,Good,0
80110,Phillip,89399,Unincorporated ACT,1,Good,Good,0
80111,Pialligo,89399,Unincorporated ACT,1,Good,Good,0
80112,Red Hill (ACT),89399,Unincorporated ACT,1,Good,Good,0
80113,Reid (ACT),89399,Unincorporated ACT,1,Good,Good,0
80114,Richardson,89399,Unincorporated ACT,1,Good,Good,0
80115,Rivett,89399,Unincorporated ACT,1,Good,Good,0
80116,Russell,89399,Unincorporated ACT,1,Good,Good,0
80117,Scullin,89399,Unincorporated ACT,1,Good,Good,0
80118,Spence (ACT),89399,Unincorporated ACT,1,Good,Good,0
80119,Stirling (ACT),89399,Unincorporated ACT,1,Good,Good,0
80120,Strathnairn,89399,Unincorporated ACT,1,Good,Good,0
80121,Symonston,89399,Unincorporated ACT,1,Good,Good,0
80122,Taylor,89399,Unincorporated ACT,1,Good,Good,0
80123,Tharwa,89399,Unincorporated ACT,1,Good,Good,0
80124,Theodore (ACT),89399,Unincorporated ACT,1,Good,Good,0
80125,Throsby,89399,Unincorporated ACT,1,Good,Good,0
80126,Torrens,89399,Unincorporated ACT,1,Good,Good,0
80127,Turner,89399,Unincorporated ACT,1,Good,Good,0
80128,Uriarra Village,89399,Unincorporated ACT,1,Good,Good,0
80129,Wanniassa,89399,Unincorporated ACT,1,Good,Good,0
80130,Waramanga,89399,Unincorporated ACT,1,Good,Good,0
80131,Watson,89399,Unincorporated ACT,1,Good,Good,0
80132,Weetangera,89399,Unincorporated ACT,1,Good,Good,0
80133,Weston (ACT),89399,Unincorporated ACT,1,Good,Good,0
80134,Whitlam,89399,Unincorporated ACT,1,Good,Good,0
80135,Wright,89399,Unincorporated ACT,1,Good,Good,0
80136,Yarralumla,89399,Unincorporated ACT,1,Good,Good,0
89494,No usual address (ACT),89499,No usual address (ACT),1,Good,Good,0
89797,Migratory - Offshore - Shipping (ACT),89799,Migratory - Offshore - Shipping (ACT),1,Good,Good,0
90001,Christmas Island,51710,Christmas Island,1,Good,Good,0
90002,Home Island,51860,Cocos Islands,1,Good,Good,0
90003,Jervis Bay,99399,Unincorp. Other Territories,1,Good,Good,0
90004,Norfolk Island,99399,Unincorp. Other Territories,1,Good,Good,0
90005,West Island,51860,Cocos Islands,1,Good,Good,0
99494,No usual address (OT),99499,No usual address (OT),1,Good,Good,0
99797,Migratory - Offshore - Shipping (OT),99799,Migratory - Offshore - Shipping (OT),1,Good,Good,0
ZZZZZ,Outside Australia,ZZZZZ,Outside Australia,1,Good,Good,0
